Brand|Model|Variant|Storage|RAM|Upto Price|Market|Source|Source URL|Notes
Apple|iPhone 11|64 GB|64 GB|—|₹11,230|India|Dofy.in|https://www.dofy.in/in-en/india/sell-old-phone/apple/apple-iphone-11|Verified
Apple|iPhone 11|128 GB|128 GB|—|₹12,090|India|Dofy.in|https://www.dofy.in/in-en/india/sell-old-phone/apple/apple-iphone-11|Verified
Apple|iPhone 11|256 GB|256 GB|—|₹13,820|India|Dofy.in|https://www.dofy.in/in-en/india/sell-old-phone/apple/apple-iphone-11|Verified
Apple|iPhone 11 Pro|64 GB|64 GB|—|₹16,110|India|Dofy.in|https://www.dofy.in/in-en/india/sell-old-phone/apple/apple-iphone-11-pro|Verified
Apple|iPhone 11 Pro|256 GB|256 GB|—|₹16,520|India|Dofy.in|https://www.dofy.in/in-en/india/sell-old-phone/apple/apple-iphone-11-pro|Verified
Apple|iPhone 11 Pro|512 GB|512 GB|—|₹17,170|India|Dofy.in|https://www.dofy.in/in-en/india/sell-old-phone/apple/apple-iphone-11-pro|Verified
Apple|iPhone 11 Pro Max|64 GB|64 GB|—|₹17,190|India|Dofy.in|https://www.dofy.in/in-en/india/sell-old-phone/apple/apple-iphone-11-pro-max|Verified
Apple|iPhone 11 Pro Max|256 GB|256 GB|—|₹18,780|India|Dofy.in|https://www.dofy.in/in-en/india/sell-old-phone/apple/apple-iphone-11-pro-max|Verified
Apple|iPhone 11 Pro Max|512 GB|512 GB|—|₹19,340|India|Dofy.in|https://www.dofy.in/in-en/india/sell-old-phone/apple/apple-iphone-11-pro-max|Verified
Apple|iPhone 12|64 GB|64 GB|—|₹16,160|India|Dofy.in|https://www.dofy.in/in-en/india/sell-old-phone/apple/apple-iphone-12|Verified
Apple|iPhone 12|128 GB|128 GB|—|₹17,270|India|Dofy.in|https://www.dofy.in/in-en/india/sell-old-phone/apple/apple-iphone-12|Verified
Apple|iPhone 12|256 GB|256 GB|—|₹18,070|India|Dofy.in|https://www.dofy.in/in-en/india/sell-old-phone/apple/apple-iphone-12|Verified
Apple|iPhone 12 Mini|64 GB|64 GB|—|₹13,430|India|Dofy.in|https://www.dofy.in/in-en/india/sell-old-phone/apple/apple-iphone-12-mini|Verified
Apple|iPhone 12 Mini|128 GB|128 GB|—|₹14,230|India|Dofy.in|https://www.dofy.in/in-en/india/sell-old-phone/apple/apple-iphone-12-mini|Verified
Apple|iPhone 12 Mini|256 GB|256 GB|—|₹14,630|India|Dofy.in|https://www.dofy.in/in-en/india/sell-old-phone/apple/apple-iphone-12-mini|Verified
Apple|iPhone 12 Pro|128 GB|128 GB|—|₹28,410|India|Dofy.in|https://www.dofy.in/in-en/india/sell-old-phone/apple/apple-iphone-12-pro|Verified
Apple|iPhone 12 Pro|256 GB|256 GB|—|₹29,410|India|Dofy.in|https://www.dofy.in/in-en/india/sell-old-phone/apple/apple-iphone-12-pro|Verified
Apple|iPhone 12 Pro|512 GB|512 GB|—|₹30,420|India|Dofy.in|https://www.dofy.in/in-en/india/sell-old-phone/apple/apple-iphone-12-pro|Verified
Apple|iPhone 12 Pro Max|128 GB|128 GB|—|₹30,330|India|Dofy.in|https://www.dofy.in/in-en/india/sell-old-phone/apple/apple-iphone-12-pro-max|Verified
Apple|iPhone 12 Pro Max|256 GB|256 GB|—|₹33,250|India|Dofy.in|https://www.dofy.in/in-en/india/sell-old-phone/apple/apple-iphone-12-pro-max|Verified
Apple|iPhone 12 Pro Max|512 GB|512 GB|—|₹34,270|India|Dofy.in|https://www.dofy.in/in-en/india/sell-old-phone/apple/apple-iphone-12-pro-max|Verified
Apple|iPhone 13|128 GB|128 GB|—|₹28,010|India|Dofy.in|https://www.dofy.in/in-en/india/sell-old-phone/apple/apple-iphone-13|Verified
Apple|iPhone 13|256 GB|256 GB|—|₹29,430|India|Dofy.in|https://www.dofy.in/in-en/india/sell-old-phone/apple/apple-iphone-13|Verified
Apple|iPhone 13|512 GB|512 GB|—|₹30,850|India|Dofy.in|https://www.dofy.in/in-en/india/sell-old-phone/apple/apple-iphone-13|Verified
Apple|iPhone 13 Mini|128 GB|128 GB|—|₹25,470|India|Dofy.in|https://www.dofy.in/in-en/india/sell-old-phone/apple/apple-iphone-13-mini|Verified
Apple|iPhone 13 Mini|256 GB|256 GB|—|₹26,910|India|Dofy.in|https://www.dofy.in/in-en/india/sell-old-phone/apple/apple-iphone-13-mini|Verified
Apple|iPhone 13 Mini|512 GB|512 GB|—|₹27,290|India|Dofy.in|https://www.dofy.in/in-en/india/sell-old-phone/apple/apple-iphone-13-mini|Verified
Apple|iPhone 13 Pro|128 GB|128 GB|—|₹38,100|India|Dofy.in|https://www.dofy.in/in-en/india/sell-old-phone/apple/apple-iphone-13-pro|Verified
Apple|iPhone 13 Pro|256 GB|256 GB|—|₹38,770|India|Dofy.in|https://www.dofy.in/in-en/india/sell-old-phone/apple/apple-iphone-13-pro|Verified
Apple|iPhone 13 Pro|512 GB|512 GB|—|₹39,250|India|Dofy.in|https://www.dofy.in/in-en/india/sell-old-phone/apple/apple-iphone-13-pro|Verified
Apple|iPhone 13 Pro|1 TB|1 TB|—|₹40,110|India|Dofy.in|https://www.dofy.in/in-en/india/sell-old-phone/apple/apple-iphone-13-pro|Verified
Apple|iPhone 13 Pro Max|128 GB|128 GB|—|₹40,010|India|Dofy.in|https://www.dofy.in/in-en/india/sell-old-phone/apple/apple-iphone-13-pro-max|Verified
Apple|iPhone 13 Pro Max|256 GB|256 GB|—|₹41,160|India|Dofy.in|https://www.dofy.in/in-en/india/sell-old-phone/apple/apple-iphone-13-pro-max|Verified
Apple|iPhone 13 Pro Max|512 GB|512 GB|—|₹43,420|India|Dofy.in|https://www.dofy.in/in-en/india/sell-old-phone/apple/apple-iphone-13-pro-max|Verified
Apple|iPhone 13 Pro Max|1 TB|1 TB|—|₹44,140|India|Dofy.in|https://www.dofy.in/in-en/india/sell-old-phone/apple/apple-iphone-13-pro-max|Verified
Apple|iPhone 14|128 GB|128 GB|—|₹33,870|India|Dofy.in|https://www.dofy.in/in-en/india/sell-old-phone/apple/apple-iphone-14|Verified
Apple|iPhone 14|256 GB|256 GB|—|₹35,300|India|Dofy.in|https://www.dofy.in/in-en/india/sell-old-phone/apple/apple-iphone-14|Verified
Apple|iPhone 14|512 GB|512 GB|—|₹36,370|India|Dofy.in|https://www.dofy.in/in-en/india/sell-old-phone/apple/apple-iphone-14|Verified
Apple|iPhone 14 Plus|128 GB|128 GB|—|₹37,420|India|Dofy.in|https://www.dofy.in/in-en/india/sell-old-phone/apple/apple-iphone-14-plus|Verified
Apple|iPhone 14 Plus|256 GB|256 GB|—|₹37,900|India|Dofy.in|https://www.dofy.in/in-en/india/sell-old-phone/apple/apple-iphone-14-plus|Verified
Apple|iPhone 14 Plus|512 GB|512 GB|—|₹38,670|India|Dofy.in|https://www.dofy.in/in-en/india/sell-old-phone/apple/apple-iphone-14-plus|Verified
Apple|iPhone 14 Pro|128 GB|128 GB|—|₹53,810|India|Dofy.in|https://www.dofy.in/in-en/india/sell-old-phone/apple/apple-iphone-14-pro|Verified
Apple|iPhone 14 Pro|256 GB|256 GB|—|₹56,010|India|Dofy.in|https://www.dofy.in/in-en/india/sell-old-phone/apple/apple-iphone-14-pro|Verified
Apple|iPhone 14 Pro|512 GB|512 GB|—|₹56,870|India|Dofy.in|https://www.dofy.in/in-en/india/sell-old-phone/apple/apple-iphone-14-pro|Verified
Apple|iPhone 14 Pro|1 TB|1 TB|—|₹57,540|India|Dofy.in|https://www.dofy.in/in-en/india/sell-old-phone/apple/apple-iphone-14-pro|Verified
Apple|iPhone 14 Pro Max|128 GB|128 GB|—|₹56,680|India|Dofy.in|https://www.dofy.in/in-en/india/sell-old-phone/apple/apple-iphone-14-pro-max|Verified
Apple|iPhone 14 Pro Max|256 GB|256 GB|—|₹61,190|India|Dofy.in|https://www.dofy.in/in-en/india/sell-old-phone/apple/apple-iphone-14-pro-max|Verified
Apple|iPhone 14 Pro Max|512 GB|512 GB|—|₹60,230|India|Dofy.in|https://www.dofy.in/in-en/india/sell-old-phone/apple/apple-iphone-14-pro-max|Verified
Apple|iPhone 14 Pro Max|1 TB|1 TB|—|₹61,960|India|Dofy.in|https://www.dofy.in/in-en/india/sell-old-phone/apple/apple-iphone-14-pro-max|Verified
Apple|iPhone 15|128 GB|128 GB|—|₹39,100|India|Dofy.in|https://www.dofy.in/in-en/india/sell-old-phone/apple/apple-iphone-15|Verified
Apple|iPhone 15|256 GB|256 GB|—|₹44,170|India|Dofy.in|https://www.dofy.in/in-en/india/sell-old-phone/apple/apple-iphone-15|Verified
Apple|iPhone 15|512 GB|512 GB|—|₹44,790|India|Dofy.in|https://www.dofy.in/in-en/india/sell-old-phone/apple/apple-iphone-15|Verified
Apple|iPhone 15 Plus|128 GB|128 GB|—|₹45,420|India|Dofy.in|https://www.dofy.in/in-en/india/sell-old-phone/apple/apple-iphone-15-plus|Verified
Apple|iPhone 15 Plus|256 GB|256 GB|—|₹47,620|India|Dofy.in|https://www.dofy.in/in-en/india/sell-old-phone/apple/apple-iphone-15-plus|Verified
Apple|iPhone 15 Plus|512 GB|512 GB|—|₹47,930|India|Dofy.in|https://www.dofy.in/in-en/india/sell-old-phone/apple/apple-iphone-15-plus|Verified
Apple|iPhone 15 Pro|128 GB|128 GB|—|₹62,130|India|Dofy.in|https://www.dofy.in/in-en/india/sell-old-phone/apple/apple-iphone-15-pro|Verified
Apple|iPhone 15 Pro|256 GB|256 GB|—|₹65,240|India|Dofy.in|https://www.dofy.in/in-en/india/sell-old-phone/apple/apple-iphone-15-pro|Verified
Apple|iPhone 15 Pro|512 GB|512 GB|—|₹65,810|India|Dofy.in|https://www.dofy.in/in-en/india/sell-old-phone/apple/apple-iphone-15-pro|Verified
Apple|iPhone 15 Pro|1 TB|1 TB|—|₹66,480|India|Dofy.in|https://www.dofy.in/in-en/india/sell-old-phone/apple/apple-iphone-15-pro|Verified
Apple|iPhone 15 Pro Max|256 GB|256 GB|—|₹74,120|India|Dofy.in|https://www.dofy.in/in-en/india/sell-old-phone/apple/apple-iphone-15-pro-max|Verified
Apple|iPhone 15 Pro Max|512 GB|512 GB|—|₹74,710|India|Dofy.in|https://www.dofy.in/in-en/india/sell-old-phone/apple/apple-iphone-15-pro-max|Verified
Apple|iPhone 15 Pro Max|1 TB|1 TB|—|₹75,380|India|Dofy.in|https://www.dofy.in/in-en/india/sell-old-phone/apple/apple-iphone-15-pro-max|Verified
Apple|iPhone 16|128 GB|128 GB|—|₹52,440|India|Dofy.in|https://www.dofy.in/in-en/india/sell-old-phone/apple/apple-iphone-16|Verified
Apple|iPhone 16|256 GB|256 GB|—|₹54,880|India|Dofy.in|https://www.dofy.in/in-en/india/sell-old-phone/apple/apple-iphone-16|Verified
Apple|iPhone 16|512 GB|512 GB|—|₹55,830|India|Dofy.in|https://www.dofy.in/in-en/india/sell-old-phone/apple/apple-iphone-16|Verified
Apple|iPhone 16 Plus|128 GB|128 GB|—|₹53,170|India|Dofy.in|https://www.dofy.in/in-en/india/sell-old-phone/apple/apple-iphone-16-plus|Verified
Apple|iPhone 16 Plus|256 GB|256 GB|—|₹53,650|India|Dofy.in|https://www.dofy.in/in-en/india/sell-old-phone/apple/apple-iphone-16-plus|Verified
Apple|iPhone 16 Plus|512 GB|512 GB|—|₹54,610|India|Dofy.in|https://www.dofy.in/in-en/india/sell-old-phone/apple/apple-iphone-16-plus|Verified
Apple|iPhone 16 Pro|128 GB|128 GB|—|₹73,970|India|Dofy.in|https://www.dofy.in/in-en/india/sell-old-phone/apple/apple-iphone-16-pro|Verified
Apple|iPhone 16 Pro|256 GB|256 GB|—|₹77,170|India|Dofy.in|https://www.dofy.in/in-en/india/sell-old-phone/apple/apple-iphone-16-pro|Verified
Apple|iPhone 16 Pro|512 GB|512 GB|—|₹79,110|India|Dofy.in|https://www.dofy.in/in-en/india/sell-old-phone/apple/apple-iphone-16-pro|Verified
Apple|iPhone 16 Pro|1 TB|1 TB|—|₹80,470|India|Dofy.in|https://www.dofy.in/in-en/india/sell-old-phone/apple/apple-iphone-16-pro|Verified
Apple|iPhone 16 Pro Max|256 GB|256 GB|—|₹86,000|India|Dofy.in|https://www.dofy.in/in-en/india/sell-old-phone/apple/apple-iphone-16-pro-max|Verified
Apple|iPhone 16 Pro Max|512 GB|512 GB|—|₹87,940|India|Dofy.in|https://www.dofy.in/in-en/india/sell-old-phone/apple/apple-iphone-16-pro-max|Verified
Apple|iPhone 16 Pro Max|1 TB|1 TB|—|₹90,850|India|Dofy.in|https://www.dofy.in/in-en/india/sell-old-phone/apple/apple-iphone-16-pro-max|Verified
Apple|iPhone 16e|128 GB|128 GB|—|₹31,760|India|Dofy.in|https://www.dofy.in/in-en/india/sell-old-phone/apple/apple-iphone-16e|Verified
Apple|iPhone 16e|256 GB|256 GB|—|₹36,020|India|Dofy.in|https://www.dofy.in/in-en/india/sell-old-phone/apple/apple-iphone-16e|Verified
Apple|iPhone 16e|512 GB|512 GB|—|₹38,740|India|Dofy.in|https://www.dofy.in/in-en/india/sell-old-phone/apple/apple-iphone-16e|Verified
Apple|iPhone 17|256 GB|256 GB|—|₹63,800|India|Dofy.in|https://www.dofy.in/in-en/india/sell-old-phone/apple/apple-iphone-17|Verified
Apple|iPhone 17|512 GB|512 GB|—|₹67,620|India|Dofy.in|https://www.dofy.in/in-en/india/sell-old-phone/apple/apple-iphone-17|Verified
Apple|iPhone 17 Pro|256 GB|256 GB|—|₹102,500|India|Dofy.in|https://www.dofy.in/in-en/india/sell-old-phone/apple/apple-iphone-17-pro|Verified
Apple|iPhone 17 Pro|512 GB|512 GB|—|₹108,500|India|Dofy.in|https://www.dofy.in/in-en/india/sell-old-phone/apple/apple-iphone-17-pro|Verified
Apple|iPhone 17 Pro|1 TB|1 TB|—|₹110,500|India|Dofy.in|https://www.dofy.in/in-en/india/sell-old-phone/apple/apple-iphone-17-pro|Verified
Apple|iPhone 17 Pro Max|256 GB|256 GB|—|₹110,500|India|Dofy.in|https://www.dofy.in/in-en/india/sell-old-phone/apple/apple-iphone-17-pro-max|Verified
Apple|iPhone 17 Pro Max|512 GB|512 GB|—|₹117,500|India|Dofy.in|https://www.dofy.in/in-en/india/sell-old-phone/apple/apple-iphone-17-pro-max|Verified
Apple|iPhone 17 Pro Max|1 TB|1 TB|—|₹120,000|India|Dofy.in|https://www.dofy.in/in-en/india/sell-old-phone/apple/apple-iphone-17-pro-max|Verified
Apple|iPhone 17 Pro Max|2 TB|2 TB|—|₹124,500|India|Dofy.in|https://www.dofy.in/in-en/india/sell-old-phone/apple/apple-iphone-17-pro-max|Verified
Apple|iPhone 17e|256 GB|256 GB|—|₹42,620|India|Dofy.in|https://www.dofy.in/in-en/india/sell-old-phone/apple/apple-iphone-17e|Verified
Apple|iPhone 17e|512 GB|512 GB|—|₹55,420|India|Dofy.in|https://www.dofy.in/in-en/india/sell-old-phone/apple/apple-iphone-17e|Verified
Apple|iPhone 18 Pro|256 GB|256 GB|—|₹107,000|India|Dofy.in|https://www.dofy.in/in-en/india/sell-old-phone/apple/apple-iphone-18-pro|Verified
Apple|iPhone 18 Pro|512 GB|512 GB|—|₹123,400|India|Dofy.in|https://www.dofy.in/in-en/india/sell-old-phone/apple/apple-iphone-18-pro|Verified
Apple|iPhone 18 Pro|1 TB|1 TB|—|₹155,000|India|Dofy.in|https://www.dofy.in/in-en/india/sell-old-phone/apple/apple-iphone-18-pro|Verified
Apple|iPhone 18 Pro|2 TB|2 TB|—|₹204,500|India|Dofy.in|https://www.dofy.in/in-en/india/sell-old-phone/apple/apple-iphone-18-pro|Verified
Apple|iPhone 18 Pro Max|256 GB|256 GB|—|₹107,000|India|Dofy.in|https://www.dofy.in/in-en/india/sell-old-phone/apple/apple-iphone-18-pro-max|Verified
Apple|iPhone 18 Pro Max|512 GB|512 GB|—|₹123,500|India|Dofy.in|https://www.dofy.in/in-en/india/sell-old-phone/apple/apple-iphone-18-pro-max|Verified
Apple|iPhone 18 Pro Max|1 TB|1 TB|—|₹156,000|India|Dofy.in|https://www.dofy.in/in-en/india/sell-old-phone/apple/apple-iphone-18-pro-max|Verified
Apple|iPhone 18 Pro Max|2 TB|2 TB|—|₹214,500|India|Dofy.in|https://www.dofy.in/in-en/india/sell-old-phone/apple/apple-iphone-18-pro-max|Verified
Apple|iPhone Air|256 GB|256 GB|—|₹62,500|India|Dofy.in|https://www.dofy.in/in-en/india/sell-old-phone/apple/apple-iphone-air|Verified
Apple|iPhone Air|512 GB|512 GB|—|₹69,500|India|Dofy.in|https://www.dofy.in/in-en/india/sell-old-phone/apple/apple-iphone-air|Verified
Apple|iPhone Air|1 TB|1 TB|—|₹80,500|India|Dofy.in|https://www.dofy.in/in-en/india/sell-old-phone/apple/apple-iphone-air|Verified
Apple|iPhone Duo|256 GB|256 GB|—|₹194,000|India|Dofy.in|https://www.dofy.in/in-en/india/sell-old-phone/apple/apple-iphone-duo|Verified
Apple|iPhone Duo|512 GB|512 GB|—|₹211,000|India|Dofy.in|https://www.dofy.in/in-en/india/sell-old-phone/apple/apple-iphone-duo|Verified
Apple|iPhone Duo|1 TB|1 TB|—|₹243,000|India|Dofy.in|https://www.dofy.in/in-en/india/sell-old-phone/apple/apple-iphone-duo|Verified
Apple|iPhone Duo|2 TB|2 TB|—|₹292,000|India|Dofy.in|https://www.dofy.in/in-en/india/sell-old-phone/apple/apple-iphone-duo|Verified
Apple|iPhone SE 2020|64 GB|64 GB|—|₹7,370|India|Dofy.in|https://www.dofy.in/in-en/india/sell-old-phone/apple/apple-iphone-se-2020|Verified
Apple|iPhone SE 2020|128 GB|128 GB|—|₹7,520|India|Dofy.in|https://www.dofy.in/in-en/india/sell-old-phone/apple/apple-iphone-se-2020|Verified
Apple|iPhone SE 2022|64 GB|64 GB|—|₹14,210|India|Dofy.in|https://www.dofy.in/in-en/india/sell-old-phone/apple/apple-iphone-se-2022|Verified
Apple|iPhone SE 2022|128 GB|128 GB|—|₹14,660|India|Dofy.in|https://www.dofy.in/in-en/india/sell-old-phone/apple/apple-iphone-se-2022|Verified
Apple|iPhone SE 2022|256 GB|256 GB|—|₹15,700|India|Dofy.in|https://www.dofy.in/in-en/india/sell-old-phone/apple/apple-iphone-se-2022|Verified
Apple|iPhone X|64 GB|64 GB|—|₹7,920|India|Dofy.in|https://www.dofy.in/in-en/india/sell-old-phone/apple/apple-iphone-x|Verified
Apple|iPhone X|256 GB|256 GB|—|₹8,700|India|Dofy.in|https://www.dofy.in/in-en/india/sell-old-phone/apple/apple-iphone-x|Verified
Apple|iPhone XR|64 GB|64 GB|—|₹9,630|India|Dofy.in|https://www.dofy.in/in-en/india/sell-old-phone/apple/apple-iphone-xr|Verified
Apple|iPhone XR|128 GB|128 GB|—|₹9,830|India|Dofy.in|https://www.dofy.in/in-en/india/sell-old-phone/apple/apple-iphone-xr|Verified
Apple|iPhone XR|256 GB|256 GB|—|₹10,160|India|Dofy.in|https://www.dofy.in/in-en/india/sell-old-phone/apple/apple-iphone-xr|Verified
Apple|iPhone XS|64 GB|64 GB|—|₹9,870|India|Dofy.in|https://www.dofy.in/in-en/india/sell-old-phone/apple/apple-iphone-xs|Verified
Apple|iPhone XS|256 GB|256 GB|—|₹10,840|India|Dofy.in|https://www.dofy.in/in-en/india/sell-old-phone/apple/apple-iphone-xs|Verified
Apple|iPhone XS|512 GB|512 GB|—|₹12,000|India|Dofy.in|https://www.dofy.in/in-en/india/sell-old-phone/apple/apple-iphone-xs|Verified
Apple|iPhone XS Max|64 GB|64 GB|—|₹11,340|India|Dofy.in|https://www.dofy.in/in-en/india/sell-old-phone/apple/apple-iphone-xs-max|Verified
Apple|iPhone XS Max|256 GB|256 GB|—|₹12,170|India|Dofy.in|https://www.dofy.in/in-en/india/sell-old-phone/apple/apple-iphone-xs-max|Verified
Apple|iPhone XS Max|512 GB|512 GB|—|₹12,580|India|Dofy.in|https://www.dofy.in/in-en/india/sell-old-phone/apple/apple-iphone-xs-max|Verified
Asus|6Z|64 GB / 6 GB RAM|64 GB|6 GB|₹3,060|India|Dofy.in|https://www.dofy.in/in-en/india/sell-old-phone/asus/asus-6z|Verified
Asus|6Z|128 GB / 6 GB RAM|128 GB|6 GB|₹3,280|India|Dofy.in|https://www.dofy.in/in-en/india/sell-old-phone/asus/asus-6z|Verified
Asus|6Z|256 GB / 8 GB RAM|256 GB|8 GB|₹3,510|India|Dofy.in|https://www.dofy.in/in-en/india/sell-old-phone/asus/asus-6z|Verified
Asus|8Z|128 GB / 8 GB RAM|128 GB|8 GB|₹7,440|India|Dofy.in|https://www.dofy.in/in-en/india/sell-old-phone/asus/asus-8z|Single configuration listed
Asus|ROG Phone 3|128 GB / 8 GB RAM|128 GB|8 GB|₹5,990|India|Dofy.in|https://www.dofy.in/in-en/india/sell-old-phone/asus/asus-rog-phone-3|Verified
Asus|ROG Phone 3|128 GB / 12 GB RAM|128 GB|12 GB|₹6,500|India|Dofy.in|https://www.dofy.in/in-en/india/sell-old-phone/asus/asus-rog-phone-3|Verified
Asus|ROG Phone 3|256 GB / 12 GB RAM|256 GB|12 GB|₹6,750|India|Dofy.in|https://www.dofy.in/in-en/india/sell-old-phone/asus/asus-rog-phone-3|Verified
Asus|ROG Phone 5|128 GB / 8 GB RAM|128 GB|8 GB|₹9,360|India|Dofy.in|https://www.dofy.in/in-en/india/sell-old-phone/asus/asus-rog-phone-5|Verified
Asus|ROG Phone 5|256 GB / 12 GB RAM|256 GB|12 GB|₹9,360|India|Dofy.in|https://www.dofy.in/in-en/india/sell-old-phone/asus/asus-rog-phone-5|Verified
Asus|ROG Phone 5 Pro|512 GB / 16 GB RAM|512 GB|16 GB|₹12,310|India|Dofy.in|https://www.dofy.in/in-en/india/sell-old-phone/asus/asus-rog-phone-5-pro|Single configuration listed
Asus|ROG Phone 5S|128 GB / 8 GB RAM|128 GB|8 GB|₹9,360|India|Dofy.in|https://www.dofy.in/in-en/india/sell-old-phone/asus/asus-rog-phone-5-s|Verified
Asus|ROG Phone 5S|256 GB / 12 GB RAM|256 GB|12 GB|₹9,360|India|Dofy.in|https://www.dofy.in/in-en/india/sell-old-phone/asus/asus-rog-phone-5-s|Verified
Asus|ROG Phone 5S Pro 5G|512 GB / 18 GB RAM|512 GB|18 GB|₹23,360|India|Dofy.in|https://www.dofy.in/in-en/india/sell-old-phone/asus/asus-rog-phone-5s-pro-5g|Single configuration listed
Asus|ROG Phone 6|256 GB / 12 GB RAM|256 GB|12 GB|₹13,800|India|Dofy.in|https://www.dofy.in/in-en/india/sell-old-phone/asus/asus-rog-phone-6|Single configuration listed
Asus|ROG Phone 6 Pro|512 GB / 18 GB RAM|512 GB|18 GB|₹22,460|India|Dofy.in|https://www.dofy.in/in-en/india/sell-old-phone/asus/asus-rog-phone-6-pro|Single configuration listed
Asus|ROG Phone 7|256 GB / 12 GB RAM|256 GB|12 GB|₹18,650|India|Dofy.in|https://www.dofy.in/in-en/india/sell-old-phone/asus/asus-rog-phone-7|Single configuration listed
Asus|ROG Phone 7 Ultimate|512 GB / 16 GB RAM|512 GB|16 GB|₹24,920|India|Dofy.in|https://www.dofy.in/in-en/india/sell-old-phone/asus/asus-rog-phone-7-ultimate|Single configuration listed
Asus|ROG Phone 8 Pro|512 GB / 16 GB RAM|512 GB|16 GB|₹30,410|India|Dofy.in|https://www.dofy.in/in-en/india/sell-old-phone/asus/asus-rog-phone-8-pro|Single configuration listed
Asus|ZenFone 5Z|64 GB / 6 GB RAM|64 GB|6 GB|₹2,630|India|Dofy.in|https://www.dofy.in/in-en/india/sell-old-phone/asus/asus-zenfone-5z|Verified
Asus|ZenFone 5Z|128 GB / 6 GB RAM|128 GB|6 GB|₹2,920|India|Dofy.in|https://www.dofy.in/in-en/india/sell-old-phone/asus/asus-zenfone-5z|Verified
Asus|ZenFone 5Z|256 GB / 8 GB RAM|256 GB|8 GB|₹2,960|India|Dofy.in|https://www.dofy.in/in-en/india/sell-old-phone/asus/asus-zenfone-5z|Verified
CMF|Phone 1|128 GB / 6 GB RAM|128 GB|6 GB|₹10,400|India|Dofy.in|https://www.dofy.in/in-en/india/sell-old-phone/cmf/cmf-phone-1|Verified
CMF|Phone 1|128 GB / 8 GB RAM|128 GB|8 GB|₹11,350|India|Dofy.in|https://www.dofy.in/in-en/india/sell-old-phone/cmf/cmf-phone-1|Verified
CMF|Phone 2 Pro|128 GB / 8 GB RAM|128 GB|8 GB|₹13,730|India|Dofy.in|https://www.dofy.in/in-en/india/sell-old-phone/cmf/cmf-phone-2-pro|Verified
CMF|Phone 2 Pro|256 GB / 8 GB RAM|256 GB|8 GB|₹14,340|India|Dofy.in|https://www.dofy.in/in-en/india/sell-old-phone/cmf/cmf-phone-2-pro|Verified
Google Pixel|10|256 GB / 12 GB RAM|256 GB|12 GB|₹45,700|India|Dofy.in|https://www.dofy.in/in-en/india/sell-old-phone/google-pixel/google-pixel-10|Single configuration listed
Google Pixel|10 Pro|256 GB / 16 GB RAM|256 GB|16 GB|₹64,600|India|Dofy.in|https://www.dofy.in/in-en/india/sell-old-phone/google-pixel/google-pixel-10-pro|Single configuration listed
Google Pixel|10 Pro Fold|256 GB / 16 GB RAM|256 GB|16 GB|₹85,500|India|Dofy.in|https://www.dofy.in/in-en/india/sell-old-phone/google-pixel/google-pixel-10-pro-fold|Single configuration listed
Google Pixel|10 Pro XL|256 GB / 16 GB RAM|256 GB|16 GB|₹69,600|India|Dofy.in|https://www.dofy.in/in-en/india/sell-old-phone/google-pixel/google-pixel-10-pro-xl|Single configuration listed
Google Pixel|10A|256 GB / 8 GB RAM|256 GB|8 GB|₹29,300|India|Dofy.in|https://www.dofy.in/in-en/india/sell-old-phone/google-pixel/google-pixel-10a|Single configuration listed
Google Pixel|11|256 GB / 12 GB RAM|256 GB|12 GB|₹52,000|India|Dofy.in|https://www.dofy.in/in-en/india/sell-old-phone/google-pixel/google-pixel-11|Verified
Google Pixel|11|512 GB / 12 GB RAM|512 GB|12 GB|₹61,000|India|Dofy.in|https://www.dofy.in/in-en/india/sell-old-phone/google-pixel/google-pixel-11|Verified
Google Pixel|11 Pro|256 GB / 12 GB RAM|256 GB|12 GB|₹70,200|India|Dofy.in|https://www.dofy.in/in-en/india/sell-old-phone/google-pixel/google-pixel-11-pro|Verified
Google Pixel|11 Pro|512 GB / 16 GB RAM|512 GB|16 GB|₹78,000|India|Dofy.in|https://www.dofy.in/in-en/india/sell-old-phone/google-pixel/google-pixel-11-pro|Verified
Google Pixel|11 Pro Fold|512 GB / 16 GB RAM|512 GB|16 GB|₹108,000|India|Dofy.in|https://www.dofy.in/in-en/india/sell-old-phone/google-pixel/google-pixel-11-pro-fold|Single configuration listed
Google Pixel|11 Pro XL|256 GB / 12 GB RAM|256 GB|12 GB|₹78,000|India|Dofy.in|https://www.dofy.in/in-en/india/sell-old-phone/google-pixel/google-pixel-11-pro-xl|Verified
Google Pixel|11 Pro XL|512 GB / 16 GB RAM|512 GB|16 GB|₹87,000|India|Dofy.in|https://www.dofy.in/in-en/india/sell-old-phone/google-pixel/google-pixel-11-pro-xl|Verified
Google Pixel|4|64 GB|64 GB|—|₹5,990|India|Dofy.in|https://www.dofy.in/in-en/india/sell-old-phone/google-pixel/google-pixel-4|Verified
Google Pixel|4|128 GB|128 GB|—|₹6,840|India|Dofy.in|https://www.dofy.in/in-en/india/sell-old-phone/google-pixel/google-pixel-4|Verified
Google Pixel|4 XL|64 GB|64 GB|—|₹7,270|India|Dofy.in|https://www.dofy.in/in-en/india/sell-old-phone/google-pixel/google-pixel-4-xl|Verified
Google Pixel|4 XL|128 GB|128 GB|—|₹7,700|India|Dofy.in|https://www.dofy.in/in-en/india/sell-old-phone/google-pixel/google-pixel-4-xl|Verified
Google Pixel|4A|128 GB / 6 GB RAM|128 GB|6 GB|₹6,410|India|Dofy.in|https://www.dofy.in/in-en/india/sell-old-phone/google-pixel/google-pixel-4a|Single configuration listed
Google Pixel|5 5G|128 GB|128 GB|—|₹6,840|India|Dofy.in|https://www.dofy.in/in-en/india/sell-old-phone/google-pixel/google-pixel-5-5g|Single configuration listed
Google Pixel|5A 5G|128 GB|128 GB|—|₹6,840|India|Dofy.in|https://www.dofy.in/in-en/india/sell-old-phone/google-pixel/google-pixel-5a-5g|Single configuration listed
Google Pixel|6 5G|128 GB|128 GB|—|₹11,100|India|Dofy.in|https://www.dofy.in/in-en/india/sell-old-phone/google-pixel/google-pixel-6-5g|Single configuration listed
Google Pixel|6 Pro 5G|128 GB|128 GB|—|₹13,370|India|Dofy.in|https://www.dofy.in/in-en/india/sell-old-phone/google-pixel/google-pixel-6-pro-5g|Verified
Google Pixel|6 Pro 5G|256 GB|256 GB|—|₹14,990|India|Dofy.in|https://www.dofy.in/in-en/india/sell-old-phone/google-pixel/google-pixel-6-pro-5g|Verified
Google Pixel|6A|128 GB|128 GB|—|₹12,000|India|Dofy.in|https://www.dofy.in/in-en/india/sell-old-phone/google-pixel/google-pixel-6a|Single configuration listed
Google Pixel|7|128 GB / 8 GB RAM|128 GB|8 GB|₹17,090|India|Dofy.in|https://www.dofy.in/in-en/india/sell-old-phone/google-pixel/google-pixel-7|Verified
Google Pixel|7|256 GB / 8 GB RAM|256 GB|8 GB|₹17,890|India|Dofy.in|https://www.dofy.in/in-en/india/sell-old-phone/google-pixel/google-pixel-7|Verified
Google Pixel|7 Pro|128 GB|128 GB|—|₹24,610|India|Dofy.in|https://www.dofy.in/in-en/india/sell-old-phone/google-pixel/google-pixel-7-pro|Verified
Google Pixel|7 Pro|256 GB|256 GB|—|₹26,000|India|Dofy.in|https://www.dofy.in/in-en/india/sell-old-phone/google-pixel/google-pixel-7-pro|Verified
Google Pixel|7A|128 GB / 8 GB RAM|128 GB|8 GB|₹16,490|India|Dofy.in|https://www.dofy.in/in-en/india/sell-old-phone/google-pixel/google-pixel-7a|Single configuration listed
Google Pixel|8|128 GB / 8 GB RAM|128 GB|8 GB|₹24,570|India|Dofy.in|https://www.dofy.in/in-en/india/sell-old-phone/google-pixel/google-pixel-8|Verified
Google Pixel|8|256 GB / 8 GB RAM|256 GB|8 GB|₹24,820|India|Dofy.in|https://www.dofy.in/in-en/india/sell-old-phone/google-pixel/google-pixel-8|Verified
Google Pixel|8 pro|256 GB / 12 GB RAM|256 GB|12 GB|₹32,460|India|Dofy.in|https://www.dofy.in/in-en/india/sell-old-phone/google-pixel/google-pixel-8-pro|Verified
Google Pixel|8 pro|128 GB / 12 GB RAM|128 GB|12 GB|₹31,450|India|Dofy.in|https://www.dofy.in/in-en/india/sell-old-phone/google-pixel/google-pixel-8-pro|Verified
Google Pixel|8A|128 GB / 8 GB RAM|128 GB|8 GB|₹23,680|India|Dofy.in|https://www.dofy.in/in-en/india/sell-old-phone/google-pixel/google-pixel-8a|Verified
Google Pixel|8A|256 GB / 8 GB RAM|256 GB|8 GB|₹24,190|India|Dofy.in|https://www.dofy.in/in-en/india/sell-old-phone/google-pixel/google-pixel-8a|Verified
Google Pixel|9|256 GB / 12 GB RAM|256 GB|12 GB|₹36,050|India|Dofy.in|https://www.dofy.in/in-en/india/sell-old-phone/google-pixel/google-pixel-9|Single configuration listed
Google Pixel|9 Pro|256 GB / 16 GB RAM|256 GB|16 GB|₹49,400|India|Dofy.in|https://www.dofy.in/in-en/india/sell-old-phone/google-pixel/google-pixel-9-pro|Single configuration listed
Google Pixel|9 Pro Fold|256 GB / 16 GB RAM|256 GB|16 GB|₹65,910|India|Dofy.in|https://www.dofy.in/in-en/india/sell-old-phone/google-pixel/google-pixel-9-pro-fold|Single configuration listed
Google Pixel|9 Pro XL|256 GB / 16 GB RAM|256 GB|16 GB|₹52,570|India|Dofy.in|https://www.dofy.in/in-en/india/sell-old-phone/google-pixel/google-pixel-9-pro-xl|Verified
Google Pixel|9 Pro XL|512 GB / 16 GB RAM|512 GB|16 GB|₹54,200|India|Dofy.in|https://www.dofy.in/in-en/india/sell-old-phone/google-pixel/google-pixel-9-pro-xl|Verified
Google Pixel|9A|256 GB / 8 GB RAM|256 GB|8 GB|₹24,610|India|Dofy.in|https://www.dofy.in/in-en/india/sell-old-phone/google-pixel/google-pixel-9a|Single configuration listed
Google Pixel|Fold Porcelain|256 GB / 12 GB RAM|256 GB|12 GB|₹36,000|India|Dofy.in|https://www.dofy.in/in-en/india/sell-old-phone/google-pixel/google-pixel-fold-porcelain|Single configuration listed
Honor|20|128 GB / 6 GB RAM|128 GB|6 GB|₹3,670|India|Dofy.in|https://www.dofy.in/in-en/india/sell-old-phone/honor/honor-20|Single configuration listed
Honor|200 5G|256 GB / 8 GB RAM|256 GB|8 GB|₹11,980|India|Dofy.in|https://www.dofy.in/in-en/india/sell-old-phone/honor/honor-200-5g|Verified
Honor|200 5G|512 GB / 12 GB RAM|512 GB|12 GB|₹14,300|India|Dofy.in|https://www.dofy.in/in-en/india/sell-old-phone/honor/honor-200-5g|Verified
Honor|200 Lite 5G|256 GB / 8 GB RAM|256 GB|8 GB|₹8,000|India|Dofy.in|https://www.dofy.in/in-en/india/sell-old-phone/honor/honor-200-lite-5g|Single configuration listed
Honor|200 Pro 5G|512 GB / 12 GB RAM|512 GB|12 GB|₹20,800|India|Dofy.in|https://www.dofy.in/in-en/india/sell-old-phone/honor/honor-200-pro-5g|Single configuration listed
Honor|20i|128 GB / 4 GB RAM|128 GB|4 GB|₹3,330|India|Dofy.in|https://www.dofy.in/in-en/india/sell-old-phone/honor/honor-20i|Single configuration listed
Honor|8C|32 GB|32 GB|—|₹1,890|India|Dofy.in|https://www.dofy.in/in-en/india/sell-old-phone/honor/honor-8c|Verified
Honor|8C|64 GB|64 GB|—|₹2,030|India|Dofy.in|https://www.dofy.in/in-en/india/sell-old-phone/honor/honor-8c|Verified
Honor|90 5G|256 GB / 8 GB RAM|256 GB|8 GB|₹9,700|India|Dofy.in|https://www.dofy.in/in-en/india/sell-old-phone/honor/honor-90-5g|Verified
Honor|90 5G|512 GB / 12 GB RAM|512 GB|12 GB|₹11,850|India|Dofy.in|https://www.dofy.in/in-en/india/sell-old-phone/honor/honor-90-5g|Verified
Honor|X7c|256 GB / 8 GB RAM|256 GB|8 GB|₹7,700|India|Dofy.in|https://www.dofy.in/in-en/india/sell-old-phone/honor/honor-x7c|Single configuration listed
Honor|X9b|256 GB / 8 GB RAM|256 GB|8 GB|₹7,600|India|Dofy.in|https://www.dofy.in/in-en/india/sell-old-phone/honor/honor-x9b|Single configuration listed
Honor|X9c|256 GB / 8 GB RAM|256 GB|8 GB|₹12,100|India|Dofy.in|https://www.dofy.in/in-en/india/sell-old-phone/honor/honor-x9c|Single configuration listed
Huawei|Mate 10|64 GB / 4 GB RAM|64 GB|4 GB|₹1,920|India|Dofy.in|https://www.dofy.in/in-en/india/sell-old-phone/huawei/huawei-mate-10|Single configuration listed
Huawei|Mate 20|128 GB / 4 GB RAM|128 GB|4 GB|₹3,840|India|Dofy.in|https://www.dofy.in/in-en/india/sell-old-phone/huawei/huawei-mate-20|Single configuration listed
Huawei|Mate 20 Pro|128 GB / 6 GB RAM|128 GB|6 GB|₹6,250|India|Dofy.in|https://www.dofy.in/in-en/india/sell-old-phone/huawei/huawei-mate-20-pro|Single configuration listed
Huawei|Mate 30 Pro|256 GB / 8 GB RAM|256 GB|8 GB|₹9,550|India|Dofy.in|https://www.dofy.in/in-en/india/sell-old-phone/huawei/huawei-mate-30-pro|Single configuration listed
Huawei|Nova 3|128 GB / 6 GB RAM|128 GB|6 GB|₹2,170|India|Dofy.in|https://www.dofy.in/in-en/india/sell-old-phone/huawei/huawei-nova-3|Single configuration listed
Huawei|P20 Pro|128 GB / 6 GB RAM|128 GB|6 GB|₹2,870|India|Dofy.in|https://www.dofy.in/in-en/india/sell-old-phone/huawei/huawei-p20-pro|Single configuration listed
Huawei|P30 Lite|128 GB / 4 GB RAM|128 GB|4 GB|₹2,980|India|Dofy.in|https://www.dofy.in/in-en/india/sell-old-phone/huawei/huawei-p30-lite|Verified
Huawei|P30 Lite|128 GB / 6 GB RAM|128 GB|6 GB|₹2,780|India|Dofy.in|https://www.dofy.in/in-en/india/sell-old-phone/huawei/huawei-p30-lite|Verified
Huawei|P30 Pro|256 GB / 8 GB RAM|256 GB|8 GB|₹8,870|India|Dofy.in|https://www.dofy.in/in-en/india/sell-old-phone/huawei/huawei-p30-pro|Single configuration listed
Huawei|Y5 2017|16 GB / 2 GB RAM|16 GB|2 GB|₹800|India|Dofy.in|https://www.dofy.in/in-en/india/sell-old-phone/huawei/huawei-y5-2017|Single configuration listed
Huawei|Y9s|128 GB / 6 GB RAM|128 GB|6 GB|₹3,290|India|Dofy.in|https://www.dofy.in/in-en/india/sell-old-phone/huawei/huawei-y9s|Single configuration listed
Infinix|GT 10 Pro|256 GB / 8 GB RAM|256 GB|8 GB|₹9,100|India|Dofy.in|https://www.dofy.in/in-en/india/sell-old-phone/infinix/infinix-gt-10-pro|Single configuration listed
Infinix|GT 20 Pro|256 GB / 8 GB RAM|256 GB|8 GB|₹9,800|India|Dofy.in|https://www.dofy.in/in-en/india/sell-old-phone/infinix/infinix-gt-20-pro|Verified
Infinix|GT 20 Pro|256 GB / 12 GB RAM|256 GB|12 GB|₹10,150|India|Dofy.in|https://www.dofy.in/in-en/india/sell-old-phone/infinix/infinix-gt-20-pro|Verified
Infinix|GT 30 5G|128 GB / 8 GB RAM|128 GB|8 GB|₹11,270|India|Dofy.in|https://www.dofy.in/in-en/india/sell-old-phone/infinix/infinix-gt-30-5g|Verified
Infinix|GT 30 5G|256 GB / 8 GB RAM|256 GB|8 GB|₹11,550|India|Dofy.in|https://www.dofy.in/in-en/india/sell-old-phone/infinix/infinix-gt-30-5g|Verified
Infinix|GT 30 Pro 5G|256 GB / 8 GB RAM|256 GB|8 GB|₹14,630|India|Dofy.in|https://www.dofy.in/in-en/india/sell-old-phone/infinix/infinix-gt-30-pro-5g|Verified
Infinix|GT 30 Pro 5G|256 GB / 12 GB RAM|256 GB|12 GB|₹15,800|India|Dofy.in|https://www.dofy.in/in-en/india/sell-old-phone/infinix/infinix-gt-30-pro-5g|Verified
Infinix|Hot 10|64 GB / 4 GB RAM|64 GB|4 GB|₹4,080|India|Dofy.in|https://www.dofy.in/in-en/india/sell-old-phone/infinix/infinix-hot-10|Verified
Infinix|Hot 10|128 GB / 6 GB RAM|128 GB|6 GB|₹4,770|India|Dofy.in|https://www.dofy.in/in-en/india/sell-old-phone/infinix/infinix-hot-10|Verified
Infinix|Hot 10 Play|32 GB / 3 GB RAM|32 GB|3 GB|₹3,500|India|Dofy.in|https://www.dofy.in/in-en/india/sell-old-phone/infinix/infinix-hot-10-play|Verified
Infinix|Hot 10 Play|64 GB / 4 GB RAM|64 GB|4 GB|₹3,910|India|Dofy.in|https://www.dofy.in/in-en/india/sell-old-phone/infinix/infinix-hot-10-play|Verified
Infinix|Hot 10s|64 GB / 4 GB RAM|64 GB|4 GB|₹3,670|India|Dofy.in|https://www.dofy.in/in-en/india/sell-old-phone/infinix/infinix-hot-10s|Verified
Infinix|Hot 10s|64 GB / 6 GB RAM|64 GB|6 GB|₹4,080|India|Dofy.in|https://www.dofy.in/in-en/india/sell-old-phone/infinix/infinix-hot-10s|Verified
Infinix|Hot 11|64 GB / 4 GB RAM|64 GB|4 GB|₹3,910|India|Dofy.in|https://www.dofy.in/in-en/india/sell-old-phone/infinix/infinix-hot-11|Single configuration listed
Infinix|Hot 11 2022|64 GB / 4 GB RAM|64 GB|4 GB|₹3,670|India|Dofy.in|https://www.dofy.in/in-en/india/sell-old-phone/infinix/infinix-hot-11-2022|Single configuration listed
Infinix|Hot 11S|64 GB / 4 GB RAM|64 GB|4 GB|₹4,210|India|Dofy.in|https://www.dofy.in/in-en/india/sell-old-phone/infinix/infinix-hot-11s|Single configuration listed
Infinix|Hot 12|64 GB / 4 GB RAM|64 GB|4 GB|₹4,360|India|Dofy.in|https://www.dofy.in/in-en/india/sell-old-phone/infinix/infinix-hot-12|Single configuration listed
Infinix|Hot 12 Play|64 GB / 4 GB RAM|64 GB|4 GB|₹4,300|India|Dofy.in|https://www.dofy.in/in-en/india/sell-old-phone/infinix/infinix-hot-12-play|Single configuration listed
Infinix|Hot 12 Pro 5G|64 GB / 6 GB RAM|64 GB|6 GB|₹4,180|India|Dofy.in|https://www.dofy.in/in-en/india/sell-old-phone/infinix/infinix-hot-12-pro-5g|Verified
Infinix|Hot 12 Pro 5G|128 GB / 8 GB RAM|128 GB|8 GB|₹4,860|India|Dofy.in|https://www.dofy.in/in-en/india/sell-old-phone/infinix/infinix-hot-12-pro-5g|Verified
Infinix|Hot 20 4G|128 GB / 8 GB RAM|128 GB|8 GB|₹5,700|India|Dofy.in|https://www.dofy.in/in-en/india/sell-old-phone/infinix/infinix-hot-20-4g|Single configuration listed
Infinix|Hot 20 5G|64 GB / 4 GB RAM|64 GB|4 GB|₹5,400|India|Dofy.in|https://www.dofy.in/in-en/india/sell-old-phone/infinix/infinix-hot-20-5g|Verified
Infinix|Hot 20 5G|128 GB / 6 GB RAM|128 GB|6 GB|₹5,820|India|Dofy.in|https://www.dofy.in/in-en/india/sell-old-phone/infinix/infinix-hot-20-5g|Verified
Infinix|Hot 30i|128 GB / 8 GB RAM|128 GB|8 GB|₹4,940|India|Dofy.in|https://www.dofy.in/in-en/india/sell-old-phone/infinix/infinix-hot-30i|Verified
Infinix|Hot 30i|64 GB / 4 GB RAM|64 GB|4 GB|₹3,180|India|Dofy.in|https://www.dofy.in/in-en/india/sell-old-phone/infinix/infinix-hot-30i|Verified
Infinix|Hot 40i|256 GB / 8 GB RAM|256 GB|8 GB|₹3,800|India|Dofy.in|https://www.dofy.in/in-en/india/sell-old-phone/infinix/infinix-hot-40i|Single configuration listed
Infinix|Hot 50 5G|128 GB / 4 GB RAM|128 GB|4 GB|₹4,150|India|Dofy.in|https://www.dofy.in/in-en/india/sell-old-phone/infinix/infinix-hot-50-5g|Verified
Infinix|Hot 50 5G|128 GB / 8 GB RAM|128 GB|8 GB|₹5,270|India|Dofy.in|https://www.dofy.in/in-en/india/sell-old-phone/infinix/infinix-hot-50-5g|Verified
Infinix|Hot 6 Pro|32 GB / 3 GB RAM|32 GB|3 GB|₹1,900|India|Dofy.in|https://www.dofy.in/in-en/india/sell-old-phone/infinix/infinix-hot-6-pro|Single configuration listed
Infinix|Hot 60 5G|128 GB / 6 GB RAM|128 GB|6 GB|₹5,750|India|Dofy.in|https://www.dofy.in/in-en/india/sell-old-phone/infinix/infinix-hot-60-5g|Single configuration listed
Infinix|Hot 60i 5G|128 GB / 4 GB RAM|128 GB|4 GB|₹5,490|India|Dofy.in|https://www.dofy.in/in-en/india/sell-old-phone/infinix/infinix-hot-60i-5g|Single configuration listed
Infinix|Hot 7|64 GB / 4 GB RAM|64 GB|4 GB|₹2,760|India|Dofy.in|https://www.dofy.in/in-en/india/sell-old-phone/infinix/infinix-hot-7|Single configuration listed
Infinix|Hot 7 Pro|64 GB / 6 GB RAM|64 GB|6 GB|₹3,800|India|Dofy.in|https://www.dofy.in/in-en/india/sell-old-phone/infinix/infinix-hot-7-pro|Single configuration listed
Infinix|Hot 8|64 GB / 4 GB RAM|64 GB|4 GB|₹3,170|India|Dofy.in|https://www.dofy.in/in-en/india/sell-old-phone/infinix/infinix-hot-8|Single configuration listed
Infinix|Hot 9|64 GB / 4 GB RAM|64 GB|4 GB|₹3,470|India|Dofy.in|https://www.dofy.in/in-en/india/sell-old-phone/infinix/infinix-hot-9|Single configuration listed
Infinix|Hot 9 Pro|64 GB / 4 GB RAM|64 GB|4 GB|₹3,770|India|Dofy.in|https://www.dofy.in/in-en/india/sell-old-phone/infinix/infinix-hot-9-pro|Single configuration listed
Infinix|Note 10|64 GB / 4 GB RAM|64 GB|4 GB|₹6,000|India|Dofy.in|https://www.dofy.in/in-en/india/sell-old-phone/infinix/infinix-note-10|Verified
Infinix|Note 10|128 GB / 6 GB RAM|128 GB|6 GB|₹6,500|India|Dofy.in|https://www.dofy.in/in-en/india/sell-old-phone/infinix/infinix-note-10|Verified
Infinix|Note 10 Pro|256 GB / 8 GB RAM|256 GB|8 GB|₹5,630|India|Dofy.in|https://www.dofy.in/in-en/india/sell-old-phone/infinix/infinix-note-10-pro|Single configuration listed
Infinix|Note 11|128 GB / 6 GB RAM|128 GB|6 GB|₹4,770|India|Dofy.in|https://www.dofy.in/in-en/india/sell-old-phone/infinix/infinix-note-11|Verified
Infinix|Note 11|64 GB / 4 GB RAM|64 GB|4 GB|₹4,270|India|Dofy.in|https://www.dofy.in/in-en/india/sell-old-phone/infinix/infinix-note-11|Verified
Infinix|Note 11S|64 GB / 6 GB RAM|64 GB|6 GB|₹4,230|India|Dofy.in|https://www.dofy.in/in-en/india/sell-old-phone/infinix/infinix-note-11s|Verified
Infinix|Note 11S|128 GB / 8 GB RAM|128 GB|8 GB|₹4,520|India|Dofy.in|https://www.dofy.in/in-en/india/sell-old-phone/infinix/infinix-note-11s|Verified
Infinix|Note 11S Free Fire Edition|128 GB / 8 GB RAM|128 GB|8 GB|₹5,290|India|Dofy.in|https://www.dofy.in/in-en/india/sell-old-phone/infinix/infinix-note-11s-free-fire-edition|Single configuration listed
Infinix|Note 12 Pro|256 GB / 8 GB RAM|256 GB|8 GB|₹6,390|India|Dofy.in|https://www.dofy.in/in-en/india/sell-old-phone/infinix/infinix-note-12-pro|Single configuration listed
Infinix|Note 12 Pro 5G|128 GB / 8 GB RAM|128 GB|8 GB|₹7,880|India|Dofy.in|https://www.dofy.in/in-en/india/sell-old-phone/infinix/infinix-note-12-pro-5g|Single configuration listed
Infinix|NOTE 12 TURBO|128 GB / 8 GB RAM|128 GB|8 GB|₹4,960|India|Dofy.in|https://www.dofy.in/in-en/india/sell-old-phone/infinix/infinix-note-12-turbo|Single configuration listed
Infinix|Note 30 5G|128 GB / 4 GB RAM|128 GB|4 GB|₹6,030|India|Dofy.in|https://www.dofy.in/in-en/india/sell-old-phone/infinix/infinix-note-30-5g|Verified
Infinix|Note 30 5G|256 GB / 8 GB RAM|256 GB|8 GB|₹7,570|India|Dofy.in|https://www.dofy.in/in-en/india/sell-old-phone/infinix/infinix-note-30-5g|Verified
Infinix|Note 40 5G|256 GB / 8 GB RAM|256 GB|8 GB|₹6,760|India|Dofy.in|https://www.dofy.in/in-en/india/sell-old-phone/infinix/infinix-note-40-5g|Single configuration listed
Infinix|Note 40 Pro 5G|256 GB / 8 GB RAM|256 GB|8 GB|₹9,280|India|Dofy.in|https://www.dofy.in/in-en/india/sell-old-phone/infinix/infinix-note-40-pro-5g|Single configuration listed
Infinix|Note 40 Pro 5G Racing Edition|256 GB / 8 GB RAM|256 GB|8 GB|₹9,280|India|Dofy.in|https://www.dofy.in/in-en/india/sell-old-phone/infinix/infinix-note-40-pro-5g-racing-edition|Single configuration listed
Infinix|Note 40 Pro Plus 5G|256 GB / 12 GB RAM|256 GB|12 GB|₹9,560|India|Dofy.in|https://www.dofy.in/in-en/india/sell-old-phone/infinix/infinix-note-40-pro-plus-5g|Single configuration listed
Infinix|Note 40X 5G|256 GB / 8 GB RAM|256 GB|8 GB|₹5,700|India|Dofy.in|https://www.dofy.in/in-en/india/sell-old-phone/infinix/infinix-note-40x-5g|Verified
Infinix|Note 40X 5G|256 GB / 12 GB RAM|256 GB|12 GB|₹6,270|India|Dofy.in|https://www.dofy.in/in-en/india/sell-old-phone/infinix/infinix-note-40x-5g|Verified
Infinix|Note 5|32 GB / 3 GB RAM|32 GB|3 GB|₹1,710|India|Dofy.in|https://www.dofy.in/in-en/india/sell-old-phone/infinix/infinix-note-5|Verified
Infinix|Note 5|64 GB / 4 GB RAM|64 GB|4 GB|₹1,900|India|Dofy.in|https://www.dofy.in/in-en/india/sell-old-phone/infinix/infinix-note-5|Verified
Infinix|Note 50s 5G|128 GB / 8 GB RAM|128 GB|8 GB|₹8,550|India|Dofy.in|https://www.dofy.in/in-en/india/sell-old-phone/infinix/infinix-note-50s-5g|Verified
Infinix|Note 50s 5G|256 GB / 8 GB RAM|256 GB|8 GB|₹9,030|India|Dofy.in|https://www.dofy.in/in-en/india/sell-old-phone/infinix/infinix-note-50s-5g|Verified
Infinix|Note 50X 5G|128 GB / 6 GB RAM|128 GB|6 GB|₹6,210|India|Dofy.in|https://www.dofy.in/in-en/india/sell-old-phone/infinix/infinix-note-50x-5g|Verified
Infinix|Note 50X 5G|128 GB / 8 GB RAM|128 GB|8 GB|₹6,900|India|Dofy.in|https://www.dofy.in/in-en/india/sell-old-phone/infinix/infinix-note-50x-5g|Verified
Infinix|Note 60 Pro|128 GB / 8 GB RAM|128 GB|8 GB|₹20,000|India|Dofy.in|https://www.dofy.in/in-en/india/sell-old-phone/infinix/infinix-note-60-pro|Verified
Infinix|Note 60 Pro|256 GB / 8 GB RAM|256 GB|8 GB|₹21,000|India|Dofy.in|https://www.dofy.in/in-en/india/sell-old-phone/infinix/infinix-note-60-pro|Verified
Infinix|Note 7|64 GB / 4 GB RAM|64 GB|4 GB|₹3,770|India|Dofy.in|https://www.dofy.in/in-en/india/sell-old-phone/infinix/infinix-note-7|Single configuration listed
Infinix|Note Edge|128 GB / 6 GB RAM|128 GB|6 GB|₹12,500|India|Dofy.in|https://www.dofy.in/in-en/india/sell-old-phone/infinix/infinix-note-edge|Verified
Infinix|Note Edge|128 GB / 8 GB RAM|128 GB|8 GB|₹14,000|India|Dofy.in|https://www.dofy.in/in-en/india/sell-old-phone/infinix/infinix-note-edge|Verified
Infinix|Note Edge|256 GB / 8 GB RAM|256 GB|8 GB|₹15,000|India|Dofy.in|https://www.dofy.in/in-en/india/sell-old-phone/infinix/infinix-note-edge|Verified
Infinix|Smart 10|64 GB / 4 GB RAM|64 GB|4 GB|₹3,650|India|Dofy.in|https://www.dofy.in/in-en/india/sell-old-phone/infinix/infinix-smart-10|Single configuration listed
Infinix|Smart 20|64 GB / 4 GB RAM|64 GB|4 GB|₹7,620|India|Dofy.in|https://www.dofy.in/in-en/india/sell-old-phone/infinix/infinix-smart-20|Verified
Infinix|Smart 20|128 GB / 4 GB RAM|128 GB|4 GB|₹8,970|India|Dofy.in|https://www.dofy.in/in-en/india/sell-old-phone/infinix/infinix-smart-20|Verified
Infinix|SMART 5A|32 GB / 2 GB RAM|32 GB|2 GB|₹3,060|India|Dofy.in|https://www.dofy.in/in-en/india/sell-old-phone/infinix/infinix-smart-5a|Single configuration listed
Infinix|SMART 6|32 GB / 2 GB RAM|32 GB|2 GB|₹3,130|India|Dofy.in|https://www.dofy.in/in-en/india/sell-old-phone/infinix/infinix-smart-6|Single configuration listed
Infinix|SMART 6 HD|32 GB / 2 GB RAM|32 GB|2 GB|₹2,890|India|Dofy.in|https://www.dofy.in/in-en/india/sell-old-phone/infinix/infinix-smart-6-hd|Single configuration listed
Infinix|Smart 6 Plus|64 GB / 3 GB RAM|64 GB|3 GB|₹2,800|India|Dofy.in|https://www.dofy.in/in-en/india/sell-old-phone/infinix/infinix-smart-6-plus|Single configuration listed
Infinix|SMART 7|64 GB / 4 GB RAM|64 GB|4 GB|₹2,150|India|Dofy.in|https://www.dofy.in/in-en/india/sell-old-phone/infinix/infinix-smart-7|Single configuration listed
Infinix|Smart 7 HD|64 GB / 2 GB RAM|64 GB|2 GB|₹2,460|India|Dofy.in|https://www.dofy.in/in-en/india/sell-old-phone/infinix/infinix-smart-7-hd|Single configuration listed
Infinix|Smart 8|64 GB / 4 GB RAM|64 GB|4 GB|₹2,990|India|Dofy.in|https://www.dofy.in/in-en/india/sell-old-phone/infinix/infinix-smart-8|Verified
Infinix|Smart 8|128 GB / 8 GB RAM|128 GB|8 GB|₹4,130|India|Dofy.in|https://www.dofy.in/in-en/india/sell-old-phone/infinix/infinix-smart-8|Verified
Infinix|Smart 8 HD|64 GB / 3 GB RAM|64 GB|3 GB|₹2,890|India|Dofy.in|https://www.dofy.in/in-en/india/sell-old-phone/infinix/infinix-smart-8-hd|Single configuration listed
Infinix|Smart 8 Plus|128 GB / 4 GB RAM|128 GB|4 GB|₹3,470|India|Dofy.in|https://www.dofy.in/in-en/india/sell-old-phone/infinix/infinix-smart-8-plus|Single configuration listed
Infinix|Smart 8 Pro|64 GB / 4 GB RAM|64 GB|4 GB|₹4,280|India|Dofy.in|https://www.dofy.in/in-en/india/sell-old-phone/infinix/infinix-smart-8-pro|Single configuration listed
Infinix|Smart 9 HD|64 GB / 3 GB RAM|64 GB|3 GB|₹3,800|India|Dofy.in|https://www.dofy.in/in-en/india/sell-old-phone/infinix/infinix-smart-9-hd|Single configuration listed
Infinix|Zero 20 5G|128 GB / 8 GB RAM|128 GB|8 GB|₹6,230|India|Dofy.in|https://www.dofy.in/in-en/india/sell-old-phone/infinix/infinix-zero-20-5g|Single configuration listed
Infinix|Zero 30 5G|256 GB / 8 GB RAM|256 GB|8 GB|₹7,030|India|Dofy.in|https://www.dofy.in/in-en/india/sell-old-phone/infinix/infinix-zero-30-5g|Verified
Infinix|Zero 30 5G|256 GB / 12 GB RAM|256 GB|12 GB|₹10,350|India|Dofy.in|https://www.dofy.in/in-en/india/sell-old-phone/infinix/infinix-zero-30-5g|Verified
Infinix|Zero 40 5G|256 GB / 8 GB RAM|256 GB|8 GB|₹12,200|India|Dofy.in|https://www.dofy.in/in-en/india/sell-old-phone/infinix/infinix-zero-40-5g|Verified
Infinix|Zero 40 5G|256 GB / 12 GB RAM|256 GB|12 GB|₹12,780|India|Dofy.in|https://www.dofy.in/in-en/india/sell-old-phone/infinix/infinix-zero-40-5g|Verified
Infinix|Zero 5|64 GB / 6 GB RAM|64 GB|6 GB|₹2,660|India|Dofy.in|https://www.dofy.in/in-en/india/sell-old-phone/infinix/infinix-zero-5|Single configuration listed
Infinix|Zero 5 G|128 GB / 8 GB RAM|128 GB|8 GB|₹7,380|India|Dofy.in|https://www.dofy.in/in-en/india/sell-old-phone/infinix/infinix-zero-5-g|Single configuration listed
Infinix|Zero 5 Pro|128 GB / 6 GB RAM|128 GB|6 GB|₹3,800|India|Dofy.in|https://www.dofy.in/in-en/india/sell-old-phone/infinix/infinix-zero-5-pro|Single configuration listed
Infinix|Zero 5G 2023|128 GB / 8 GB RAM|128 GB|8 GB|₹7,190|India|Dofy.in|https://www.dofy.in/in-en/india/sell-old-phone/infinix/infinix-zero-5g-2023|Single configuration listed
Infinix|Zero 5G 2023 Turbo|256 GB / 8 GB RAM|256 GB|8 GB|₹8,120|India|Dofy.in|https://www.dofy.in/in-en/india/sell-old-phone/infinix/infinix-zero-5g-2023-turbo|Single configuration listed
Infinix|Zero 8i|128 GB / 8 GB RAM|128 GB|8 GB|₹5,390|India|Dofy.in|https://www.dofy.in/in-en/india/sell-old-phone/infinix/infinix-zero-8i|Single configuration listed
Infinix|Zero Flip|512 GB / 8 GB RAM|512 GB|8 GB|₹18,950|India|Dofy.in|https://www.dofy.in/in-en/india/sell-old-phone/infinix/infinix-zero-flip|Single configuration listed
Infinix|Zero Ultra|256 GB / 8 GB RAM|256 GB|8 GB|₹11,580|India|Dofy.in|https://www.dofy.in/in-en/india/sell-old-phone/infinix/infinix-zero-ultra|Single configuration listed
iQOO|11 5G|256 GB / 8 GB RAM|256 GB|8 GB|₹23,440|India|Dofy.in|https://www.dofy.in/in-en/india/sell-old-phone/iqoo/iqoo-11-5g|Verified
iQOO|11 5G|256 GB / 16 GB RAM|256 GB|16 GB|₹23,860|India|Dofy.in|https://www.dofy.in/in-en/india/sell-old-phone/iqoo/iqoo-11-5g|Verified
iQOO|12 5G|256 GB / 12 GB RAM|256 GB|12 GB|₹25,950|India|Dofy.in|https://www.dofy.in/in-en/india/sell-old-phone/iqoo/iqoo-12-5g|Verified
iQOO|12 5G|512 GB / 16 GB RAM|512 GB|16 GB|₹28,280|India|Dofy.in|https://www.dofy.in/in-en/india/sell-old-phone/iqoo/iqoo-12-5g|Verified
iQOO|13 5G|256 GB / 12 GB RAM|256 GB|12 GB|₹29,130|India|Dofy.in|https://www.dofy.in/in-en/india/sell-old-phone/iqoo/iqoo-13-5g|Verified
iQOO|13 5G|512 GB / 16 GB RAM|512 GB|16 GB|₹30,900|India|Dofy.in|https://www.dofy.in/in-en/india/sell-old-phone/iqoo/iqoo-13-5g|Verified
iQOO|15 5G|256 GB / 12 GB RAM|256 GB|12 GB|₹39,660|India|Dofy.in|https://www.dofy.in/in-en/india/sell-old-phone/iqoo/iqoo-15-5g|Verified
iQOO|15 5G|512 GB / 16 GB RAM|512 GB|16 GB|₹41,430|India|Dofy.in|https://www.dofy.in/in-en/india/sell-old-phone/iqoo/iqoo-15-5g|Verified
iQOO|15R|256 GB / 8 GB RAM|256 GB|8 GB|₹28,880|India|Dofy.in|https://www.dofy.in/in-en/india/sell-old-phone/iqoo/iqoo-15r|Verified
iQOO|15R|256 GB / 12 GB RAM|256 GB|12 GB|₹30,850|India|Dofy.in|https://www.dofy.in/in-en/india/sell-old-phone/iqoo/iqoo-15r|Verified
iQOO|15R|512 GB / 12 GB RAM|512 GB|12 GB|₹32,130|India|Dofy.in|https://www.dofy.in/in-en/india/sell-old-phone/iqoo/iqoo-15r|Verified
iQOO|3|128 GB / 8 GB RAM|128 GB|8 GB|₹8,320|India|Dofy.in|https://www.dofy.in/in-en/india/sell-old-phone/iqoo/iqoo-3|Verified
iQOO|3|256 GB / 8 GB RAM|256 GB|8 GB|₹8,870|India|Dofy.in|https://www.dofy.in/in-en/india/sell-old-phone/iqoo/iqoo-3|Verified
iQOO|7 5G|128 GB / 8 GB RAM|128 GB|8 GB|₹10,650|India|Dofy.in|https://www.dofy.in/in-en/india/sell-old-phone/iqoo/iqoo-7-5g|Verified
iQOO|7 5G|256 GB / 8 GB RAM|256 GB|8 GB|₹10,990|India|Dofy.in|https://www.dofy.in/in-en/india/sell-old-phone/iqoo/iqoo-7-5g|Verified
iQOO|7 5G|256 GB / 12 GB RAM|256 GB|12 GB|₹11,520|India|Dofy.in|https://www.dofy.in/in-en/india/sell-old-phone/iqoo/iqoo-7-5g|Verified
iQOO|7 Legend 5G|128 GB / 8 GB RAM|128 GB|8 GB|₹13,950|India|Dofy.in|https://www.dofy.in/in-en/india/sell-old-phone/iqoo/iqoo-7-legend-5g|Verified
iQOO|7 Legend 5G|256 GB / 12 GB RAM|256 GB|12 GB|₹15,640|India|Dofy.in|https://www.dofy.in/in-en/india/sell-old-phone/iqoo/iqoo-7-legend-5g|Verified
iQOO|9 5G|128 GB / 8 GB RAM|128 GB|8 GB|₹14,050|India|Dofy.in|https://www.dofy.in/in-en/india/sell-old-phone/iqoo/iqoo-9-5g|Verified
iQOO|9 5G|256 GB / 12 GB RAM|256 GB|12 GB|₹14,840|India|Dofy.in|https://www.dofy.in/in-en/india/sell-old-phone/iqoo/iqoo-9-5g|Verified
iQOO|9 Pro 5G|256 GB / 8 GB RAM|256 GB|8 GB|₹20,960|India|Dofy.in|https://www.dofy.in/in-en/india/sell-old-phone/iqoo/iqoo-9-pro-5g|Verified
iQOO|9 Pro 5G|256 GB / 12 GB RAM|256 GB|12 GB|₹21,350|India|Dofy.in|https://www.dofy.in/in-en/india/sell-old-phone/iqoo/iqoo-9-pro-5g|Verified
iQOO|9 SE 5G|128 GB / 8 GB RAM|128 GB|8 GB|₹12,960|India|Dofy.in|https://www.dofy.in/in-en/india/sell-old-phone/iqoo/iqoo-9-se-5g|Verified
iQOO|9 SE 5G|256 GB / 12 GB RAM|256 GB|12 GB|₹13,470|India|Dofy.in|https://www.dofy.in/in-en/india/sell-old-phone/iqoo/iqoo-9-se-5g|Verified
iQOO|9T 5G|128 GB / 8 GB RAM|128 GB|8 GB|₹18,090|India|Dofy.in|https://www.dofy.in/in-en/india/sell-old-phone/iqoo/iqoo-9t-5g|Verified
iQOO|9T 5G|256 GB / 12 GB RAM|256 GB|12 GB|₹19,780|India|Dofy.in|https://www.dofy.in/in-en/india/sell-old-phone/iqoo/iqoo-9t-5g|Verified
iQOO|Neo 10|128 GB / 8 GB RAM|128 GB|8 GB|₹20,460|India|Dofy.in|https://www.dofy.in/in-en/india/sell-old-phone/iqoo/iqoo-neo-10|Verified
iQOO|Neo 10|256 GB / 8 GB RAM|256 GB|8 GB|₹23,810|India|Dofy.in|https://www.dofy.in/in-en/india/sell-old-phone/iqoo/iqoo-neo-10|Verified
iQOO|Neo 10|256 GB / 12 GB RAM|256 GB|12 GB|₹25,190|India|Dofy.in|https://www.dofy.in/in-en/india/sell-old-phone/iqoo/iqoo-neo-10|Verified
iQOO|Neo 10|512 GB / 16 GB RAM|512 GB|16 GB|₹26,180|India|Dofy.in|https://www.dofy.in/in-en/india/sell-old-phone/iqoo/iqoo-neo-10|Verified
iQOO|Neo 10R 5G|128 GB / 8 GB RAM|128 GB|8 GB|₹17,120|India|Dofy.in|https://www.dofy.in/in-en/india/sell-old-phone/iqoo/iqoo-neo-10r-5g|Verified
iQOO|Neo 10R 5G|256 GB / 8 GB RAM|256 GB|8 GB|₹19,950|India|Dofy.in|https://www.dofy.in/in-en/india/sell-old-phone/iqoo/iqoo-neo-10r-5g|Verified
iQOO|Neo 10R 5G|256 GB / 12 GB RAM|256 GB|12 GB|₹20,490|India|Dofy.in|https://www.dofy.in/in-en/india/sell-old-phone/iqoo/iqoo-neo-10r-5g|Verified
iQOO|Neo 6 5G|128 GB / 8 GB RAM|128 GB|8 GB|₹12,900|India|Dofy.in|https://www.dofy.in/in-en/india/sell-old-phone/iqoo/iqoo-neo-6-5g|Verified
iQOO|Neo 6 5G|256 GB / 12 GB RAM|256 GB|12 GB|₹13,660|India|Dofy.in|https://www.dofy.in/in-en/india/sell-old-phone/iqoo/iqoo-neo-6-5g|Verified
iQOO|NEO 7 5G|128 GB / 8 GB RAM|128 GB|8 GB|₹14,190|India|Dofy.in|https://www.dofy.in/in-en/india/sell-old-phone/iqoo/iqoo-neo-7-5g|Verified
iQOO|NEO 7 5G|256 GB / 12 GB RAM|256 GB|12 GB|₹15,210|India|Dofy.in|https://www.dofy.in/in-en/india/sell-old-phone/iqoo/iqoo-neo-7-5g|Verified
iQOO|Neo 7 Pro 5G|128 GB / 8 GB RAM|128 GB|8 GB|₹16,350|India|Dofy.in|https://www.dofy.in/in-en/india/sell-old-phone/iqoo/iqoo-neo-7-pro-5g|Verified
iQOO|Neo 7 Pro 5G|256 GB / 12 GB RAM|256 GB|12 GB|₹16,490|India|Dofy.in|https://www.dofy.in/in-en/india/sell-old-phone/iqoo/iqoo-neo-7-pro-5g|Verified
iQOO|Neo 9 Pro 5G|128 GB / 8 GB RAM|128 GB|8 GB|₹16,780|India|Dofy.in|https://www.dofy.in/in-en/india/sell-old-phone/iqoo/iqoo-neo-9-pro-5g|Verified
iQOO|Neo 9 Pro 5G|256 GB / 8 GB RAM|256 GB|8 GB|₹19,390|India|Dofy.in|https://www.dofy.in/in-en/india/sell-old-phone/iqoo/iqoo-neo-9-pro-5g|Verified
iQOO|Neo 9 Pro 5G|256 GB / 12 GB RAM|256 GB|12 GB|₹20,190|India|Dofy.in|https://www.dofy.in/in-en/india/sell-old-phone/iqoo/iqoo-neo-9-pro-5g|Verified
iQOO|Z10 5G|128 GB / 8 GB RAM|128 GB|8 GB|₹15,840|India|Dofy.in|https://www.dofy.in/in-en/india/sell-old-phone/iqoo/iqoo-z10-5g|Verified
iQOO|Z10 5G|256 GB / 8 GB RAM|256 GB|8 GB|₹16,730|India|Dofy.in|https://www.dofy.in/in-en/india/sell-old-phone/iqoo/iqoo-z10-5g|Verified
iQOO|Z10 5G|256 GB / 12 GB RAM|256 GB|12 GB|₹17,620|India|Dofy.in|https://www.dofy.in/in-en/india/sell-old-phone/iqoo/iqoo-z10-5g|Verified
iQOO|Z10 Lite 5G|128 GB / 4 GB RAM|128 GB|4 GB|₹7,530|India|Dofy.in|https://www.dofy.in/in-en/india/sell-old-phone/iqoo/iqoo-z10-lite-5g|Verified
iQOO|Z10 Lite 5G|128 GB / 6 GB RAM|128 GB|6 GB|₹8,270|India|Dofy.in|https://www.dofy.in/in-en/india/sell-old-phone/iqoo/iqoo-z10-lite-5g|Verified
iQOO|Z10 Lite 5G|256 GB / 8 GB RAM|256 GB|8 GB|₹8,930|India|Dofy.in|https://www.dofy.in/in-en/india/sell-old-phone/iqoo/iqoo-z10-lite-5g|Verified
iQOO|Z10r 5G|128 GB / 8 GB RAM|128 GB|8 GB|₹14,190|India|Dofy.in|https://www.dofy.in/in-en/india/sell-old-phone/iqoo/iqoo-z10r-5g|Verified
iQOO|Z10r 5G|256 GB / 8 GB RAM|256 GB|8 GB|₹15,330|India|Dofy.in|https://www.dofy.in/in-en/india/sell-old-phone/iqoo/iqoo-z10r-5g|Verified
iQOO|Z10r 5G|256 GB / 12 GB RAM|256 GB|12 GB|₹15,820|India|Dofy.in|https://www.dofy.in/in-en/india/sell-old-phone/iqoo/iqoo-z10r-5g|Verified
iQOO|Z10x 5G|128 GB / 6 GB RAM|128 GB|6 GB|₹9,980|India|Dofy.in|https://www.dofy.in/in-en/india/sell-old-phone/iqoo/iqoo-z10x-5g|Verified
iQOO|Z10x 5G|128 GB / 8 GB RAM|128 GB|8 GB|₹10,870|India|Dofy.in|https://www.dofy.in/in-en/india/sell-old-phone/iqoo/iqoo-z10x-5g|Verified
iQOO|Z10x 5G|256 GB / 8 GB RAM|256 GB|8 GB|₹11,460|India|Dofy.in|https://www.dofy.in/in-en/india/sell-old-phone/iqoo/iqoo-z10x-5g|Verified
iQOO|Z11 Lite 5G|128 GB / 4 GB RAM|128 GB|4 GB|₹12,670|India|Dofy.in|https://www.dofy.in/in-en/india/sell-old-phone/iqoo/iqoo-z11-lite-5g|Verified
iQOO|Z11 Lite 5G|128 GB / 6 GB RAM|128 GB|6 GB|₹13,970|India|Dofy.in|https://www.dofy.in/in-en/india/sell-old-phone/iqoo/iqoo-z11-lite-5g|Verified
iQOO|Z11 Lite 5G|256 GB / 6 GB RAM|256 GB|6 GB|₹15,920|India|Dofy.in|https://www.dofy.in/in-en/india/sell-old-phone/iqoo/iqoo-z11-lite-5g|Verified
iQOO|Z11x|128 GB / 6 GB RAM|128 GB|6 GB|₹14,050|India|Dofy.in|https://www.dofy.in/in-en/india/sell-old-phone/iqoo/iqoo-z11x|Verified
iQOO|Z11x|128 GB / 8 GB RAM|128 GB|8 GB|₹14,800|India|Dofy.in|https://www.dofy.in/in-en/india/sell-old-phone/iqoo/iqoo-z11x|Verified
iQOO|Z11x|256 GB / 8 GB RAM|256 GB|8 GB|₹15,760|India|Dofy.in|https://www.dofy.in/in-en/india/sell-old-phone/iqoo/iqoo-z11x|Verified
iQOO|Z3 5G|128 GB / 8 GB RAM|128 GB|8 GB|₹8,620|India|Dofy.in|https://www.dofy.in/in-en/india/sell-old-phone/iqoo/iqoo-z3-5g|Verified
iQOO|Z3 5G|256 GB / 8 GB RAM|256 GB|8 GB|₹8,920|India|Dofy.in|https://www.dofy.in/in-en/india/sell-old-phone/iqoo/iqoo-z3-5g|Verified
iQOO|Z3 5G|128 GB / 6 GB RAM|128 GB|6 GB|₹8,430|India|Dofy.in|https://www.dofy.in/in-en/india/sell-old-phone/iqoo/iqoo-z3-5g|Verified
iQOO|Z5 5G|128 GB / 8 GB RAM|128 GB|8 GB|₹9,440|India|Dofy.in|https://www.dofy.in/in-en/india/sell-old-phone/iqoo/iqoo-z5-5g|Verified
iQOO|Z5 5G|256 GB / 12 GB RAM|256 GB|12 GB|₹10,010|India|Dofy.in|https://www.dofy.in/in-en/india/sell-old-phone/iqoo/iqoo-z5-5g|Verified
iQOO|Z6|128 GB / 4 GB RAM|128 GB|4 GB|₹6,700|India|Dofy.in|https://www.dofy.in/in-en/india/sell-old-phone/iqoo/iqoo-z6|Verified
iQOO|Z6|128 GB / 6 GB RAM|128 GB|6 GB|₹7,580|India|Dofy.in|https://www.dofy.in/in-en/india/sell-old-phone/iqoo/iqoo-z6|Verified
iQOO|Z6|128 GB / 8 GB RAM|128 GB|8 GB|₹8,050|India|Dofy.in|https://www.dofy.in/in-en/india/sell-old-phone/iqoo/iqoo-z6|Verified
iQOO|Z6 5G|128 GB / 8 GB RAM|128 GB|8 GB|₹9,310|India|Dofy.in|https://www.dofy.in/in-en/india/sell-old-phone/iqoo/iqoo-z6-5g|Verified
iQOO|Z6 5G|128 GB / 6 GB RAM|128 GB|6 GB|₹9,160|India|Dofy.in|https://www.dofy.in/in-en/india/sell-old-phone/iqoo/iqoo-z6-5g|Verified
iQOO|Z6 5G|128 GB / 4 GB RAM|128 GB|4 GB|₹8,970|India|Dofy.in|https://www.dofy.in/in-en/india/sell-old-phone/iqoo/iqoo-z6-5g|Verified
iQOO|Z6 Lite 5G|64 GB / 4 GB RAM|64 GB|4 GB|₹7,630|India|Dofy.in|https://www.dofy.in/in-en/india/sell-old-phone/iqoo/iqoo-z6-lite-5g|Verified
iQOO|Z6 Lite 5G|128 GB / 6 GB RAM|128 GB|6 GB|₹7,930|India|Dofy.in|https://www.dofy.in/in-en/india/sell-old-phone/iqoo/iqoo-z6-lite-5g|Verified
iQOO|Z6 Pro 5G|256 GB / 12 GB RAM|256 GB|12 GB|₹10,520|India|Dofy.in|https://www.dofy.in/in-en/india/sell-old-phone/iqoo/iqoo-z6-pro-5g|Verified
iQOO|Z6 Pro 5G|128 GB / 8 GB RAM|128 GB|8 GB|₹10,340|India|Dofy.in|https://www.dofy.in/in-en/india/sell-old-phone/iqoo/iqoo-z6-pro-5g|Verified
iQOO|Z6 Pro 5G|128 GB / 6 GB RAM|128 GB|6 GB|₹9,730|India|Dofy.in|https://www.dofy.in/in-en/india/sell-old-phone/iqoo/iqoo-z6-pro-5g|Verified
iQOO|Z7 5G|128 GB / 6 GB RAM|128 GB|6 GB|₹11,080|India|Dofy.in|https://www.dofy.in/in-en/india/sell-old-phone/iqoo/iqoo-z7-5g|Verified
iQOO|Z7 5G|128 GB / 8 GB RAM|128 GB|8 GB|₹11,280|India|Dofy.in|https://www.dofy.in/in-en/india/sell-old-phone/iqoo/iqoo-z7-5g|Verified
iQOO|Z7 Pro|128 GB / 8 GB RAM|128 GB|8 GB|₹12,520|India|Dofy.in|https://www.dofy.in/in-en/india/sell-old-phone/iqoo/iqoo-z7-pro|Verified
iQOO|Z7 Pro|256 GB / 8 GB RAM|256 GB|8 GB|₹15,550|India|Dofy.in|https://www.dofy.in/in-en/india/sell-old-phone/iqoo/iqoo-z7-pro|Verified
iQOO|Z7s 5G|128 GB / 6 GB RAM|128 GB|6 GB|₹9,700|India|Dofy.in|https://www.dofy.in/in-en/india/sell-old-phone/iqoo/iqoo-z7s-5g|Verified
iQOO|Z7s 5G|128 GB / 8 GB RAM|128 GB|8 GB|₹10,190|India|Dofy.in|https://www.dofy.in/in-en/india/sell-old-phone/iqoo/iqoo-z7s-5g|Verified
iQOO|Z9 5G|128 GB / 8 GB RAM|128 GB|8 GB|₹7,870|India|Dofy.in|https://www.dofy.in/in-en/india/sell-old-phone/iqoo/iqoo-z9-5g|Verified
iQOO|Z9 5G|256 GB / 8 GB RAM|256 GB|8 GB|₹8,220|India|Dofy.in|https://www.dofy.in/in-en/india/sell-old-phone/iqoo/iqoo-z9-5g|Verified
iQOO|Z9 Lite 5G|128 GB / 4 GB RAM|128 GB|4 GB|₹7,238|India|Dofy.in|https://www.dofy.in/in-en/india/sell-old-phone/iqoo/iqoo-z9-lite-5g|Verified
iQOO|Z9 Lite 5G|128 GB / 6 GB RAM|128 GB|6 GB|₹8,060|India|Dofy.in|https://www.dofy.in/in-en/india/sell-old-phone/iqoo/iqoo-z9-lite-5g|Verified
iQOO|Z9s 5G|128 GB / 8 GB RAM|128 GB|8 GB|₹12,960|India|Dofy.in|https://www.dofy.in/in-en/india/sell-old-phone/iqoo/iqoo-z9s-5g|Verified
iQOO|Z9s 5G|256 GB / 8 GB RAM|256 GB|8 GB|₹13,360|India|Dofy.in|https://www.dofy.in/in-en/india/sell-old-phone/iqoo/iqoo-z9s-5g|Verified
iQOO|Z9s 5G|256 GB / 12 GB RAM|256 GB|12 GB|₹13,760|India|Dofy.in|https://www.dofy.in/in-en/india/sell-old-phone/iqoo/iqoo-z9s-5g|Verified
iQOO|Z9s Pro 5G|128 GB / 8 GB RAM|128 GB|8 GB|₹13,070|India|Dofy.in|https://www.dofy.in/in-en/india/sell-old-phone/iqoo/iqoo-z9s-pro-5g|Verified
iQOO|Z9s Pro 5G|256 GB / 8 GB RAM|256 GB|8 GB|₹13,610|India|Dofy.in|https://www.dofy.in/in-en/india/sell-old-phone/iqoo/iqoo-z9s-pro-5g|Verified
iQOO|Z9s Pro 5G|256 GB / 12 GB RAM|256 GB|12 GB|₹14,100|India|Dofy.in|https://www.dofy.in/in-en/india/sell-old-phone/iqoo/iqoo-z9s-pro-5g|Verified
iQOO|Z9x 5G|128 GB / 4 GB RAM|128 GB|4 GB|₹7,620|India|Dofy.in|https://www.dofy.in/in-en/india/sell-old-phone/iqoo/iqoo-z9x-5g|Verified
iQOO|Z9x 5G|128 GB / 6 GB RAM|128 GB|6 GB|₹8,340|India|Dofy.in|https://www.dofy.in/in-en/india/sell-old-phone/iqoo/iqoo-z9x-5g|Verified
iQOO|Z9x 5G|128 GB / 8 GB RAM|128 GB|8 GB|₹8,650|India|Dofy.in|https://www.dofy.in/in-en/india/sell-old-phone/iqoo/iqoo-z9x-5g|Verified
Lava|Agni 2 5G|256 GB / 8 GB RAM|256 GB|8 GB|₹5,720|India|Dofy.in|https://www.dofy.in/in-en/india/sell-old-phone/lava/lava-agni-2-5g|Single configuration listed
Lava|Agni 3 5G|128 GB / 8 GB RAM|128 GB|8 GB|₹8,840|India|Dofy.in|https://www.dofy.in/in-en/india/sell-old-phone/lava/lava-agni-3-5g|Verified
Lava|Agni 3 5G|256 GB / 8 GB RAM|256 GB|8 GB|₹10,920|India|Dofy.in|https://www.dofy.in/in-en/india/sell-old-phone/lava/lava-agni-3-5g|Verified
Lava|Agni 4 5G|256 GB / 8 GB RAM|256 GB|8 GB|₹13,750|India|Dofy.in|https://www.dofy.in/in-en/india/sell-old-phone/lava/lava-agni-4-5g|Single configuration listed
Lava|Agni 5G|128 GB / 8 GB RAM|128 GB|8 GB|₹3,290|India|Dofy.in|https://www.dofy.in/in-en/india/sell-old-phone/lava/lava-agni-5g|Single configuration listed
Lava|Blaze 2 4G|128 GB / 6 GB RAM|128 GB|6 GB|₹3,250|India|Dofy.in|https://www.dofy.in/in-en/india/sell-old-phone/lava/lava-blaze-2-4g|Single configuration listed
Lava|Blaze 2 5G|64 GB / 4 GB RAM|64 GB|4 GB|₹3,870|India|Dofy.in|https://www.dofy.in/in-en/india/sell-old-phone/lava/lava-blaze-2-5g|Verified
Lava|Blaze 2 5G|128 GB / 6 GB RAM|128 GB|6 GB|₹4,370|India|Dofy.in|https://www.dofy.in/in-en/india/sell-old-phone/lava/lava-blaze-2-5g|Verified
Lava|Blaze 2 Pro|128 GB / 8 GB RAM|128 GB|8 GB|₹3,180|India|Dofy.in|https://www.dofy.in/in-en/india/sell-old-phone/lava/lava-blaze-2-pro|Single configuration listed
Lava|Blaze 3 5G|128 GB / 6 GB RAM|128 GB|6 GB|₹5,200|India|Dofy.in|https://www.dofy.in/in-en/india/sell-old-phone/lava/lava-blaze-3-5g|Single configuration listed
Lava|Blaze 4G|64 GB / 3 GB RAM|64 GB|3 GB|₹2,190|India|Dofy.in|https://www.dofy.in/in-en/india/sell-old-phone/lava/lava-blaze-4g|Single configuration listed
Lava|Blaze 5G|128 GB / 6 GB RAM|128 GB|6 GB|₹2,750|India|Dofy.in|https://www.dofy.in/in-en/india/sell-old-phone/lava/lava-blaze-5g|Verified
Lava|Blaze 5G|128 GB / 4 GB RAM|128 GB|4 GB|₹2,460|India|Dofy.in|https://www.dofy.in/in-en/india/sell-old-phone/lava/lava-blaze-5g|Verified
Lava|Blaze 5G|128 GB / 8 GB RAM|128 GB|8 GB|₹3,730|India|Dofy.in|https://www.dofy.in/in-en/india/sell-old-phone/lava/lava-blaze-5g|Verified
Lava|Blaze Amoled|128 GB / 4 GB RAM|128 GB|4 GB|₹6,760|India|Dofy.in|https://www.dofy.in/in-en/india/sell-old-phone/lava/lava-blaze-amoled|Verified
Lava|Blaze Amoled|128 GB / 6 GB RAM|128 GB|6 GB|₹7,230|India|Dofy.in|https://www.dofy.in/in-en/india/sell-old-phone/lava/lava-blaze-amoled|Verified
Lava|Blaze Amoled 2|128 GB / 6 GB RAM|128 GB|6 GB|₹7,020|India|Dofy.in|https://www.dofy.in/in-en/india/sell-old-phone/lava/lava-blaze-amoled-2|Single configuration listed
Lava|Blaze Curve|128 GB / 8 GB RAM|128 GB|8 GB|₹6,200|India|Dofy.in|https://www.dofy.in/in-en/india/sell-old-phone/lava/lava-blaze-curve|Verified
Lava|Blaze Curve|256 GB / 8 GB RAM|256 GB|8 GB|₹6,560|India|Dofy.in|https://www.dofy.in/in-en/india/sell-old-phone/lava/lava-blaze-curve|Verified
Lava|Blaze Dragon|128 GB / 4 GB RAM|128 GB|4 GB|₹4,770|India|Dofy.in|https://www.dofy.in/in-en/india/sell-old-phone/lava/lava-blaze-dragon|Verified
Lava|Blaze Dragon|128 GB / 6 GB RAM|128 GB|6 GB|₹5,200|India|Dofy.in|https://www.dofy.in/in-en/india/sell-old-phone/lava/lava-blaze-dragon|Verified
Lava|Blaze Duo 3 5G|128 GB / 6 GB RAM|128 GB|6 GB|₹9,600|India|Dofy.in|https://www.dofy.in/in-en/india/sell-old-phone/lava/lava-blaze-duo-3-5g|Single configuration listed
Lava|Blaze Nxt|64 GB / 4 GB RAM|64 GB|4 GB|₹2,080|India|Dofy.in|https://www.dofy.in/in-en/india/sell-old-phone/lava/lava-blaze-nxt|Single configuration listed
Lava|Blaze Pro|64 GB / 4 GB RAM|64 GB|4 GB|₹2,340|India|Dofy.in|https://www.dofy.in/in-en/india/sell-old-phone/lava/lava-blaze-pro|Single configuration listed
Lava|Blaze Pro 5G|128 GB / 8 GB RAM|128 GB|8 GB|₹5,420|India|Dofy.in|https://www.dofy.in/in-en/india/sell-old-phone/lava/lava-blaze-pro-5g|Single configuration listed
Lava|Blaze X|128 GB / 4 GB RAM|128 GB|4 GB|₹6,160|India|Dofy.in|https://www.dofy.in/in-en/india/sell-old-phone/lava/lava-blaze-x|Verified
Lava|Blaze X|128 GB / 6 GB RAM|128 GB|6 GB|₹6,840|India|Dofy.in|https://www.dofy.in/in-en/india/sell-old-phone/lava/lava-blaze-x|Verified
Lava|Blaze X|128 GB / 8 GB RAM|128 GB|8 GB|₹7,270|India|Dofy.in|https://www.dofy.in/in-en/india/sell-old-phone/lava/lava-blaze-x|Verified
Lava|Bold 5G|128 GB / 4 GB RAM|128 GB|4 GB|₹5,720|India|Dofy.in|https://www.dofy.in/in-en/india/sell-old-phone/lava/lava-bold-5g|Verified
Lava|Bold 5G|128 GB / 6 GB RAM|128 GB|6 GB|₹7,280|India|Dofy.in|https://www.dofy.in/in-en/india/sell-old-phone/lava/lava-bold-5g|Verified
Lava|Bold 5G|128 GB / 8 GB RAM|128 GB|8 GB|₹7,700|India|Dofy.in|https://www.dofy.in/in-en/india/sell-old-phone/lava/lava-bold-5g|Verified
Lava|Bold N1|64 GB / 4 GB RAM|64 GB|4 GB|₹3,120|India|Dofy.in|https://www.dofy.in/in-en/india/sell-old-phone/lava/lava-bold-n1|Single configuration listed
Lava|Bold N1 5G|64 GB / 4 GB RAM|64 GB|4 GB|₹3,900|India|Dofy.in|https://www.dofy.in/in-en/india/sell-old-phone/lava/lava-bold-n1-5g|Verified
Lava|Bold N1 5G|128 GB / 4 GB RAM|128 GB|4 GB|₹4,160|India|Dofy.in|https://www.dofy.in/in-en/india/sell-old-phone/lava/lava-bold-n1-5g|Verified
Lava|Bold N1 Pro|128 GB / 4 GB RAM|128 GB|4 GB|₹3,540|India|Dofy.in|https://www.dofy.in/in-en/india/sell-old-phone/lava/lava-bold-n1-pro|Single configuration listed
Lava|O1|64 GB / 4 GB RAM|64 GB|4 GB|₹2,270|India|Dofy.in|https://www.dofy.in/in-en/india/sell-old-phone/lava/lava-o1|Single configuration listed
Lava|O2|128 GB / 8 GB RAM|128 GB|8 GB|₹4,070|India|Dofy.in|https://www.dofy.in/in-en/india/sell-old-phone/lava/lava-o2|Single configuration listed
Lava|O3|64 GB / 3 GB RAM|64 GB|3 GB|₹3,020|India|Dofy.in|https://www.dofy.in/in-en/india/sell-old-phone/lava/lava-o3|Verified
Lava|O3|64 GB / 4 GB RAM|64 GB|4 GB|₹2,990|India|Dofy.in|https://www.dofy.in/in-en/india/sell-old-phone/lava/lava-o3|Verified
Lava|Play Max 5G|128 GB / 6 GB RAM|128 GB|6 GB|₹0|India|Dofy.in|https://www.dofy.in/in-en/india/sell-old-phone/lava/lava-play-max-5g|Verified
Lava|Play Max 5G|128 GB / 8 GB RAM|128 GB|8 GB|₹0|India|Dofy.in|https://www.dofy.in/in-en/india/sell-old-phone/lava/lava-play-max-5g|Verified
Lava|Play Ultra|128 GB / 6 GB RAM|128 GB|6 GB|₹6,760|India|Dofy.in|https://www.dofy.in/in-en/india/sell-old-phone/lava/lava-play-ultra|Verified
Lava|Play Ultra|128 GB / 8 GB RAM|128 GB|8 GB|₹7,540|India|Dofy.in|https://www.dofy.in/in-en/india/sell-old-phone/lava/lava-play-ultra|Verified
Lava|Shark|64 GB / 4 GB RAM|64 GB|4 GB|₹3,500|India|Dofy.in|https://www.dofy.in/in-en/india/sell-old-phone/lava/lava-shark|Single configuration listed
Lava|Shark 5G|64 GB / 4 GB RAM|64 GB|4 GB|₹4,160|India|Dofy.in|https://www.dofy.in/in-en/india/sell-old-phone/lava/lava-shark-5g|Single configuration listed
Lava|Storm 5G|128 GB / 8 GB RAM|128 GB|8 GB|₹4,460|India|Dofy.in|https://www.dofy.in/in-en/india/sell-old-phone/lava/lava-storm-5g|Single configuration listed
Lava|Storm Lite 5G|64 GB / 4 GB RAM|64 GB|4 GB|₹4,420|India|Dofy.in|https://www.dofy.in/in-en/india/sell-old-phone/lava/lava-storm-lite-5g|Verified
Lava|Storm Lite 5G|128 GB / 4 GB RAM|128 GB|4 GB|₹4,680|India|Dofy.in|https://www.dofy.in/in-en/india/sell-old-phone/lava/lava-storm-lite-5g|Verified
Lava|Strom Play 5G|128 GB / 6 GB RAM|128 GB|6 GB|₹5,460|India|Dofy.in|https://www.dofy.in/in-en/india/sell-old-phone/lava/lava-strom-play-5g|Verified
Lava|Strom Play 5G|256 GB / 8 GB RAM|256 GB|8 GB|₹6,500|India|Dofy.in|https://www.dofy.in/in-en/india/sell-old-phone/lava/lava-strom-play-5g|Verified
Lava|Yuva 2|64 GB / 3 GB RAM|64 GB|3 GB|₹3,140|India|Dofy.in|https://www.dofy.in/in-en/india/sell-old-phone/lava/lava-yuva-2|Single configuration listed
Lava|Yuva 2 Pro|64 GB / 4 GB RAM|64 GB|4 GB|₹2,130|India|Dofy.in|https://www.dofy.in/in-en/india/sell-old-phone/lava/lava-yuva-2-pro|Single configuration listed
Lava|Yuva 3|128 GB / 4 GB RAM|128 GB|4 GB|₹2,850|India|Dofy.in|https://www.dofy.in/in-en/india/sell-old-phone/lava/lava-yuva-3|Verified
Lava|Yuva 3|64 GB / 4 GB RAM|64 GB|4 GB|₹2,190|India|Dofy.in|https://www.dofy.in/in-en/india/sell-old-phone/lava/lava-yuva-3|Verified
Lava|Yuva 3 Pro|128 GB / 8 GB RAM|128 GB|8 GB|₹3,520|India|Dofy.in|https://www.dofy.in/in-en/india/sell-old-phone/lava/lava-yuva-3-pro|Single configuration listed
Lava|Yuva 4|64 GB / 4 GB RAM|64 GB|4 GB|₹3,220|India|Dofy.in|https://www.dofy.in/in-en/india/sell-old-phone/lava/lava-yuva-4|Verified
Lava|Yuva 4|128 GB / 4 GB RAM|128 GB|4 GB|₹3,900|India|Dofy.in|https://www.dofy.in/in-en/india/sell-old-phone/lava/lava-yuva-4|Verified
Lava|Yuva 5G|64 GB / 4 GB RAM|64 GB|4 GB|₹3,790|India|Dofy.in|https://www.dofy.in/in-en/india/sell-old-phone/lava/lava-yuva-5g|Verified
Lava|Yuva 5G|128 GB / 4 GB RAM|128 GB|4 GB|₹4,250|India|Dofy.in|https://www.dofy.in/in-en/india/sell-old-phone/lava/lava-yuva-5g|Verified
Lava|Yuva Smart|512 GB / 3 GB RAM|512 GB|3 GB|₹3,170|India|Dofy.in|https://www.dofy.in/in-en/india/sell-old-phone/lava/lava-yuva-smart|Single configuration listed
Lava|Yuva Smart 2|64 GB / 3 GB RAM|64 GB|3 GB|₹3,280|India|Dofy.in|https://www.dofy.in/in-en/india/sell-old-phone/lava/lava-yuva-smart-2|Single configuration listed
Lava|Yuva Star 2|64 GB / 4 GB RAM|64 GB|4 GB|₹3,380|India|Dofy.in|https://www.dofy.in/in-en/india/sell-old-phone/lava/lava-yuva-star-2|Single configuration listed
LG|G8X ThinQ|128 GB / 6 GB RAM|128 GB|6 GB|₹4,870|India|Dofy.in|https://www.dofy.in/in-en/india/sell-old-phone/lg/lg-g8x-thinq|Single configuration listed
Motorola|Moto E13|128 GB / 8 GB RAM|128 GB|8 GB|₹4,410|India|Dofy.in|https://www.dofy.in/in-en/india/sell-old-phone/motorola/moto-e13|Verified
Motorola|Moto E13|64 GB / 4 GB RAM|64 GB|4 GB|₹4,160|India|Dofy.in|https://www.dofy.in/in-en/india/sell-old-phone/motorola/moto-e13|Verified
Motorola|Moto E13|64 GB / 2 GB RAM|64 GB|2 GB|₹3,810|India|Dofy.in|https://www.dofy.in/in-en/india/sell-old-phone/motorola/moto-e13|Verified
Motorola|Moto E22S|64 GB / 4 GB RAM|64 GB|4 GB|₹3,160|India|Dofy.in|https://www.dofy.in/in-en/india/sell-old-phone/motorola/moto-e22s|Single configuration listed
Motorola|Moto E32|64 GB / 4 GB RAM|64 GB|4 GB|₹4,280|India|Dofy.in|https://www.dofy.in/in-en/india/sell-old-phone/motorola/moto-e32|Single configuration listed
Motorola|Moto E32S|32 GB / 3 GB RAM|32 GB|3 GB|₹3,690|India|Dofy.in|https://www.dofy.in/in-en/india/sell-old-phone/motorola/moto-e32s|Verified
Motorola|Moto E32S|64 GB / 4 GB RAM|64 GB|4 GB|₹3,940|India|Dofy.in|https://www.dofy.in/in-en/india/sell-old-phone/motorola/moto-e32s|Verified
Motorola|Moto E40|64 GB / 4 GB RAM|64 GB|4 GB|₹4,470|India|Dofy.in|https://www.dofy.in/in-en/india/sell-old-phone/motorola/moto-e40|Single configuration listed
Motorola|Moto E6s|64 GB / 4 GB RAM|64 GB|4 GB|₹2,730|India|Dofy.in|https://www.dofy.in/in-en/india/sell-old-phone/motorola/moto-e6s|Single configuration listed
Motorola|Moto Edge 20|128 GB / 8 GB RAM|128 GB|8 GB|₹8,810|India|Dofy.in|https://www.dofy.in/in-en/india/sell-old-phone/motorola/moto-edge-20|Single configuration listed
Motorola|Moto Edge 20 Fusion|128 GB / 6 GB RAM|128 GB|6 GB|₹8,080|India|Dofy.in|https://www.dofy.in/in-en/india/sell-old-phone/motorola/moto-edge-20-fusion|Verified
Motorola|Moto Edge 20 Fusion|128 GB / 8 GB RAM|128 GB|8 GB|₹8,470|India|Dofy.in|https://www.dofy.in/in-en/india/sell-old-phone/motorola/moto-edge-20-fusion|Verified
Motorola|Moto Edge 20 Pro|128 GB / 8 GB RAM|128 GB|8 GB|₹10,340|India|Dofy.in|https://www.dofy.in/in-en/india/sell-old-phone/motorola/moto-edge-20-pro|Single configuration listed
Motorola|Moto Edge 30|128 GB / 6 GB RAM|128 GB|6 GB|₹9,560|India|Dofy.in|https://www.dofy.in/in-en/india/sell-old-phone/motorola/moto-edge-30|Verified
Motorola|Moto Edge 30|128 GB / 8 GB RAM|128 GB|8 GB|₹9,850|India|Dofy.in|https://www.dofy.in/in-en/india/sell-old-phone/motorola/moto-edge-30|Verified
Motorola|Moto Edge 30 Fusion|128 GB / 8 GB RAM|128 GB|8 GB|₹12,370|India|Dofy.in|https://www.dofy.in/in-en/india/sell-old-phone/motorola/moto-edge-30-fusion|Single configuration listed
Motorola|Moto Edge 30 Pro|128 GB / 8 GB RAM|128 GB|8 GB|₹11,940|India|Dofy.in|https://www.dofy.in/in-en/india/sell-old-phone/motorola/moto-edge-30-pro|Single configuration listed
Motorola|Moto Edge 30 Ultra|128 GB / 8 GB RAM|128 GB|8 GB|₹16,430|India|Dofy.in|https://www.dofy.in/in-en/india/sell-old-phone/motorola/moto-edge-30-ultra|Verified
Motorola|Moto Edge 30 Ultra|256 GB / 12 GB RAM|256 GB|12 GB|₹17,550|India|Dofy.in|https://www.dofy.in/in-en/india/sell-old-phone/motorola/moto-edge-30-ultra|Verified
Motorola|Moto Edge 40|256 GB / 8 GB RAM|256 GB|8 GB|₹15,020|India|Dofy.in|https://www.dofy.in/in-en/india/sell-old-phone/motorola/moto-edge-40|Single configuration listed
Motorola|Moto Edge 40 Neo|128 GB / 8 GB RAM|128 GB|8 GB|₹13,740|India|Dofy.in|https://www.dofy.in/in-en/india/sell-old-phone/motorola/moto-edge-40-neo|Verified
Motorola|Moto Edge 40 Neo|256 GB / 12 GB RAM|256 GB|12 GB|₹14,550|India|Dofy.in|https://www.dofy.in/in-en/india/sell-old-phone/motorola/moto-edge-40-neo|Verified
Motorola|Moto Edge 50 5G|256 GB / 8 GB RAM|256 GB|8 GB|₹15,260|India|Dofy.in|https://www.dofy.in/in-en/india/sell-old-phone/motorola/moto-edge-50-5g|Single configuration listed
Motorola|Moto Edge 50 Fusion|128 GB / 8 GB RAM|128 GB|8 GB|₹5,610|India|Dofy.in|https://www.dofy.in/in-en/india/sell-old-phone/motorola/moto-edge-50-fusion|Verified
Motorola|Moto Edge 50 Fusion|256 GB / 12 GB RAM|256 GB|12 GB|₹6,330|India|Dofy.in|https://www.dofy.in/in-en/india/sell-old-phone/motorola/moto-edge-50-fusion|Verified
Motorola|Moto Edge 50 Neo|256 GB / 8 GB RAM|256 GB|8 GB|₹15,480|India|Dofy.in|https://www.dofy.in/in-en/india/sell-old-phone/motorola/moto-edge-50-neo|Single configuration listed
Motorola|Moto Edge 50 Pro 5G|256 GB / 8 GB RAM|256 GB|8 GB|₹17,170|India|Dofy.in|https://www.dofy.in/in-en/india/sell-old-phone/motorola/moto-edge-50-pro-5g|Verified
Motorola|Moto Edge 50 Pro 5G|256 GB / 12 GB RAM|256 GB|12 GB|₹17,640|India|Dofy.in|https://www.dofy.in/in-en/india/sell-old-phone/motorola/moto-edge-50-pro-5g|Verified
Motorola|Moto Edge 60|256 GB / 12 GB RAM|256 GB|12 GB|₹17,200|India|Dofy.in|https://www.dofy.in/in-en/india/sell-old-phone/motorola/moto-edge-60|Single configuration listed
Motorola|Moto Edge 60 Fusion|256 GB / 8 GB RAM|256 GB|8 GB|₹15,750|India|Dofy.in|https://www.dofy.in/in-en/india/sell-old-phone/motorola/moto-edge-60-fusion|Verified
Motorola|Moto Edge 60 Fusion|256 GB / 12 GB RAM|256 GB|12 GB|₹16,650|India|Dofy.in|https://www.dofy.in/in-en/india/sell-old-phone/motorola/moto-edge-60-fusion|Verified
Motorola|Moto Edge 60 Fusion|128 GB / 8 GB RAM|128 GB|8 GB|₹14,210|India|Dofy.in|https://www.dofy.in/in-en/india/sell-old-phone/motorola/moto-edge-60-fusion|Verified
Motorola|Moto Edge 60 Pro|256 GB / 8 GB RAM|256 GB|8 GB|₹18,750|India|Dofy.in|https://www.dofy.in/in-en/india/sell-old-phone/motorola/moto-edge-60-pro|Verified
Motorola|Moto Edge 60 Pro|256 GB / 12 GB RAM|256 GB|12 GB|₹21,500|India|Dofy.in|https://www.dofy.in/in-en/india/sell-old-phone/motorola/moto-edge-60-pro|Verified
Motorola|Moto Edge 60 Stylus|256 GB / 8 GB RAM|256 GB|8 GB|₹15,330|India|Dofy.in|https://www.dofy.in/in-en/india/sell-old-phone/motorola/moto-edge-60-stylus|Single configuration listed
Motorola|Moto Edge 70|256 GB / 8 GB RAM|256 GB|8 GB|₹18,010|India|Dofy.in|https://www.dofy.in/in-en/india/sell-old-phone/motorola/moto-edge-70|Single configuration listed
Motorola|Moto Edge 70 Fusion|128 GB / 8 GB RAM|128 GB|8 GB|₹16,020|India|Dofy.in|https://www.dofy.in/in-en/india/sell-old-phone/motorola/moto-edge-70-fusion|Verified
Motorola|Moto Edge 70 Fusion|256 GB / 8 GB RAM|256 GB|8 GB|₹19,990|India|Dofy.in|https://www.dofy.in/in-en/india/sell-old-phone/motorola/moto-edge-70-fusion|Verified
Motorola|Moto Edge 70 Fusion|256 GB / 12 GB RAM|256 GB|12 GB|₹20,410|India|Dofy.in|https://www.dofy.in/in-en/india/sell-old-phone/motorola/moto-edge-70-fusion|Verified
Motorola|Moto Edge 70 Max|256 GB / 8 GB RAM|256 GB|8 GB|₹34,320|India|Dofy.in|https://www.dofy.in/in-en/india/sell-old-phone/motorola/moto-edge-70-max|Verified
Motorola|Moto Edge 70 Max|256 GB / 12 GB RAM|256 GB|12 GB|₹38,300|India|Dofy.in|https://www.dofy.in/in-en/india/sell-old-phone/motorola/moto-edge-70-max|Verified
Motorola|Moto Edge 70 Pro|256 GB / 8 GB RAM|256 GB|8 GB|₹25,140|India|Dofy.in|https://www.dofy.in/in-en/india/sell-old-phone/motorola/moto-edge-70-pro|Verified
Motorola|Moto Edge 70 Pro|256 GB / 12 GB RAM|256 GB|12 GB|₹27,110|India|Dofy.in|https://www.dofy.in/in-en/india/sell-old-phone/motorola/moto-edge-70-pro|Verified
Motorola|Moto Edge 70 Pro Plus|256 GB / 12 GB RAM|256 GB|12 GB|₹30,050|India|Dofy.in|https://www.dofy.in/in-en/india/sell-old-phone/motorola/moto-edge-70-pro-plus|Single configuration listed
Motorola|Moto Edge Plus|256 GB / 12 GB RAM|256 GB|12 GB|₹11,490|India|Dofy.in|https://www.dofy.in/in-en/india/sell-old-phone/motorola/moto-edge-plus|Single configuration listed
Motorola|Moto G 5G|128 GB / 6 GB RAM|128 GB|6 GB|₹6,850|India|Dofy.in|https://www.dofy.in/in-en/india/sell-old-phone/motorola/moto-g-5g|Single configuration listed
Motorola|Moto G Max|128 GB / 6 GB RAM|128 GB|6 GB|₹18,200|India|Dofy.in|https://www.dofy.in/in-en/india/sell-old-phone/motorola/moto-g-max|Single configuration listed
Motorola|Moto G04|128 GB / 8 GB RAM|128 GB|8 GB|₹3,700|India|Dofy.in|https://www.dofy.in/in-en/india/sell-old-phone/motorola/moto-g04|Verified
Motorola|Moto G04|64 GB / 4 GB RAM|64 GB|4 GB|₹3,480|India|Dofy.in|https://www.dofy.in/in-en/india/sell-old-phone/motorola/moto-g04|Verified
Motorola|Moto G04s|64 GB / 4 GB RAM|64 GB|4 GB|₹3,940|India|Dofy.in|https://www.dofy.in/in-en/india/sell-old-phone/motorola/moto-g04s|Single configuration listed
Motorola|Moto G05|64 GB / 4 GB RAM|64 GB|4 GB|₹5,090|India|Dofy.in|https://www.dofy.in/in-en/india/sell-old-phone/motorola/moto-g05|Single configuration listed
Motorola|Moto G10 Power|64 GB / 4 GB RAM|64 GB|4 GB|₹4,180|India|Dofy.in|https://www.dofy.in/in-en/india/sell-old-phone/motorola/moto-g10-power|Single configuration listed
Motorola|Moto G13|64 GB / 4 GB RAM|64 GB|4 GB|₹3,560|India|Dofy.in|https://www.dofy.in/in-en/india/sell-old-phone/motorola/moto-g13|Verified
Motorola|Moto G13|128 GB / 4 GB RAM|128 GB|4 GB|₹4,270|India|Dofy.in|https://www.dofy.in/in-en/india/sell-old-phone/motorola/moto-g13|Verified
Motorola|Moto G14|128 GB / 4 GB RAM|128 GB|4 GB|₹4,600|India|Dofy.in|https://www.dofy.in/in-en/india/sell-old-phone/motorola/moto-g14|Single configuration listed
Motorola|Moto G22|64 GB / 4 GB RAM|64 GB|4 GB|₹4,820|India|Dofy.in|https://www.dofy.in/in-en/india/sell-old-phone/motorola/moto-g22|Single configuration listed
Motorola|Moto G24 Power|128 GB / 4 GB RAM|128 GB|4 GB|₹3,180|India|Dofy.in|https://www.dofy.in/in-en/india/sell-old-phone/motorola/moto-g24-power|Verified
Motorola|Moto G24 Power|128 GB / 8 GB RAM|128 GB|8 GB|₹3,560|India|Dofy.in|https://www.dofy.in/in-en/india/sell-old-phone/motorola/moto-g24-power|Verified
Motorola|Moto G30|64 GB / 4 GB RAM|64 GB|4 GB|₹3,980|India|Dofy.in|https://www.dofy.in/in-en/india/sell-old-phone/motorola/moto-g30|Single configuration listed
Motorola|Moto G31|64 GB / 4 GB RAM|64 GB|4 GB|₹4,770|India|Dofy.in|https://www.dofy.in/in-en/india/sell-old-phone/motorola/moto-g31|Verified
Motorola|Moto G31|128 GB / 6 GB RAM|128 GB|6 GB|₹5,050|India|Dofy.in|https://www.dofy.in/in-en/india/sell-old-phone/motorola/moto-g31|Verified
Motorola|MOTO G32|64 GB / 4 GB RAM|64 GB|4 GB|₹4,720|India|Dofy.in|https://www.dofy.in/in-en/india/sell-old-phone/motorola/moto-g32|Verified
Motorola|MOTO G32|128 GB / 8 GB RAM|128 GB|8 GB|₹5,210|India|Dofy.in|https://www.dofy.in/in-en/india/sell-old-phone/motorola/moto-g32|Verified
Motorola|Moto G34 5G|128 GB / 8 GB RAM|128 GB|8 GB|₹8,380|India|Dofy.in|https://www.dofy.in/in-en/india/sell-old-phone/motorola/moto-g34-5g|Verified
Motorola|Moto G34 5G|128 GB / 4 GB RAM|128 GB|4 GB|₹7,050|India|Dofy.in|https://www.dofy.in/in-en/india/sell-old-phone/motorola/moto-g34-5g|Verified
Motorola|Moto G35 5G|128 GB / 4 GB RAM|128 GB|4 GB|₹7,510|India|Dofy.in|https://www.dofy.in/in-en/india/sell-old-phone/motorola/moto-g35-5g|Single configuration listed
Motorola|Moto G37|64 GB / 4 GB RAM|64 GB|4 GB|₹9,100|India|Dofy.in|https://www.dofy.in/in-en/india/sell-old-phone/motorola/moto-g37|Single configuration listed
Motorola|Moto G37 Power|128 GB / 4 GB RAM|128 GB|4 GB|₹10,400|India|Dofy.in|https://www.dofy.in/in-en/india/sell-old-phone/motorola/moto-g37-power|Verified
Motorola|Moto G37 Power|128 GB / 8 GB RAM|128 GB|8 GB|₹12,350|India|Dofy.in|https://www.dofy.in/in-en/india/sell-old-phone/motorola/moto-g37-power|Verified
Motorola|Moto G40 Fusion|64 GB / 4 GB RAM|64 GB|4 GB|₹4,910|India|Dofy.in|https://www.dofy.in/in-en/india/sell-old-phone/motorola/moto-g40-fusion|Verified
Motorola|Moto G40 Fusion|128 GB / 6 GB RAM|128 GB|6 GB|₹5,540|India|Dofy.in|https://www.dofy.in/in-en/india/sell-old-phone/motorola/moto-g40-fusion|Verified
Motorola|Moto G42|64 GB / 4 GB RAM|64 GB|4 GB|₹4,920|India|Dofy.in|https://www.dofy.in/in-en/india/sell-old-phone/motorola/moto-g42|Single configuration listed
Motorola|Moto G45 5G|128 GB / 4 GB RAM|128 GB|4 GB|₹6,960|India|Dofy.in|https://www.dofy.in/in-en/india/sell-old-phone/motorola/moto-g45-5g|Verified
Motorola|Moto G45 5G|128 GB / 8 GB RAM|128 GB|8 GB|₹8,840|India|Dofy.in|https://www.dofy.in/in-en/india/sell-old-phone/motorola/moto-g45-5g|Verified
Motorola|Moto G51 5G|64 GB / 4 GB RAM|64 GB|4 GB|₹6,750|India|Dofy.in|https://www.dofy.in/in-en/india/sell-old-phone/motorola/moto-g51-5g-|Single configuration listed
Motorola|Moto G52|64 GB / 4 GB RAM|64 GB|4 GB|₹5,080|India|Dofy.in|https://www.dofy.in/in-en/india/sell-old-phone/motorola/moto-g52|Verified
Motorola|Moto G52|128 GB / 6 GB RAM|128 GB|6 GB|₹5,580|India|Dofy.in|https://www.dofy.in/in-en/india/sell-old-phone/motorola/moto-g52|Verified
Motorola|Moto G54 5G|128 GB / 8 GB RAM|128 GB|8 GB|₹9,880|India|Dofy.in|https://www.dofy.in/in-en/india/sell-old-phone/motorola/moto-g54-5g|Verified
Motorola|Moto G54 5G|256 GB / 12 GB RAM|256 GB|12 GB|₹11,070|India|Dofy.in|https://www.dofy.in/in-en/india/sell-old-phone/motorola/moto-g54-5g|Verified
Motorola|Moto G57 Power|128 GB / 8 GB RAM|128 GB|8 GB|₹9,000|India|Dofy.in|https://www.dofy.in/in-en/india/sell-old-phone/motorola/moto-g57-power|Single configuration listed
Motorola|Moto G60|128 GB / 6 GB RAM|128 GB|6 GB|₹6,150|India|Dofy.in|https://www.dofy.in/in-en/india/sell-old-phone/motorola/moto-g60|Single configuration listed
Motorola|Moto G62 5G|128 GB / 6 GB RAM|128 GB|6 GB|₹7,180|India|Dofy.in|https://www.dofy.in/in-en/india/sell-old-phone/motorola/moto-g62-5g|Verified
Motorola|Moto G62 5G|128 GB / 8 GB RAM|128 GB|8 GB|₹7,810|India|Dofy.in|https://www.dofy.in/in-en/india/sell-old-phone/motorola/moto-g62-5g|Verified
Motorola|Moto G64 5G|128 GB / 8 GB RAM|128 GB|8 GB|₹9,290|India|Dofy.in|https://www.dofy.in/in-en/india/sell-old-phone/motorola/moto-g64-5g|Verified
Motorola|Moto G64 5G|256 GB / 12 GB RAM|256 GB|12 GB|₹10,150|India|Dofy.in|https://www.dofy.in/in-en/india/sell-old-phone/motorola/moto-g64-5g|Verified
Motorola|Moto G67 Power|128 GB / 8 GB RAM|128 GB|8 GB|₹10,380|India|Dofy.in|https://www.dofy.in/in-en/india/sell-old-phone/motorola/moto-g67-power|Single configuration listed
Motorola|Moto G7|64 GB / 4 GB RAM|64 GB|4 GB|₹1,600|India|Dofy.in|https://www.dofy.in/in-en/india/sell-old-phone/motorola/moto-g7|Single configuration listed
Motorola|Moto G7 Power|64 GB / 4 GB RAM|64 GB|4 GB|₹2,780|India|Dofy.in|https://www.dofy.in/in-en/india/sell-old-phone/motorola/moto-g7-power|Single configuration listed
Motorola|Moto G71 5G|128 GB / 6 GB RAM|128 GB|6 GB|₹7,930|India|Dofy.in|https://www.dofy.in/in-en/india/sell-old-phone/motorola/moto-g71-5g|Single configuration listed
Motorola|Moto G72 5G|128 GB / 6 GB RAM|128 GB|6 GB|₹6,370|India|Dofy.in|https://www.dofy.in/in-en/india/sell-old-phone/motorola/moto-g72-5g|Single configuration listed
Motorola|Moto G73|128 GB / 8 GB RAM|128 GB|8 GB|₹8,560|India|Dofy.in|https://www.dofy.in/in-en/india/sell-old-phone/motorola/moto-g73|Single configuration listed
Motorola|Moto G77 Power|128 GB / 4 GB RAM|128 GB|4 GB|₹15,600|India|Dofy.in|https://www.dofy.in/in-en/india/sell-old-phone/motorola/moto-g77-power|Verified
Motorola|Moto G77 Power|128 GB / 8 GB RAM|128 GB|8 GB|₹16,270|India|Dofy.in|https://www.dofy.in/in-en/india/sell-old-phone/motorola/moto-g77-power|Verified
Motorola|Moto G8 Plus|64 GB / 4 GB RAM|64 GB|4 GB|₹3,730|India|Dofy.in|https://www.dofy.in/in-en/india/sell-old-phone/motorola/moto-g8-plus|Single configuration listed
Motorola|Moto G8 Power Lite|64 GB / 4 GB RAM|64 GB|4 GB|₹3,730|India|Dofy.in|https://www.dofy.in/in-en/india/sell-old-phone/motorola/moto-g8-power-lite|Single configuration listed
Motorola|Moto G82 5G|128 GB / 6 GB RAM|128 GB|6 GB|₹8,750|India|Dofy.in|https://www.dofy.in/in-en/india/sell-old-phone/motorola/moto-g82-5g|Verified
Motorola|Moto G82 5G|128 GB / 8 GB RAM|128 GB|8 GB|₹9,300|India|Dofy.in|https://www.dofy.in/in-en/india/sell-old-phone/motorola/moto-g82-5g|Verified
Motorola|Moto G84 5G|256 GB / 12 GB RAM|256 GB|12 GB|₹11,880|India|Dofy.in|https://www.dofy.in/in-en/india/sell-old-phone/motorola/moto-g84-5g|Single configuration listed
Motorola|Moto G85 5G|128 GB / 8 GB RAM|128 GB|8 GB|₹12,480|India|Dofy.in|https://www.dofy.in/in-en/india/sell-old-phone/motorola/moto-g85-5g|Verified
Motorola|Moto G85 5G|256 GB / 12 GB RAM|256 GB|12 GB|₹13,670|India|Dofy.in|https://www.dofy.in/in-en/india/sell-old-phone/motorola/moto-g85-5g|Verified
Motorola|Moto G86 Power 5G|128 GB / 8 GB RAM|128 GB|8 GB|₹11,870|India|Dofy.in|https://www.dofy.in/in-en/india/sell-old-phone/motorola/moto-g86-power-5g|Single configuration listed
Motorola|Moto G9|64 GB / 4 GB RAM|64 GB|4 GB|₹3,820|India|Dofy.in|https://www.dofy.in/in-en/india/sell-old-phone/motorola/moto-g9|Single configuration listed
Motorola|Moto G9 Power|64 GB / 4 GB RAM|64 GB|4 GB|₹3,910|India|Dofy.in|https://www.dofy.in/in-en/india/sell-old-phone/motorola/moto-g9-power|Single configuration listed
Motorola|Moto G96 5G|128 GB / 8 GB RAM|128 GB|8 GB|₹12,400|India|Dofy.in|https://www.dofy.in/in-en/india/sell-old-phone/motorola/moto-g96-5g|Verified
Motorola|Moto G96 5G|256 GB / 8 GB RAM|256 GB|8 GB|₹13,430|India|Dofy.in|https://www.dofy.in/in-en/india/sell-old-phone/motorola/moto-g96-5g|Verified
Motorola|Moto One Action|128 GB / 4 GB RAM|128 GB|4 GB|₹3,420|India|Dofy.in|https://www.dofy.in/in-en/india/sell-old-phone/motorola/moto-one-action|Single configuration listed
Motorola|Moto One Fusion Plus|128 GB / 6 GB RAM|128 GB|6 GB|₹5,750|India|Dofy.in|https://www.dofy.in/in-en/india/sell-old-phone/motorola/moto-one-fusion-plus|Single configuration listed
Motorola|Moto One Macro|64 GB / 4 GB RAM|64 GB|4 GB|₹2,890|India|Dofy.in|https://www.dofy.in/in-en/india/sell-old-phone/motorola/moto-one-macro|Single configuration listed
Motorola|Moto One Vision|128 GB / 4 GB RAM|128 GB|4 GB|₹3,370|India|Dofy.in|https://www.dofy.in/in-en/india/sell-old-phone/motorola/moto-one-vision|Single configuration listed
Motorola|Moto Razr|128 GB / 6 GB RAM|128 GB|6 GB|₹12,420|India|Dofy.in|https://www.dofy.in/in-en/india/sell-old-phone/motorola/moto-razr|Single configuration listed
Motorola|Moto Razr 40|256 GB / 8 GB RAM|256 GB|8 GB|₹16,700|India|Dofy.in|https://www.dofy.in/in-en/india/sell-old-phone/motorola/moto-razr-40|Single configuration listed
Motorola|Moto Razr 40 Ultra|256 GB / 8 GB RAM|256 GB|8 GB|₹22,480|India|Dofy.in|https://www.dofy.in/in-en/india/sell-old-phone/motorola/moto-razr-40-ultra|Single configuration listed
Motorola|Moto Razr 50|256 GB / 8 GB RAM|256 GB|8 GB|₹20,730|India|Dofy.in|https://www.dofy.in/in-en/india/sell-old-phone/motorola/moto-razr-50|Single configuration listed
Motorola|Moto Razr 50 Ultra|512 GB / 12 GB RAM|512 GB|12 GB|₹30,740|India|Dofy.in|https://www.dofy.in/in-en/india/sell-old-phone/motorola/moto-razr-50-ultra|Single configuration listed
Motorola|Moto Razr 5G|256 GB / 8 GB RAM|256 GB|8 GB|₹16,550|India|Dofy.in|https://www.dofy.in/in-en/india/sell-old-phone/motorola/moto-razr-5g|Single configuration listed
Motorola|Moto Razr 60|256 GB / 8 GB RAM|256 GB|8 GB|₹20,930|India|Dofy.in|https://www.dofy.in/in-en/india/sell-old-phone/motorola/moto-razr-60|Single configuration listed
Motorola|Moto Razr 60 Ultra|512 GB / 16 GB RAM|512 GB|16 GB|₹37,860|India|Dofy.in|https://www.dofy.in/in-en/india/sell-old-phone/motorola/moto-razr-60-ultra|Single configuration listed
Motorola|Moto Razr Fold|256 GB / 12 GB RAM|256 GB|12 GB|₹75,000|India|Dofy.in|https://www.dofy.in/in-en/india/sell-old-phone/motorola/moto-razr-fold|Verified
Motorola|Moto Razr Fold|512 GB / 16 GB RAM|512 GB|16 GB|₹80,000|India|Dofy.in|https://www.dofy.in/in-en/india/sell-old-phone/motorola/moto-razr-fold|Verified
Motorola|Edge 50 Ultra 5G|512 GB / 12 GB RAM|512 GB|12 GB|₹25,420|India|Dofy.in|https://www.dofy.in/in-en/india/sell-old-phone/motorola/motorola-edge-50-ultra-5g|Single configuration listed
Nokia|HMD Fusion|256 GB / 8 GB RAM|256 GB|8 GB|₹6,000|India|Dofy.in|https://www.dofy.in/in-en/india/sell-old-phone/nokia/hmd-fusion|Single configuration listed
Nokia|HMD Vibe 5G|128 GB / 4 GB RAM|128 GB|4 GB|₹4,950|India|Dofy.in|https://www.dofy.in/in-en/india/sell-old-phone/nokia/hmd-vibe-5g|Single configuration listed
Nokia|2.2|16 GB / 2 GB RAM|16 GB|2 GB|₹1,910|India|Dofy.in|https://www.dofy.in/in-en/india/sell-old-phone/nokia/nokia-22|Verified
Nokia|2.2|32 GB / 3 GB RAM|32 GB|3 GB|₹2,050|India|Dofy.in|https://www.dofy.in/in-en/india/sell-old-phone/nokia/nokia-22|Verified
Nokia|2.3|32 GB / 2 GB RAM|32 GB|2 GB|₹2,880|India|Dofy.in|https://www.dofy.in/in-en/india/sell-old-phone/nokia/nokia-23|Single configuration listed
Nokia|2.4|64 GB / 3 GB RAM|64 GB|3 GB|₹3,080|India|Dofy.in|https://www.dofy.in/in-en/india/sell-old-phone/nokia/nokia-24|Single configuration listed
Nokia|3.1 Plus|32 GB / 3 GB RAM|32 GB|3 GB|₹2,440|India|Dofy.in|https://www.dofy.in/in-en/india/sell-old-phone/nokia/nokia-31-plus|Single configuration listed
Nokia|3.2|16 GB / 2 GB RAM|16 GB|2 GB|₹2,270|India|Dofy.in|https://www.dofy.in/in-en/india/sell-old-phone/nokia/nokia-32|Verified
Nokia|3.2|32 GB / 3 GB RAM|32 GB|3 GB|₹2,680|India|Dofy.in|https://www.dofy.in/in-en/india/sell-old-phone/nokia/nokia-32|Verified
Nokia|3.4|64 GB / 4 GB RAM|64 GB|4 GB|₹3,170|India|Dofy.in|https://www.dofy.in/in-en/india/sell-old-phone/nokia/nokia-34|Single configuration listed
Nokia|4.2|32 GB / 3 GB RAM|32 GB|3 GB|₹2,230|India|Dofy.in|https://www.dofy.in/in-en/india/sell-old-phone/nokia/nokia-42|Single configuration listed
Nokia|5.1 Plus|32 GB / 3 GB RAM|32 GB|3 GB|₹2,330|India|Dofy.in|https://www.dofy.in/in-en/india/sell-old-phone/nokia/nokia-51-plus|Verified
Nokia|5.1 Plus|64 GB / 4 GB RAM|64 GB|4 GB|₹2,860|India|Dofy.in|https://www.dofy.in/in-en/india/sell-old-phone/nokia/nokia-51-plus|Verified
Nokia|5.1 Plus|64 GB / 6 GB RAM|64 GB|6 GB|₹3,200|India|Dofy.in|https://www.dofy.in/in-en/india/sell-old-phone/nokia/nokia-51-plus|Verified
Nokia|5.3|64 GB / 4 GB RAM|64 GB|4 GB|₹3,870|India|Dofy.in|https://www.dofy.in/in-en/india/sell-old-phone/nokia/nokia-53|Verified
Nokia|5.3|64 GB / 6 GB RAM|64 GB|6 GB|₹4,100|India|Dofy.in|https://www.dofy.in/in-en/india/sell-old-phone/nokia/nokia-53|Verified
Nokia|5.4|64 GB / 4 GB RAM|64 GB|4 GB|₹3,670|India|Dofy.in|https://www.dofy.in/in-en/india/sell-old-phone/nokia/nokia-54|Verified
Nokia|5.4|64 GB / 6 GB RAM|64 GB|6 GB|₹4,120|India|Dofy.in|https://www.dofy.in/in-en/india/sell-old-phone/nokia/nokia-54|Verified
Nokia|6.1 Plus|64 GB / 4 GB RAM|64 GB|4 GB|₹2,340|India|Dofy.in|https://www.dofy.in/in-en/india/sell-old-phone/nokia/nokia-61-plus|Verified
Nokia|6.1 Plus|64 GB / 6 GB RAM|64 GB|6 GB|₹2,600|India|Dofy.in|https://www.dofy.in/in-en/india/sell-old-phone/nokia/nokia-61-plus|Verified
Nokia|6.2|64 GB / 4 GB RAM|64 GB|4 GB|₹2,930|India|Dofy.in|https://www.dofy.in/in-en/india/sell-old-phone/nokia/nokia-62|Single configuration listed
Nokia|7.2|64 GB / 4 GB RAM|64 GB|4 GB|₹3,330|India|Dofy.in|https://www.dofy.in/in-en/india/sell-old-phone/nokia/nokia-72|Verified
Nokia|7.2|64 GB / 6 GB RAM|64 GB|6 GB|₹3,720|India|Dofy.in|https://www.dofy.in/in-en/india/sell-old-phone/nokia/nokia-72|Verified
Nokia|9 PureView|128 GB / 6 GB RAM|128 GB|6 GB|₹8,420|India|Dofy.in|https://www.dofy.in/in-en/india/sell-old-phone/nokia/nokia-9-pureview|Single configuration listed
Nokia|C01 Plus|16 GB / 2 GB RAM|16 GB|2 GB|₹1,890|India|Dofy.in|https://www.dofy.in/in-en/india/sell-old-phone/nokia/nokia-c01-plus|Single configuration listed
Nokia|C12|64 GB / 2 GB RAM|64 GB|2 GB|₹2,560|India|Dofy.in|https://www.dofy.in/in-en/india/sell-old-phone/nokia/nokia-c12|Single configuration listed
Nokia|C12 Pro|64 GB / 2 GB RAM|64 GB|2 GB|₹2,660|India|Dofy.in|https://www.dofy.in/in-en/india/sell-old-phone/nokia/nokia-c12-pro|Verified
Nokia|C12 Pro|64 GB / 3 GB RAM|64 GB|3 GB|₹2,750|India|Dofy.in|https://www.dofy.in/in-en/india/sell-old-phone/nokia/nokia-c12-pro|Verified
Nokia|C20 Plus|32 GB / 2 GB RAM|32 GB|2 GB|₹2,420|India|Dofy.in|https://www.dofy.in/in-en/india/sell-old-phone/nokia/nokia-c20-plus|Verified
Nokia|C20 Plus|32 GB / 3 GB RAM|32 GB|3 GB|₹2,680|India|Dofy.in|https://www.dofy.in/in-en/india/sell-old-phone/nokia/nokia-c20-plus|Verified
Nokia|C21 Plus|32 GB / 3 GB RAM|32 GB|3 GB|₹3,300|India|Dofy.in|https://www.dofy.in/in-en/india/sell-old-phone/nokia/nokia-c21-plus|Verified
Nokia|C21 Plus|64 GB / 4 GB RAM|64 GB|4 GB|₹3,640|India|Dofy.in|https://www.dofy.in/in-en/india/sell-old-phone/nokia/nokia-c21-plus|Verified
Nokia|C22|64 GB / 2 GB RAM|64 GB|2 GB|₹2,480|India|Dofy.in|https://www.dofy.in/in-en/india/sell-old-phone/nokia/nokia-c22|Verified
Nokia|C22|64 GB / 4 GB RAM|64 GB|4 GB|₹3,060|India|Dofy.in|https://www.dofy.in/in-en/india/sell-old-phone/nokia/nokia-c22|Verified
Nokia|C30|32 GB / 3 GB RAM|32 GB|3 GB|₹3,000|India|Dofy.in|https://www.dofy.in/in-en/india/sell-old-phone/nokia/nokia-c30|Verified
Nokia|C30|64 GB / 4 GB RAM|64 GB|4 GB|₹3,370|India|Dofy.in|https://www.dofy.in/in-en/india/sell-old-phone/nokia/nokia-c30|Verified
Nokia|C31|64 GB / 4 GB RAM|64 GB|4 GB|₹3,110|India|Dofy.in|https://www.dofy.in/in-en/india/sell-old-phone/nokia/nokia-c31|Verified
Nokia|C31|32 GB / 3 GB RAM|32 GB|3 GB|₹2,710|India|Dofy.in|https://www.dofy.in/in-en/india/sell-old-phone/nokia/nokia-c31|Verified
Nokia|C32|64 GB / 4 GB RAM|64 GB|4 GB|₹2,850|India|Dofy.in|https://www.dofy.in/in-en/india/sell-old-phone/nokia/nokia-c32|Verified
Nokia|C32|128 GB / 4 GB RAM|128 GB|4 GB|₹3,340|India|Dofy.in|https://www.dofy.in/in-en/india/sell-old-phone/nokia/nokia-c32|Verified
Nokia|C32|128 GB / 6 GB RAM|128 GB|6 GB|₹4,090|India|Dofy.in|https://www.dofy.in/in-en/india/sell-old-phone/nokia/nokia-c32|Verified
Nokia|G10|64 GB / 4 GB RAM|64 GB|4 GB|₹3,370|India|Dofy.in|https://www.dofy.in/in-en/india/sell-old-phone/nokia/nokia-g10|Single configuration listed
Nokia|G11 Plus|64 GB / 4 GB RAM|64 GB|4 GB|₹3,560|India|Dofy.in|https://www.dofy.in/in-en/india/sell-old-phone/nokia/nokia-g11-plus|Single configuration listed
Nokia|G20|64 GB / 4 GB RAM|64 GB|4 GB|₹3,630|India|Dofy.in|https://www.dofy.in/in-en/india/sell-old-phone/nokia/nokia-g20|Single configuration listed
Nokia|G21|64 GB / 4 GB RAM|64 GB|4 GB|₹3,530|India|Dofy.in|https://www.dofy.in/in-en/india/sell-old-phone/nokia/nokia-g21|Verified
Nokia|G21|128 GB / 6 GB RAM|128 GB|6 GB|₹4,650|India|Dofy.in|https://www.dofy.in/in-en/india/sell-old-phone/nokia/nokia-g21|Verified
Nokia|G42 5G|128 GB / 6 GB RAM|128 GB|6 GB|₹4,310|India|Dofy.in|https://www.dofy.in/in-en/india/sell-old-phone/nokia/nokia-g42-5g|Verified
Nokia|G42 5G|128 GB / 4 GB RAM|128 GB|4 GB|₹3,570|India|Dofy.in|https://www.dofy.in/in-en/india/sell-old-phone/nokia/nokia-g42-5g|Verified
Nokia|G42 5G|256 GB / 8 GB RAM|256 GB|8 GB|₹6,320|India|Dofy.in|https://www.dofy.in/in-en/india/sell-old-phone/nokia/nokia-g42-5g|Verified
Nokia|G60 5G|128 GB / 6 GB RAM|128 GB|6 GB|₹2,920|India|Dofy.in|https://www.dofy.in/in-en/india/sell-old-phone/nokia/nokia-g60-5g|Single configuration listed
Nokia|HMD Crest|128 GB / 6 GB RAM|128 GB|6 GB|₹5,700|India|Dofy.in|https://www.dofy.in/in-en/india/sell-old-phone/nokia/nokia-hmd-crest|Single configuration listed
Nokia|HMD Crest Max 5G|256 GB / 8 GB RAM|256 GB|8 GB|₹5,990|India|Dofy.in|https://www.dofy.in/in-en/india/sell-old-phone/nokia/nokia-hmd-crest-max-5g|Single configuration listed
Nokia|HMD Skyline 5G|256 GB / 12 GB RAM|256 GB|12 GB|₹18,000|India|Dofy.in|https://www.dofy.in/in-en/india/sell-old-phone/nokia/nokia-hmd-skyline-5g|Single configuration listed
Nokia|X30 5G|256 GB / 8 GB RAM|256 GB|8 GB|₹8,500|India|Dofy.in|https://www.dofy.in/in-en/india/sell-old-phone/nokia/nokia-x30-5g|Single configuration listed
Nokia|XR20|128 GB / 6 GB RAM|128 GB|6 GB|₹10,580|India|Dofy.in|https://www.dofy.in/in-en/india/sell-old-phone/nokia/nokia-xr20|Single configuration listed
Nothing|Phone 1|128 GB / 8 GB RAM|128 GB|8 GB|₹16,120|India|Dofy.in|https://www.dofy.in/in-en/india/sell-old-phone/nothing/nothing-phone-1|Verified
Nothing|Phone 1|256 GB / 8 GB RAM|256 GB|8 GB|₹16,600|India|Dofy.in|https://www.dofy.in/in-en/india/sell-old-phone/nothing/nothing-phone-1|Verified
Nothing|Phone 1|256 GB / 12 GB RAM|256 GB|12 GB|₹17,080|India|Dofy.in|https://www.dofy.in/in-en/india/sell-old-phone/nothing/nothing-phone-1|Verified
Nothing|Phone 2|128 GB / 8 GB RAM|128 GB|8 GB|₹19,100|India|Dofy.in|https://www.dofy.in/in-en/india/sell-old-phone/nothing/nothing-phone-2|Verified
Nothing|Phone 2|256 GB / 12 GB RAM|256 GB|12 GB|₹20,360|India|Dofy.in|https://www.dofy.in/in-en/india/sell-old-phone/nothing/nothing-phone-2|Verified
Nothing|Phone 2|512 GB / 12 GB RAM|512 GB|12 GB|₹20,550|India|Dofy.in|https://www.dofy.in/in-en/india/sell-old-phone/nothing/nothing-phone-2|Verified
Nothing|Phone 2a|128 GB / 8 GB RAM|128 GB|8 GB|₹16,240|India|Dofy.in|https://www.dofy.in/in-en/india/sell-old-phone/nothing/nothing-phone-2a|Verified
Nothing|Phone 2a|256 GB / 8 GB RAM|256 GB|8 GB|₹16,920|India|Dofy.in|https://www.dofy.in/in-en/india/sell-old-phone/nothing/nothing-phone-2a|Verified
Nothing|Phone 2a|256 GB / 12 GB RAM|256 GB|12 GB|₹17,270|India|Dofy.in|https://www.dofy.in/in-en/india/sell-old-phone/nothing/nothing-phone-2a|Verified
Nothing|Phone 2a Plus|256 GB / 8 GB RAM|256 GB|8 GB|₹17,550|India|Dofy.in|https://www.dofy.in/in-en/india/sell-old-phone/nothing/nothing-phone-2a-plus|Verified
Nothing|Phone 2a Plus|256 GB / 12 GB RAM|256 GB|12 GB|₹18,020|India|Dofy.in|https://www.dofy.in/in-en/india/sell-old-phone/nothing/nothing-phone-2a-plus|Verified
Nothing|Phone 3|256 GB / 12 GB RAM|256 GB|12 GB|₹30,850|India|Dofy.in|https://www.dofy.in/in-en/india/sell-old-phone/nothing/nothing-phone-3|Verified
Nothing|Phone 3|512 GB / 16 GB RAM|512 GB|16 GB|₹32,130|India|Dofy.in|https://www.dofy.in/in-en/india/sell-old-phone/nothing/nothing-phone-3|Verified
Nothing|Phone 3a|128 GB / 8 GB RAM|128 GB|8 GB|₹19,030|India|Dofy.in|https://www.dofy.in/in-en/india/sell-old-phone/nothing/nothing-phone-3a|Verified
Nothing|Phone 3a|256 GB / 8 GB RAM|256 GB|8 GB|₹20,600|India|Dofy.in|https://www.dofy.in/in-en/india/sell-old-phone/nothing/nothing-phone-3a|Verified
Nothing|Phone 3a Lite|128 GB / 8 GB RAM|128 GB|8 GB|₹14,370|India|Dofy.in|https://www.dofy.in/in-en/india/sell-old-phone/nothing/nothing-phone-3a-lite|Verified
Nothing|Phone 3a Lite|256 GB / 8 GB RAM|256 GB|8 GB|₹15,130|India|Dofy.in|https://www.dofy.in/in-en/india/sell-old-phone/nothing/nothing-phone-3a-lite|Verified
Nothing|Phone 3a Pro|128 GB / 8 GB RAM|128 GB|8 GB|₹19,890|India|Dofy.in|https://www.dofy.in/in-en/india/sell-old-phone/nothing/nothing-phone-3a-pro|Verified
Nothing|Phone 3a Pro|256 GB / 8 GB RAM|256 GB|8 GB|₹22,220|India|Dofy.in|https://www.dofy.in/in-en/india/sell-old-phone/nothing/nothing-phone-3a-pro|Verified
Nothing|Phone 3a Pro|256 GB / 12 GB RAM|256 GB|12 GB|₹22,450|India|Dofy.in|https://www.dofy.in/in-en/india/sell-old-phone/nothing/nothing-phone-3a-pro|Verified
Nothing|Phone 4a|128 GB / 8 GB RAM|128 GB|8 GB|₹24,600|India|Dofy.in|https://www.dofy.in/in-en/india/sell-old-phone/nothing/nothing-phone-4a|Verified
Nothing|Phone 4a|256 GB / 8 GB RAM|256 GB|8 GB|₹26,000|India|Dofy.in|https://www.dofy.in/in-en/india/sell-old-phone/nothing/nothing-phone-4a|Verified
Nothing|Phone 4a|256 GB / 12 GB RAM|256 GB|12 GB|₹26,660|India|Dofy.in|https://www.dofy.in/in-en/india/sell-old-phone/nothing/nothing-phone-4a|Verified
Nothing|Phone 4a Pro|128 GB / 8 GB RAM|128 GB|8 GB|₹28,300|India|Dofy.in|https://www.dofy.in/in-en/india/sell-old-phone/nothing/nothing-phone-4a-pro|Verified
Nothing|Phone 4a Pro|256 GB / 8 GB RAM|256 GB|8 GB|₹30,300|India|Dofy.in|https://www.dofy.in/in-en/india/sell-old-phone/nothing/nothing-phone-4a-pro|Verified
Nothing|Phone 4a Pro|256 GB / 12 GB RAM|256 GB|12 GB|₹32,050|India|Dofy.in|https://www.dofy.in/in-en/india/sell-old-phone/nothing/nothing-phone-4a-pro|Verified
Nothing|Phone 4b|128 GB / 8 GB RAM|128 GB|8 GB|₹20,350|India|Dofy.in|https://www.dofy.in/in-en/india/sell-old-phone/nothing/nothing-phone-4b|Verified
Nothing|Phone 4b|256 GB / 8 GB RAM|256 GB|8 GB|₹22,810|India|Dofy.in|https://www.dofy.in/in-en/india/sell-old-phone/nothing/nothing-phone-4b|Verified
Nubia|Red Magic 3|128 GB / 8 GB RAM|128 GB|8 GB|₹4,550|India|Dofy.in|https://www.dofy.in/in-en/india/sell-old-phone/nubia/nubia-red-magic-3|Verified
Nubia|Red Magic 3|256 GB / 12 GB RAM|256 GB|12 GB|₹5,180|India|Dofy.in|https://www.dofy.in/in-en/india/sell-old-phone/nubia/nubia-red-magic-3|Verified
Nubia|Red Magic 3S|128 GB / 8 GB RAM|128 GB|8 GB|₹5,760|India|Dofy.in|https://www.dofy.in/in-en/india/sell-old-phone/nubia/nubia-red-magic-3s|Verified
Nubia|Red Magic 3S|256 GB / 12 GB RAM|256 GB|12 GB|₹6,340|India|Dofy.in|https://www.dofy.in/in-en/india/sell-old-phone/nubia/nubia-red-magic-3s|Verified
Oneplus|10 Pro 5G|256 GB / 12 GB RAM|256 GB|12 GB|₹20,110|India|Dofy.in|https://www.dofy.in/in-en/india/sell-old-phone/oneplus/oneplus-10-pro-5g|Verified
Oneplus|10 Pro 5G|128 GB / 8 GB RAM|128 GB|8 GB|₹19,120|India|Dofy.in|https://www.dofy.in/in-en/india/sell-old-phone/oneplus/oneplus-10-pro-5g|Verified
Oneplus|10r 5G|256 GB / 12 GB RAM|256 GB|12 GB|₹14,020|India|Dofy.in|https://www.dofy.in/in-en/india/sell-old-phone/oneplus/oneplus-10r-5g|Verified
Oneplus|10r 5G|128 GB / 8 GB RAM|128 GB|8 GB|₹13,410|India|Dofy.in|https://www.dofy.in/in-en/india/sell-old-phone/oneplus/oneplus-10r-5g|Verified
Oneplus|10T|128 GB / 8 GB RAM|128 GB|8 GB|₹15,500|India|Dofy.in|https://www.dofy.in/in-en/india/sell-old-phone/oneplus/oneplus-10t|Verified
Oneplus|10T|256 GB / 12 GB RAM|256 GB|12 GB|₹16,000|India|Dofy.in|https://www.dofy.in/in-en/india/sell-old-phone/oneplus/oneplus-10t|Verified
Oneplus|10T|256 GB / 16 GB RAM|256 GB|16 GB|₹16,500|India|Dofy.in|https://www.dofy.in/in-en/india/sell-old-phone/oneplus/oneplus-10t|Verified
Oneplus|11 5G|128 GB / 8 GB RAM|128 GB|8 GB|₹20,710|India|Dofy.in|https://www.dofy.in/in-en/india/sell-old-phone/oneplus/oneplus-11-5g|Verified
Oneplus|11 5G|256 GB / 16 GB RAM|256 GB|16 GB|₹22,650|India|Dofy.in|https://www.dofy.in/in-en/india/sell-old-phone/oneplus/oneplus-11-5g|Verified
Oneplus|11R 5G|128 GB / 8 GB RAM|128 GB|8 GB|₹20,090|India|Dofy.in|https://www.dofy.in/in-en/india/sell-old-phone/oneplus/oneplus-11r-5g|Verified
Oneplus|11R 5G|256 GB / 16 GB RAM|256 GB|16 GB|₹20,790|India|Dofy.in|https://www.dofy.in/in-en/india/sell-old-phone/oneplus/oneplus-11r-5g|Verified
Oneplus|11R 5G|512 GB / 18 GB RAM|512 GB|18 GB|₹21,390|India|Dofy.in|https://www.dofy.in/in-en/india/sell-old-phone/oneplus/oneplus-11r-5g|Verified
Oneplus|12|512 GB / 16 GB RAM|512 GB|16 GB|₹37,200|India|Dofy.in|https://www.dofy.in/in-en/india/sell-old-phone/oneplus/oneplus-12|Verified
Oneplus|12|256 GB / 12 GB RAM|256 GB|12 GB|₹32,310|India|Dofy.in|https://www.dofy.in/in-en/india/sell-old-phone/oneplus/oneplus-12|Verified
Oneplus|12R|128 GB / 8 GB RAM|128 GB|8 GB|₹25,230|India|Dofy.in|https://www.dofy.in/in-en/india/sell-old-phone/oneplus/oneplus-12r|Verified
Oneplus|12R|256 GB / 16 GB RAM|256 GB|16 GB|₹27,150|India|Dofy.in|https://www.dofy.in/in-en/india/sell-old-phone/oneplus/oneplus-12r|Verified
Oneplus|12R|256 GB / 8 GB RAM|256 GB|8 GB|₹26,490|India|Dofy.in|https://www.dofy.in/in-en/india/sell-old-phone/oneplus/oneplus-12r|Verified
Oneplus|13|256 GB / 12 GB RAM|256 GB|12 GB|₹41,230|India|Dofy.in|https://www.dofy.in/in-en/india/sell-old-phone/oneplus/oneplus-13|Verified
Oneplus|13|512 GB / 16 GB RAM|512 GB|16 GB|₹43,550|India|Dofy.in|https://www.dofy.in/in-en/india/sell-old-phone/oneplus/oneplus-13|Verified
Oneplus|13|1 TB / 24 GB RAM|1 TB|24 GB|₹50,750|India|Dofy.in|https://www.dofy.in/in-en/india/sell-old-phone/oneplus/oneplus-13|Verified
Oneplus|13R|256 GB / 12 GB RAM|256 GB|12 GB|₹30,420|India|Dofy.in|https://www.dofy.in/in-en/india/sell-old-phone/oneplus/oneplus-13r|Verified
Oneplus|13R|512 GB / 16 GB RAM|512 GB|16 GB|₹31,400|India|Dofy.in|https://www.dofy.in/in-en/india/sell-old-phone/oneplus/oneplus-13r|Verified
Oneplus|13S|256 GB / 12 GB RAM|256 GB|12 GB|₹36,000|India|Dofy.in|https://www.dofy.in/in-en/india/sell-old-phone/oneplus/oneplus-13s|Verified
Oneplus|13S|512 GB / 12 GB RAM|512 GB|12 GB|₹36,900|India|Dofy.in|https://www.dofy.in/in-en/india/sell-old-phone/oneplus/oneplus-13s|Verified
Oneplus|15|256 GB / 12 GB RAM|256 GB|12 GB|₹56,250|India|Dofy.in|https://www.dofy.in/in-en/india/sell-old-phone/oneplus/oneplus-15|Verified
Oneplus|15|512 GB / 16 GB RAM|512 GB|16 GB|₹57,620|India|Dofy.in|https://www.dofy.in/in-en/india/sell-old-phone/oneplus/oneplus-15|Verified
Oneplus|15R|256 GB / 12 GB RAM|256 GB|12 GB|₹35,050|India|Dofy.in|https://www.dofy.in/in-en/india/sell-old-phone/oneplus/oneplus-15r|Verified
Oneplus|15R|512 GB / 12 GB RAM|512 GB|12 GB|₹35,870|India|Dofy.in|https://www.dofy.in/in-en/india/sell-old-phone/oneplus/oneplus-15r|Verified
Oneplus|5|64 GB / 6 GB RAM|64 GB|6 GB|₹3,370|India|Dofy.in|https://www.dofy.in/in-en/india/sell-old-phone/oneplus/oneplus-5|Verified
Oneplus|5|128 GB / 8 GB RAM|128 GB|8 GB|₹3,770|India|Dofy.in|https://www.dofy.in/in-en/india/sell-old-phone/oneplus/oneplus-5|Verified
Oneplus|5T|64 GB / 6 GB RAM|64 GB|6 GB|₹3,610|India|Dofy.in|https://www.dofy.in/in-en/india/sell-old-phone/oneplus/oneplus-5t|Verified
Oneplus|5T|128 GB / 8 GB RAM|128 GB|8 GB|₹4,030|India|Dofy.in|https://www.dofy.in/in-en/india/sell-old-phone/oneplus/oneplus-5t|Verified
Oneplus|6|64 GB / 6 GB RAM|64 GB|6 GB|₹5,160|India|Dofy.in|https://www.dofy.in/in-en/india/sell-old-phone/oneplus/oneplus-6|Verified
Oneplus|6|128 GB / 8 GB RAM|128 GB|8 GB|₹5,360|India|Dofy.in|https://www.dofy.in/in-en/india/sell-old-phone/oneplus/oneplus-6|Verified
Oneplus|6|256 GB / 8 GB RAM|256 GB|8 GB|₹5,560|India|Dofy.in|https://www.dofy.in/in-en/india/sell-old-phone/oneplus/oneplus-6|Verified
Oneplus|6T|128 GB / 6 GB RAM|128 GB|6 GB|₹6,800|India|Dofy.in|https://www.dofy.in/in-en/india/sell-old-phone/oneplus/oneplus-6t|Verified
Oneplus|6T|128 GB / 8 GB RAM|128 GB|8 GB|₹7,070|India|Dofy.in|https://www.dofy.in/in-en/india/sell-old-phone/oneplus/oneplus-6t|Verified
Oneplus|6T|256 GB / 8 GB RAM|256 GB|8 GB|₹7,290|India|Dofy.in|https://www.dofy.in/in-en/india/sell-old-phone/oneplus/oneplus-6t|Verified
Oneplus|6T McLaren|256 GB / 10 GB RAM|256 GB|10 GB|₹7,380|India|Dofy.in|https://www.dofy.in/in-en/india/sell-old-phone/oneplus/oneplus-6t-mclaren|Single configuration listed
Oneplus|7|128 GB / 6 GB RAM|128 GB|6 GB|₹7,240|India|Dofy.in|https://www.dofy.in/in-en/india/sell-old-phone/oneplus/oneplus-7|Verified
Oneplus|7|256 GB / 8 GB RAM|256 GB|8 GB|₹7,830|India|Dofy.in|https://www.dofy.in/in-en/india/sell-old-phone/oneplus/oneplus-7|Verified
Oneplus|7 Pro|128 GB / 6 GB RAM|128 GB|6 GB|₹10,000|India|Dofy.in|https://www.dofy.in/in-en/india/sell-old-phone/oneplus/oneplus-7-pro|Verified
Oneplus|7 Pro|256 GB / 8 GB RAM|256 GB|8 GB|₹10,690|India|Dofy.in|https://www.dofy.in/in-en/india/sell-old-phone/oneplus/oneplus-7-pro|Verified
Oneplus|7 Pro|256 GB / 12 GB RAM|256 GB|12 GB|₹11,080|India|Dofy.in|https://www.dofy.in/in-en/india/sell-old-phone/oneplus/oneplus-7-pro|Verified
Oneplus|7T|128 GB|128 GB|—|₹7,980|India|Dofy.in|https://www.dofy.in/in-en/india/sell-old-phone/oneplus/oneplus-7t|Verified
Oneplus|7T|256 GB|256 GB|—|₹8,370|India|Dofy.in|https://www.dofy.in/in-en/india/sell-old-phone/oneplus/oneplus-7t|Verified
Oneplus|7T Pro|256 GB / 8 GB RAM|256 GB|8 GB|₹10,690|India|Dofy.in|https://www.dofy.in/in-en/india/sell-old-phone/oneplus/oneplus-7t-pro|Verified
Oneplus|7T Pro|256 GB / 12 GB RAM|256 GB|12 GB|₹11,080|India|Dofy.in|https://www.dofy.in/in-en/india/sell-old-phone/oneplus/oneplus-7t-pro|Verified
Oneplus|7T Pro McLaren Edition|256 GB / 12 GB RAM|256 GB|12 GB|₹12,080|India|Dofy.in|https://www.dofy.in/in-en/india/sell-old-phone/oneplus/oneplus-7t-pro-mclaren-edition|Single configuration listed
Oneplus|8|128 GB / 6 GB RAM|128 GB|6 GB|₹11,980|India|Dofy.in|https://www.dofy.in/in-en/india/sell-old-phone/oneplus/oneplus-8|Verified
Oneplus|8|128 GB / 8 GB RAM|128 GB|8 GB|₹12,500|India|Dofy.in|https://www.dofy.in/in-en/india/sell-old-phone/oneplus/oneplus-8|Verified
Oneplus|8|256 GB / 12 GB RAM|256 GB|12 GB|₹13,000|India|Dofy.in|https://www.dofy.in/in-en/india/sell-old-phone/oneplus/oneplus-8|Verified
Oneplus|8 Pro|128 GB / 8 GB RAM|128 GB|8 GB|₹13,000|India|Dofy.in|https://www.dofy.in/in-en/india/sell-old-phone/oneplus/oneplus-8-pro|Verified
Oneplus|8 Pro|256 GB / 12 GB RAM|256 GB|12 GB|₹14,000|India|Dofy.in|https://www.dofy.in/in-en/india/sell-old-phone/oneplus/oneplus-8-pro|Verified
Oneplus|8T|128 GB / 8 GB RAM|128 GB|8 GB|₹11,380|India|Dofy.in|https://www.dofy.in/in-en/india/sell-old-phone/oneplus/oneplus-8t|Verified
Oneplus|8T|256 GB / 12 GB RAM|256 GB|12 GB|₹11,980|India|Dofy.in|https://www.dofy.in/in-en/india/sell-old-phone/oneplus/oneplus-8t|Verified
Oneplus|9|128 GB / 8 GB RAM|128 GB|8 GB|₹12,330|India|Dofy.in|https://www.dofy.in/in-en/india/sell-old-phone/oneplus/oneplus-9|Verified
Oneplus|9|256 GB / 12 GB RAM|256 GB|12 GB|₹13,550|India|Dofy.in|https://www.dofy.in/in-en/india/sell-old-phone/oneplus/oneplus-9|Verified
Oneplus|9 Pro 5G|128 GB / 8 GB RAM|128 GB|8 GB|₹15,830|India|Dofy.in|https://www.dofy.in/in-en/india/sell-old-phone/oneplus/oneplus-9-pro-5g|Verified
Oneplus|9 Pro 5G|256 GB / 12 GB RAM|256 GB|12 GB|₹16,730|India|Dofy.in|https://www.dofy.in/in-en/india/sell-old-phone/oneplus/oneplus-9-pro-5g|Verified
Oneplus|9R 5G|128 GB / 8 GB RAM|128 GB|8 GB|₹11,680|India|Dofy.in|https://www.dofy.in/in-en/india/sell-old-phone/oneplus/oneplus-9r-5g|Verified
Oneplus|9R 5G|256 GB / 12 GB RAM|256 GB|12 GB|₹12,770|India|Dofy.in|https://www.dofy.in/in-en/india/sell-old-phone/oneplus/oneplus-9r-5g|Verified
Oneplus|9RT 5G|128 GB / 8 GB RAM|128 GB|8 GB|₹12,420|India|Dofy.in|https://www.dofy.in/in-en/india/sell-old-phone/oneplus/oneplus-9rt-5g|Verified
Oneplus|9RT 5G|256 GB / 12 GB RAM|256 GB|12 GB|₹13,380|India|Dofy.in|https://www.dofy.in/in-en/india/sell-old-phone/oneplus/oneplus-9rt-5g|Verified
Oneplus|N6|128 GB / 4 GB RAM|128 GB|4 GB|₹14,800|India|Dofy.in|https://www.dofy.in/in-en/india/sell-old-phone/oneplus/oneplus-n6|Verified
Oneplus|N6|128 GB / 6 GB RAM|128 GB|6 GB|₹16,090|India|Dofy.in|https://www.dofy.in/in-en/india/sell-old-phone/oneplus/oneplus-n6|Verified
Oneplus|N6x|64 GB / 4 GB RAM|64 GB|4 GB|₹12,350|India|Dofy.in|https://www.dofy.in/in-en/india/sell-old-phone/oneplus/oneplus-n6x|Verified
Oneplus|N6x|128 GB / 4 GB RAM|128 GB|4 GB|₹13,650|India|Dofy.in|https://www.dofy.in/in-en/india/sell-old-phone/oneplus/oneplus-n6x|Verified
Oneplus|Nord|64 GB / 6 GB RAM|64 GB|6 GB|₹8,960|India|Dofy.in|https://www.dofy.in/in-en/india/sell-old-phone/oneplus/oneplus-nord|Verified
Oneplus|Nord|128 GB / 8 GB RAM|128 GB|8 GB|₹10,300|India|Dofy.in|https://www.dofy.in/in-en/india/sell-old-phone/oneplus/oneplus-nord|Verified
Oneplus|Nord|256 GB / 12 GB RAM|256 GB|12 GB|₹10,590|India|Dofy.in|https://www.dofy.in/in-en/india/sell-old-phone/oneplus/oneplus-nord|Verified
Oneplus|Nord 2 5G|128 GB / 6 GB RAM|128 GB|6 GB|₹10,690|India|Dofy.in|https://www.dofy.in/in-en/india/sell-old-phone/oneplus/oneplus-nord-2-5g|Verified
Oneplus|Nord 2 5G|128 GB / 8 GB RAM|128 GB|8 GB|₹11,130|India|Dofy.in|https://www.dofy.in/in-en/india/sell-old-phone/oneplus/oneplus-nord-2-5g|Verified
Oneplus|Nord 2 5G|256 GB / 12 GB RAM|256 GB|12 GB|₹12,330|India|Dofy.in|https://www.dofy.in/in-en/india/sell-old-phone/oneplus/oneplus-nord-2-5g|Verified
Oneplus|Nord 2T 5G|128 GB / 8 GB RAM|128 GB|8 GB|₹11,950|India|Dofy.in|https://www.dofy.in/in-en/india/sell-old-phone/oneplus/oneplus-nord-2t-5g|Verified
Oneplus|Nord 2T 5G|256 GB / 12 GB RAM|256 GB|12 GB|₹13,170|India|Dofy.in|https://www.dofy.in/in-en/india/sell-old-phone/oneplus/oneplus-nord-2t-5g|Verified
Oneplus|Nord 3 5G|128 GB / 8 GB RAM|128 GB|8 GB|₹14,640|India|Dofy.in|https://www.dofy.in/in-en/india/sell-old-phone/oneplus/oneplus-nord-3-5g|Verified
Oneplus|Nord 3 5G|256 GB / 16 GB RAM|256 GB|16 GB|₹15,190|India|Dofy.in|https://www.dofy.in/in-en/india/sell-old-phone/oneplus/oneplus-nord-3-5g|Verified
Oneplus|Nord 4|256 GB / 8 GB RAM|256 GB|8 GB|₹19,860|India|Dofy.in|https://www.dofy.in/in-en/india/sell-old-phone/oneplus/oneplus-nord-4|Verified
Oneplus|Nord 4|256 GB / 12 GB RAM|256 GB|12 GB|₹20,590|India|Dofy.in|https://www.dofy.in/in-en/india/sell-old-phone/oneplus/oneplus-nord-4|Verified
Oneplus|Nord 4|128 GB / 8 GB RAM|128 GB|8 GB|₹17,750|India|Dofy.in|https://www.dofy.in/in-en/india/sell-old-phone/oneplus/oneplus-nord-4|Verified
Oneplus|Nord 5|256 GB / 8 GB RAM|256 GB|8 GB|₹23,080|India|Dofy.in|https://www.dofy.in/in-en/india/sell-old-phone/oneplus/oneplus-nord-5|Verified
Oneplus|Nord 5|256 GB / 12 GB RAM|256 GB|12 GB|₹24,000|India|Dofy.in|https://www.dofy.in/in-en/india/sell-old-phone/oneplus/oneplus-nord-5|Verified
Oneplus|Nord 5|512 GB / 12 GB RAM|512 GB|12 GB|₹25,370|India|Dofy.in|https://www.dofy.in/in-en/india/sell-old-phone/oneplus/oneplus-nord-5|Verified
Oneplus|Nord 6 5G|256 GB / 8 GB RAM|256 GB|8 GB|₹26,470|India|Dofy.in|https://www.dofy.in/in-en/india/sell-old-phone/oneplus/oneplus-nord-6-5g|Verified
Oneplus|Nord 6 5G|256 GB / 12 GB RAM|256 GB|12 GB|₹27,920|India|Dofy.in|https://www.dofy.in/in-en/india/sell-old-phone/oneplus/oneplus-nord-6-5g|Verified
Oneplus|Nord CE 2 5G|128 GB / 8 GB RAM|128 GB|8 GB|₹10,420|India|Dofy.in|https://www.dofy.in/in-en/india/sell-old-phone/oneplus/oneplus-nord-ce-2-5g|Verified
Oneplus|Nord CE 2 5G|128 GB / 6 GB RAM|128 GB|6 GB|₹10,030|India|Dofy.in|https://www.dofy.in/in-en/india/sell-old-phone/oneplus/oneplus-nord-ce-2-5g|Verified
Oneplus|Nord CE 2 lite|128 GB / 8 GB RAM|128 GB|8 GB|₹9,490|India|Dofy.in|https://www.dofy.in/in-en/india/sell-old-phone/oneplus/oneplus-nord-ce-2-lite|Verified
Oneplus|Nord CE 2 lite|128 GB / 6 GB RAM|128 GB|6 GB|₹8,910|India|Dofy.in|https://www.dofy.in/in-en/india/sell-old-phone/oneplus/oneplus-nord-ce-2-lite|Verified
Oneplus|Nord CE 3 5G|128 GB / 8 GB RAM|128 GB|8 GB|₹14,070|India|Dofy.in|https://www.dofy.in/in-en/india/sell-old-phone/oneplus/oneplus-nord-ce-3-5g|Verified
Oneplus|Nord CE 3 5G|256 GB / 12 GB RAM|256 GB|12 GB|₹14,690|India|Dofy.in|https://www.dofy.in/in-en/india/sell-old-phone/oneplus/oneplus-nord-ce-3-5g|Verified
Oneplus|Nord CE 3 Lite 5G|128 GB / 8 GB RAM|128 GB|8 GB|₹11,980|India|Dofy.in|https://www.dofy.in/in-en/india/sell-old-phone/oneplus/oneplus-nord-ce-3-lite-5g|Verified
Oneplus|Nord CE 3 Lite 5G|256 GB / 8 GB RAM|256 GB|8 GB|₹13,080|India|Dofy.in|https://www.dofy.in/in-en/india/sell-old-phone/oneplus/oneplus-nord-ce-3-lite-5g|Verified
Oneplus|Nord CE 4 5G|128 GB / 8 GB RAM|128 GB|8 GB|₹14,520|India|Dofy.in|https://www.dofy.in/in-en/india/sell-old-phone/oneplus/oneplus-nord-ce-4-5g|Verified
Oneplus|Nord CE 4 5G|256 GB / 8 GB RAM|256 GB|8 GB|₹15,970|India|Dofy.in|https://www.dofy.in/in-en/india/sell-old-phone/oneplus/oneplus-nord-ce-4-5g|Verified
Oneplus|Nord CE 5 5G|128 GB / 8 GB RAM|128 GB|8 GB|₹17,580|India|Dofy.in|https://www.dofy.in/in-en/india/sell-old-phone/oneplus/oneplus-nord-ce-5-5g|Verified
Oneplus|Nord CE 5 5G|256 GB / 8 GB RAM|256 GB|8 GB|₹18,630|India|Dofy.in|https://www.dofy.in/in-en/india/sell-old-phone/oneplus/oneplus-nord-ce-5-5g|Verified
Oneplus|Nord CE 5 5G|256 GB / 12 GB RAM|256 GB|12 GB|₹19,120|India|Dofy.in|https://www.dofy.in/in-en/india/sell-old-phone/oneplus/oneplus-nord-ce-5-5g|Verified
Oneplus|Nord CE 5G|128 GB / 6 GB RAM|128 GB|6 GB|₹9,620|India|Dofy.in|https://www.dofy.in/in-en/india/sell-old-phone/oneplus/oneplus-nord-ce-5g|Verified
Oneplus|Nord CE 5G|128 GB / 8 GB RAM|128 GB|8 GB|₹9,810|India|Dofy.in|https://www.dofy.in/in-en/india/sell-old-phone/oneplus/oneplus-nord-ce-5g|Verified
Oneplus|Nord CE 5G|256 GB / 12 GB RAM|256 GB|12 GB|₹10,100|India|Dofy.in|https://www.dofy.in/in-en/india/sell-old-phone/oneplus/oneplus-nord-ce-5g|Verified
Oneplus|Nord CE 6 5G|128 GB / 8 GB RAM|128 GB|8 GB|₹21,030|India|Dofy.in|https://www.dofy.in/in-en/india/sell-old-phone/oneplus/oneplus-nord-ce-6-5g|Verified
Oneplus|Nord CE 6 5G|256 GB / 8 GB RAM|256 GB|8 GB|₹22,720|India|Dofy.in|https://www.dofy.in/in-en/india/sell-old-phone/oneplus/oneplus-nord-ce-6-5g|Verified
Oneplus|Nord CE 6 Lite 5G|128 GB / 6 GB RAM|128 GB|6 GB|₹15,370|India|Dofy.in|https://www.dofy.in/in-en/india/sell-old-phone/oneplus/oneplus-nord-ce-6-lite-5g|Verified
Oneplus|Nord CE 6 Lite 5G|128 GB / 8 GB RAM|128 GB|8 GB|₹17,330|India|Dofy.in|https://www.dofy.in/in-en/india/sell-old-phone/oneplus/oneplus-nord-ce-6-lite-5g|Verified
Oneplus|Nord CE 6 Lite 5G|256 GB / 8 GB RAM|256 GB|8 GB|₹19,340|India|Dofy.in|https://www.dofy.in/in-en/india/sell-old-phone/oneplus/oneplus-nord-ce-6-lite-5g|Verified
Oneplus|Nord CE4 Lite 5G|128 GB / 8 GB RAM|128 GB|8 GB|₹13,430|India|Dofy.in|https://www.dofy.in/in-en/india/sell-old-phone/oneplus/oneplus-nord-ce4-lite-5g|Verified
Oneplus|Nord CE4 Lite 5G|256 GB / 8 GB RAM|256 GB|8 GB|₹13,960|India|Dofy.in|https://www.dofy.in/in-en/india/sell-old-phone/oneplus/oneplus-nord-ce4-lite-5g|Verified
Oneplus|Nord N20 SE|64 GB / 4 GB RAM|64 GB|4 GB|₹4,990|India|Dofy.in|https://www.dofy.in/in-en/india/sell-old-phone/oneplus/oneplus-nord-n20-se|Verified
Oneplus|Nord N20 SE|128 GB / 4 GB RAM|128 GB|4 GB|₹5,230|India|Dofy.in|https://www.dofy.in/in-en/india/sell-old-phone/oneplus/oneplus-nord-n20-se|Verified
Oneplus|Open|512 GB / 16 GB RAM|512 GB|16 GB|₹52,160|India|Dofy.in|https://www.dofy.in/in-en/india/sell-old-phone/oneplus/oneplus-open|Verified
Oneplus|Open|1 TB / 16 GB RAM|1 TB|16 GB|₹61,200|India|Dofy.in|https://www.dofy.in/in-en/india/sell-old-phone/oneplus/oneplus-open|Verified
Oppo|A11K|32 GB / 2 GB RAM|32 GB|2 GB|₹3,170|India|Dofy.in|https://www.dofy.in/in-en/india/sell-old-phone/oppo/oppo-a11k|Single configuration listed
Oppo|A12|32 GB / 3 GB RAM|32 GB|3 GB|₹3,500|India|Dofy.in|https://www.dofy.in/in-en/india/sell-old-phone/oppo/oppo-a12|Verified
Oppo|A12|64 GB / 4 GB RAM|64 GB|4 GB|₹4,000|India|Dofy.in|https://www.dofy.in/in-en/india/sell-old-phone/oppo/oppo-a12|Verified
Oppo|A15|32 GB / 2 GB RAM|32 GB|2 GB|₹3,670|India|Dofy.in|https://www.dofy.in/in-en/india/sell-old-phone/oppo/oppo-a15|Verified
Oppo|A15|32 GB / 3 GB RAM|32 GB|3 GB|₹3,860|India|Dofy.in|https://www.dofy.in/in-en/india/sell-old-phone/oppo/oppo-a15|Verified
Oppo|A15S|64 GB / 4 GB RAM|64 GB|4 GB|₹4,360|India|Dofy.in|https://www.dofy.in/in-en/india/sell-old-phone/oppo/oppo-a15s|Verified
Oppo|A15S|128 GB / 4 GB RAM|128 GB|4 GB|₹4,560|India|Dofy.in|https://www.dofy.in/in-en/india/sell-old-phone/oppo/oppo-a15s|Verified
Oppo|A16|64 GB / 4 GB RAM|64 GB|4 GB|₹5,610|India|Dofy.in|https://www.dofy.in/in-en/india/sell-old-phone/oppo/oppo-a16|Single configuration listed
Oppo|A16E|64 GB / 4 GB RAM|64 GB|4 GB|₹4,610|India|Dofy.in|https://www.dofy.in/in-en/india/sell-old-phone/oppo/oppo-a16e|Verified
Oppo|A16E|32 GB / 3 GB RAM|32 GB|3 GB|₹3,720|India|Dofy.in|https://www.dofy.in/in-en/india/sell-old-phone/oppo/oppo-a16e|Verified
Oppo|A16K|64 GB / 4 GB RAM|64 GB|4 GB|₹4,220|India|Dofy.in|https://www.dofy.in/in-en/india/sell-old-phone/oppo/oppo-a16k|Verified
Oppo|A16K|32 GB / 3 GB RAM|32 GB|3 GB|₹3,720|India|Dofy.in|https://www.dofy.in/in-en/india/sell-old-phone/oppo/oppo-a16k|Verified
Oppo|A17|64 GB / 4 GB RAM|64 GB|4 GB|₹3,930|India|Dofy.in|https://www.dofy.in/in-en/india/sell-old-phone/oppo/oppo-a17|Single configuration listed
Oppo|A17K|64 GB / 3 GB RAM|64 GB|3 GB|₹4,100|India|Dofy.in|https://www.dofy.in/in-en/india/sell-old-phone/oppo/oppo-a17k|Single configuration listed
Oppo|A18|64 GB / 4 GB RAM|64 GB|4 GB|₹3,660|India|Dofy.in|https://www.dofy.in/in-en/india/sell-old-phone/oppo/oppo-a18|Verified
Oppo|A18|128 GB / 4 GB RAM|128 GB|4 GB|₹4,400|India|Dofy.in|https://www.dofy.in/in-en/india/sell-old-phone/oppo/oppo-a18|Verified
Oppo|A1K|32 GB / 2 GB RAM|32 GB|2 GB|₹2,930|India|Dofy.in|https://www.dofy.in/in-en/india/sell-old-phone/oppo/oppo-a1k|Single configuration listed
Oppo|A3 5G|128 GB / 6 GB RAM|128 GB|6 GB|₹9,530|India|Dofy.in|https://www.dofy.in/in-en/india/sell-old-phone/oppo/oppo-a3-5g|Single configuration listed
Oppo|A3 Pro 5G|128 GB / 8 GB RAM|128 GB|8 GB|₹10,450|India|Dofy.in|https://www.dofy.in/in-en/india/sell-old-phone/oppo/oppo-a3-pro-5g|Verified
Oppo|A3 Pro 5G|256 GB / 8 GB RAM|256 GB|8 GB|₹11,080|India|Dofy.in|https://www.dofy.in/in-en/india/sell-old-phone/oppo/oppo-a3-pro-5g|Verified
Oppo|A31|64 GB / 4 GB RAM|64 GB|4 GB|₹4,770|India|Dofy.in|https://www.dofy.in/in-en/india/sell-old-phone/oppo/oppo-a31|Verified
Oppo|A31|128 GB / 6 GB RAM|128 GB|6 GB|₹5,160|India|Dofy.in|https://www.dofy.in/in-en/india/sell-old-phone/oppo/oppo-a31|Verified
Oppo|A33|16 GB / 2 GB RAM|16 GB|2 GB|₹1,600|India|Dofy.in|https://www.dofy.in/in-en/india/sell-old-phone/oppo/oppo-a33|Single configuration listed
Oppo|A33 2020|32 GB / 3 GB RAM|32 GB|3 GB|₹3,860|India|Dofy.in|https://www.dofy.in/in-en/india/sell-old-phone/oppo/oppo-a33-2020|Single configuration listed
Oppo|A38|128 GB / 4 GB RAM|128 GB|4 GB|₹5,390|India|Dofy.in|https://www.dofy.in/in-en/india/sell-old-phone/oppo/oppo-a38|Single configuration listed
Oppo|A3S|16 GB / 2 GB RAM|16 GB|2 GB|₹2,000|India|Dofy.in|https://www.dofy.in/in-en/india/sell-old-phone/oppo/oppo-a3s|Verified
Oppo|A3S|32 GB / 3 GB RAM|32 GB|3 GB|₹2,470|India|Dofy.in|https://www.dofy.in/in-en/india/sell-old-phone/oppo/oppo-a3s|Verified
Oppo|A3S|64 GB / 4 GB RAM|64 GB|4 GB|₹2,640|India|Dofy.in|https://www.dofy.in/in-en/india/sell-old-phone/oppo/oppo-a3s|Verified
Oppo|A3x 4G|64 GB / 4 GB RAM|64 GB|4 GB|₹4,500|India|Dofy.in|https://www.dofy.in/in-en/india/sell-old-phone/oppo/oppo-a3x-4g|Verified
Oppo|A3x 4G|128 GB / 4 GB RAM|128 GB|4 GB|₹5,000|India|Dofy.in|https://www.dofy.in/in-en/india/sell-old-phone/oppo/oppo-a3x-4g|Verified
Oppo|A3x 5G|64 GB / 4 GB RAM|64 GB|4 GB|₹7,760|India|Dofy.in|https://www.dofy.in/in-en/india/sell-old-phone/oppo/oppo-a3x-5g|Verified
Oppo|A3x 5G|128 GB / 4 GB RAM|128 GB|4 GB|₹8,590|India|Dofy.in|https://www.dofy.in/in-en/india/sell-old-phone/oppo/oppo-a3x-5g|Verified
Oppo|A5 2020|64 GB / 3 GB RAM|64 GB|3 GB|₹3,980|India|Dofy.in|https://www.dofy.in/in-en/india/sell-old-phone/oppo/oppo-a5-2020|Verified
Oppo|A5 2020|64 GB / 4 GB RAM|64 GB|4 GB|₹4,170|India|Dofy.in|https://www.dofy.in/in-en/india/sell-old-phone/oppo/oppo-a5-2020|Verified
Oppo|A5 2020|128 GB / 4 GB RAM|128 GB|4 GB|₹4,270|India|Dofy.in|https://www.dofy.in/in-en/india/sell-old-phone/oppo/oppo-a5-2020|Verified
Oppo|A5 2020|128 GB / 6 GB RAM|128 GB|6 GB|₹4,770|India|Dofy.in|https://www.dofy.in/in-en/india/sell-old-phone/oppo/oppo-a5-2020|Verified
Oppo|A5 5G|128 GB / 6 GB RAM|128 GB|6 GB|₹9,830|India|Dofy.in|https://www.dofy.in/in-en/india/sell-old-phone/oppo/oppo-a5-5g|Verified
Oppo|A5 5G|128 GB / 8 GB RAM|128 GB|8 GB|₹10,810|India|Dofy.in|https://www.dofy.in/in-en/india/sell-old-phone/oppo/oppo-a5-5g|Verified
Oppo|A5 Pro 5G|128 GB / 8 GB RAM|128 GB|8 GB|₹11,710|India|Dofy.in|https://www.dofy.in/in-en/india/sell-old-phone/oppo/oppo-a5-pro-5g|Verified
Oppo|A5 Pro 5G|256 GB / 8 GB RAM|256 GB|8 GB|₹12,640|India|Dofy.in|https://www.dofy.in/in-en/india/sell-old-phone/oppo/oppo-a5-pro-5g|Verified
Oppo|A52|128 GB / 4 GB RAM|128 GB|4 GB|₹5,160|India|Dofy.in|https://www.dofy.in/in-en/india/sell-old-phone/oppo/oppo-a52|Verified
Oppo|A52|128 GB / 6 GB RAM|128 GB|6 GB|₹5,470|India|Dofy.in|https://www.dofy.in/in-en/india/sell-old-phone/oppo/oppo-a52|Verified
Oppo|A52|128 GB / 8 GB RAM|128 GB|8 GB|₹5,700|India|Dofy.in|https://www.dofy.in/in-en/india/sell-old-phone/oppo/oppo-a52|Verified
Oppo|A53|64 GB / 4 GB RAM|64 GB|4 GB|₹5,620|India|Dofy.in|https://www.dofy.in/in-en/india/sell-old-phone/oppo/oppo-a53|Verified
Oppo|A53|128 GB / 6 GB RAM|128 GB|6 GB|₹5,860|India|Dofy.in|https://www.dofy.in/in-en/india/sell-old-phone/oppo/oppo-a53|Verified
Oppo|A53S 5G|128 GB / 6 GB RAM|128 GB|6 GB|₹7,930|India|Dofy.in|https://www.dofy.in/in-en/india/sell-old-phone/oppo/oppo-a53s-5g|Verified
Oppo|A53S 5G|128 GB / 8 GB RAM|128 GB|8 GB|₹8,620|India|Dofy.in|https://www.dofy.in/in-en/india/sell-old-phone/oppo/oppo-a53s-5g|Verified
Oppo|A54|64 GB / 4 GB RAM|64 GB|4 GB|₹5,610|India|Dofy.in|https://www.dofy.in/in-en/india/sell-old-phone/oppo/oppo-a54|Verified
Oppo|A54|128 GB / 4 GB RAM|128 GB|4 GB|₹5,750|India|Dofy.in|https://www.dofy.in/in-en/india/sell-old-phone/oppo/oppo-a54|Verified
Oppo|A54|128 GB / 6 GB RAM|128 GB|6 GB|₹6,000|India|Dofy.in|https://www.dofy.in/in-en/india/sell-old-phone/oppo/oppo-a54|Verified
Oppo|A55|64 GB / 4 GB RAM|64 GB|4 GB|₹5,660|India|Dofy.in|https://www.dofy.in/in-en/india/sell-old-phone/oppo/oppo-a55|Verified
Oppo|A55|128 GB / 6 GB RAM|128 GB|6 GB|₹6,000|India|Dofy.in|https://www.dofy.in/in-en/india/sell-old-phone/oppo/oppo-a55|Verified
Oppo|A57 2022|64 GB / 4 GB RAM|64 GB|4 GB|₹5,130|India|Dofy.in|https://www.dofy.in/in-en/india/sell-old-phone/oppo/oppo-a57-2022|Single configuration listed
Oppo|A58 4G|128 GB / 6 GB RAM|128 GB|6 GB|₹5,120|India|Dofy.in|https://www.dofy.in/in-en/india/sell-old-phone/oppo/oppo-a58-4g|Single configuration listed
Oppo|A59 5G|128 GB / 4 GB RAM|128 GB|4 GB|₹8,150|India|Dofy.in|https://www.dofy.in/in-en/india/sell-old-phone/oppo/oppo-a59-5g|Verified
Oppo|A59 5G|128 GB / 6 GB RAM|128 GB|6 GB|₹8,970|India|Dofy.in|https://www.dofy.in/in-en/india/sell-old-phone/oppo/oppo-a59-5g|Verified
Oppo|A5x|64 GB / 4 GB RAM|64 GB|4 GB|₹5,160|India|Dofy.in|https://www.dofy.in/in-en/india/sell-old-phone/oppo/oppo-a5x|Verified
Oppo|A5x|128 GB / 4 GB RAM|128 GB|4 GB|₹5,750|India|Dofy.in|https://www.dofy.in/in-en/india/sell-old-phone/oppo/oppo-a5x|Verified
Oppo|A5x|128 GB / 6 GB RAM|128 GB|6 GB|₹8,000|India|Dofy.in|https://www.dofy.in/in-en/india/sell-old-phone/oppo/oppo-a5x|Verified
Oppo|A5x 5G|128 GB / 4 GB RAM|128 GB|4 GB|₹8,310|India|Dofy.in|https://www.dofy.in/in-en/india/sell-old-phone/oppo/oppo-a5x-5g|Verified
Oppo|A5x 5G|64 GB / 4 GB RAM|64 GB|4 GB|₹7,130|India|Dofy.in|https://www.dofy.in/in-en/india/sell-old-phone/oppo/oppo-a5x-5g|Verified
Oppo|A5x 5G|128 GB / 6 GB RAM|128 GB|6 GB|₹9,000|India|Dofy.in|https://www.dofy.in/in-en/india/sell-old-phone/oppo/oppo-a5x-5g|Verified
Oppo|A6 5G|128 GB / 4 GB RAM|128 GB|4 GB|₹11,080|India|Dofy.in|https://www.dofy.in/in-en/india/sell-old-phone/oppo/oppo-a6-5g|Verified
Oppo|A6 5G|128 GB / 6 GB RAM|128 GB|6 GB|₹12,370|India|Dofy.in|https://www.dofy.in/in-en/india/sell-old-phone/oppo/oppo-a6-5g|Verified
Oppo|A6 5G|256 GB / 6 GB RAM|256 GB|6 GB|₹12,960|India|Dofy.in|https://www.dofy.in/in-en/india/sell-old-phone/oppo/oppo-a6-5g|Verified
Oppo|A6 Pro 5G|128 GB / 8 GB RAM|128 GB|8 GB|₹13,590|India|Dofy.in|https://www.dofy.in/in-en/india/sell-old-phone/oppo/oppo-a6-pro-5g|Verified
Oppo|A6 Pro 5G|256 GB / 8 GB RAM|256 GB|8 GB|₹14,690|India|Dofy.in|https://www.dofy.in/in-en/india/sell-old-phone/oppo/oppo-a6-pro-5g|Verified
Oppo|A6c 4G|64 GB / 4 GB RAM|64 GB|4 GB|₹8,350|India|Dofy.in|https://www.dofy.in/in-en/india/sell-old-phone/oppo/oppo-a6c-4g|Verified
Oppo|A6c 4G|128 GB / 4 GB RAM|128 GB|4 GB|₹10,320|India|Dofy.in|https://www.dofy.in/in-en/india/sell-old-phone/oppo/oppo-a6c-4g|Verified
Oppo|A6s 5G|128 GB / 4 GB RAM|128 GB|4 GB|₹10,010|India|Dofy.in|https://www.dofy.in/in-en/india/sell-old-phone/oppo/oppo-a6s-5g|Verified
Oppo|A6s 5G|128 GB / 6 GB RAM|128 GB|6 GB|₹11,810|India|Dofy.in|https://www.dofy.in/in-en/india/sell-old-phone/oppo/oppo-a6s-5g|Verified
Oppo|A6x|64 GB / 4 GB RAM|64 GB|4 GB|₹5,500|India|Dofy.in|https://www.dofy.in/in-en/india/sell-old-phone/oppo/oppo-a6x|Single configuration listed
Oppo|A6x 5G|64 GB / 4 GB RAM|64 GB|4 GB|₹7,570|India|Dofy.in|https://www.dofy.in/in-en/india/sell-old-phone/oppo/oppo-a6x-5g|Verified
Oppo|A6x 5G|128 GB / 4 GB RAM|128 GB|4 GB|₹7,800|India|Dofy.in|https://www.dofy.in/in-en/india/sell-old-phone/oppo/oppo-a6x-5g|Verified
Oppo|A6x 5G|128 GB / 6 GB RAM|128 GB|6 GB|₹9,610|India|Dofy.in|https://www.dofy.in/in-en/india/sell-old-phone/oppo/oppo-a6x-5g|Verified
Oppo|A7|64 GB / 3 GB RAM|64 GB|3 GB|₹2,980|India|Dofy.in|https://www.dofy.in/in-en/india/sell-old-phone/oppo/oppo-a7|Verified
Oppo|A7|64 GB / 4 GB RAM|64 GB|4 GB|₹3,370|India|Dofy.in|https://www.dofy.in/in-en/india/sell-old-phone/oppo/oppo-a7|Verified
Oppo|A74 5G|128 GB / 6 GB RAM|128 GB|6 GB|₹8,000|India|Dofy.in|https://www.dofy.in/in-en/india/sell-old-phone/oppo/oppo-a74-5g|Single configuration listed
Oppo|A76|128 GB / 6 GB RAM|128 GB|6 GB|₹6,510|India|Dofy.in|https://www.dofy.in/in-en/india/sell-old-phone/oppo/oppo-a76|Single configuration listed
Oppo|A77 2022|128 GB / 4 GB RAM|128 GB|4 GB|₹5,420|India|Dofy.in|https://www.dofy.in/in-en/india/sell-old-phone/oppo/oppo-a77-2022|Verified
Oppo|A77 2022|64 GB / 4 GB RAM|64 GB|4 GB|₹4,020|India|Dofy.in|https://www.dofy.in/in-en/india/sell-old-phone/oppo/oppo-a77-2022|Verified
Oppo|A77S|128 GB / 8 GB RAM|128 GB|8 GB|₹6,330|India|Dofy.in|https://www.dofy.in/in-en/india/sell-old-phone/oppo/oppo-a77s|Single configuration listed
Oppo|A78 4G|128 GB / 8 GB RAM|128 GB|8 GB|₹5,080|India|Dofy.in|https://www.dofy.in/in-en/india/sell-old-phone/oppo/oppo-a78-4g|Single configuration listed
Oppo|A78 5G|128 GB / 8 GB RAM|128 GB|8 GB|₹8,990|India|Dofy.in|https://www.dofy.in/in-en/india/sell-old-phone/oppo/oppo-a78-5g|Single configuration listed
Oppo|A79 5G|128 GB / 8 GB RAM|128 GB|8 GB|₹9,570|India|Dofy.in|https://www.dofy.in/in-en/india/sell-old-phone/oppo/oppo-a79-5g|Single configuration listed
Oppo|A9|128 GB / 4 GB RAM|128 GB|4 GB|₹3,760|India|Dofy.in|https://www.dofy.in/in-en/india/sell-old-phone/oppo/oppo-a9|Single configuration listed
Oppo|A9 2020|128 GB / 4 GB RAM|128 GB|4 GB|₹4,770|India|Dofy.in|https://www.dofy.in/in-en/india/sell-old-phone/oppo/oppo-a9-2020|Verified
Oppo|A9 2020|128 GB / 8 GB RAM|128 GB|8 GB|₹5,210|India|Dofy.in|https://www.dofy.in/in-en/india/sell-old-phone/oppo/oppo-a9-2020|Verified
Oppo|A96|128 GB / 8 GB RAM|128 GB|8 GB|₹6,990|India|Dofy.in|https://www.dofy.in/in-en/india/sell-old-phone/oppo/oppo-a96|Single configuration listed
Oppo|F11|128 GB / 4 GB RAM|128 GB|4 GB|₹4,080|India|Dofy.in|https://www.dofy.in/in-en/india/sell-old-phone/oppo/oppo-f11|Verified
Oppo|F11|128 GB / 6 GB RAM|128 GB|6 GB|₹4,560|India|Dofy.in|https://www.dofy.in/in-en/india/sell-old-phone/oppo/oppo-f11|Verified
Oppo|F11 Pro|64 GB|64 GB|—|₹4,960|India|Dofy.in|https://www.dofy.in/in-en/india/sell-old-phone/oppo/oppo-f11-pro|Verified
Oppo|F11 Pro|128 GB|128 GB|—|₹5,520|India|Dofy.in|https://www.dofy.in/in-en/india/sell-old-phone/oppo/oppo-f11-pro|Verified
Oppo|F11 Pro Avenger Edition|128 GB / 6 GB RAM|128 GB|6 GB|₹4,910|India|Dofy.in|https://www.dofy.in/in-en/india/sell-old-phone/oppo/oppo-f11-pro-avenger-edition|Single configuration listed
Oppo|F15|128 GB / 4 GB RAM|128 GB|4 GB|₹5,950|India|Dofy.in|https://www.dofy.in/in-en/india/sell-old-phone/oppo/oppo-f15|Verified
Oppo|F15|128 GB / 8 GB RAM|128 GB|8 GB|₹6,240|India|Dofy.in|https://www.dofy.in/in-en/india/sell-old-phone/oppo/oppo-f15|Verified
Oppo|F17|128 GB / 6 GB RAM|128 GB|6 GB|₹6,240|India|Dofy.in|https://www.dofy.in/in-en/india/sell-old-phone/oppo/oppo-f17|Verified
Oppo|F17|128 GB / 8 GB RAM|128 GB|8 GB|₹6,440|India|Dofy.in|https://www.dofy.in/in-en/india/sell-old-phone/oppo/oppo-f17|Verified
Oppo|F17 Pro|128 GB / 8 GB RAM|128 GB|8 GB|₹6,940|India|Dofy.in|https://www.dofy.in/in-en/india/sell-old-phone/oppo/oppo-f17-pro|Single configuration listed
Oppo|F19|128 GB / 6 GB RAM|128 GB|6 GB|₹7,000|India|Dofy.in|https://www.dofy.in/in-en/india/sell-old-phone/oppo/oppo-f19|Single configuration listed
Oppo|F19 Pro|256 GB|256 GB|—|₹7,740|India|Dofy.in|https://www.dofy.in/in-en/india/sell-old-phone/oppo/oppo-f19-pro|Verified
Oppo|F19 Pro|128 GB / 8 GB RAM|128 GB|8 GB|₹7,290|India|Dofy.in|https://www.dofy.in/in-en/india/sell-old-phone/oppo/oppo-f19-pro|Verified
Oppo|F19 Pro Plus 5G|128 GB / 8 GB RAM|128 GB|8 GB|₹9,320|India|Dofy.in|https://www.dofy.in/in-en/india/sell-old-phone/oppo/oppo-f19-pro-plus-5g|Single configuration listed
Oppo|F19S|128 GB / 6 GB RAM|128 GB|6 GB|₹6,700|India|Dofy.in|https://www.dofy.in/in-en/india/sell-old-phone/oppo/oppo-f19s|Single configuration listed
Oppo|F21 Pro|128 GB / 8 GB RAM|128 GB|8 GB|₹7,000|India|Dofy.in|https://www.dofy.in/in-en/india/sell-old-phone/oppo/oppo-f21-pro|Single configuration listed
Oppo|F21 Pro 5G|128 GB / 8 GB RAM|128 GB|8 GB|₹9,840|India|Dofy.in|https://www.dofy.in/in-en/india/sell-old-phone/oppo/oppo-f21-pro-5g|Single configuration listed
Oppo|F21S Pro 4G|128 GB / 8 GB RAM|128 GB|8 GB|₹7,610|India|Dofy.in|https://www.dofy.in/in-en/india/sell-old-phone/oppo/oppo-f21s-pro-4g|Single configuration listed
Oppo|F21S Pro 5G|128 GB / 8 GB RAM|128 GB|8 GB|₹8,410|India|Dofy.in|https://www.dofy.in/in-en/india/sell-old-phone/oppo/oppo-f21s-pro-5g|Single configuration listed
Oppo|F23|256 GB / 8 GB RAM|256 GB|8 GB|₹11,010|India|Dofy.in|https://www.dofy.in/in-en/india/sell-old-phone/oppo/oppo-f23|Single configuration listed
Oppo|F25 Pro 5G|128 GB / 8 GB RAM|128 GB|8 GB|₹11,670|India|Dofy.in|https://www.dofy.in/in-en/india/sell-old-phone/oppo/oppo-f25-pro-5g|Verified
Oppo|F25 Pro 5G|256 GB / 8 GB RAM|256 GB|8 GB|₹11,450|India|Dofy.in|https://www.dofy.in/in-en/india/sell-old-phone/oppo/oppo-f25-pro-5g|Verified
Oppo|F27 5G|128 GB / 8 GB RAM|128 GB|8 GB|₹11,970|India|Dofy.in|https://www.dofy.in/in-en/india/sell-old-phone/oppo/oppo-f27-5g|Verified
Oppo|F27 5G|256 GB / 8 GB RAM|256 GB|8 GB|₹12,830|India|Dofy.in|https://www.dofy.in/in-en/india/sell-old-phone/oppo/oppo-f27-5g|Verified
Oppo|F27 Pro Plus 5G|128 GB / 8 GB RAM|128 GB|8 GB|₹13,440|India|Dofy.in|https://www.dofy.in/in-en/india/sell-old-phone/oppo/oppo-f27-pro-plus-5g|Verified
Oppo|F27 Pro Plus 5G|256 GB / 8 GB RAM|256 GB|8 GB|₹14,080|India|Dofy.in|https://www.dofy.in/in-en/india/sell-old-phone/oppo/oppo-f27-pro-plus-5g|Verified
Oppo|F29 5G|128 GB / 8 GB RAM|128 GB|8 GB|₹14,650|India|Dofy.in|https://www.dofy.in/in-en/india/sell-old-phone/oppo/oppo-f29-5g|Verified
Oppo|F29 5G|256 GB / 8 GB RAM|256 GB|8 GB|₹15,900|India|Dofy.in|https://www.dofy.in/in-en/india/sell-old-phone/oppo/oppo-f29-5g|Verified
Oppo|F29 Pro 5G|128 GB / 8 GB RAM|128 GB|8 GB|₹14,790|India|Dofy.in|https://www.dofy.in/in-en/india/sell-old-phone/oppo/oppo-f29-pro-5g|Verified
Oppo|F29 Pro 5G|256 GB / 8 GB RAM|256 GB|8 GB|₹16,080|India|Dofy.in|https://www.dofy.in/in-en/india/sell-old-phone/oppo/oppo-f29-pro-5g|Verified
Oppo|F29 Pro 5G|256 GB / 12 GB RAM|256 GB|12 GB|₹17,660|India|Dofy.in|https://www.dofy.in/in-en/india/sell-old-phone/oppo/oppo-f29-pro-5g|Verified
Oppo|F31 5G|128 GB / 8 GB RAM|128 GB|8 GB|₹15,730|India|Dofy.in|https://www.dofy.in/in-en/india/sell-old-phone/oppo/oppo-f31-5g|Verified
Oppo|F31 5G|256 GB / 8 GB RAM|256 GB|8 GB|₹17,110|India|Dofy.in|https://www.dofy.in/in-en/india/sell-old-phone/oppo/oppo-f31-5g|Verified
Oppo|F31 Pro 5G|128 GB / 8 GB RAM|128 GB|8 GB|₹17,910|India|Dofy.in|https://www.dofy.in/in-en/india/sell-old-phone/oppo/oppo-f31-pro-5g|Verified
Oppo|F31 Pro 5G|256 GB / 8 GB RAM|256 GB|8 GB|₹19,380|India|Dofy.in|https://www.dofy.in/in-en/india/sell-old-phone/oppo/oppo-f31-pro-5g|Verified
Oppo|F31 Pro 5G|256 GB / 12 GB RAM|256 GB|12 GB|₹19,920|India|Dofy.in|https://www.dofy.in/in-en/india/sell-old-phone/oppo/oppo-f31-pro-5g|Verified
Oppo|F31 Pro Plus 5G|256 GB / 8 GB RAM|256 GB|8 GB|₹19,910|India|Dofy.in|https://www.dofy.in/in-en/india/sell-old-phone/oppo/oppo-f31-pro-plus-5g|Verified
Oppo|F31 Pro Plus 5G|256 GB / 12 GB RAM|256 GB|12 GB|₹20,910|India|Dofy.in|https://www.dofy.in/in-en/india/sell-old-phone/oppo/oppo-f31-pro-plus-5g|Verified
Oppo|F33 5G|128 GB / 6 GB RAM|128 GB|6 GB|₹17,170|India|Dofy.in|https://www.dofy.in/in-en/india/sell-old-phone/oppo/oppo-f33-5g|Verified
Oppo|F33 5G|128 GB / 8 GB RAM|128 GB|8 GB|₹19,370|India|Dofy.in|https://www.dofy.in/in-en/india/sell-old-phone/oppo/oppo-f33-5g|Verified
Oppo|F33 5G|256 GB / 8 GB RAM|256 GB|8 GB|₹21,810|India|Dofy.in|https://www.dofy.in/in-en/india/sell-old-phone/oppo/oppo-f33-5g|Verified
Oppo|F33 Pro 5G|128 GB / 8 GB RAM|128 GB|8 GB|₹20,860|India|Dofy.in|https://www.dofy.in/in-en/india/sell-old-phone/oppo/oppo-f33-pro-5g|Verified
Oppo|F33 Pro 5G|256 GB / 8 GB RAM|256 GB|8 GB|₹21,940|India|Dofy.in|https://www.dofy.in/in-en/india/sell-old-phone/oppo/oppo-f33-pro-5g|Verified
Oppo|F9|64 GB / 4 GB RAM|64 GB|4 GB|₹3,520|India|Dofy.in|https://www.dofy.in/in-en/india/sell-old-phone/oppo/oppo-f9|Single configuration listed
Oppo|F9 Pro|64 GB / 6 GB RAM|64 GB|6 GB|₹3,670|India|Dofy.in|https://www.dofy.in/in-en/india/sell-old-phone/oppo/oppo-f9-pro|Verified
Oppo|F9 Pro|128 GB / 6 GB RAM|128 GB|6 GB|₹3,980|India|Dofy.in|https://www.dofy.in/in-en/india/sell-old-phone/oppo/oppo-f9-pro|Verified
Oppo|Find N2 Flip|256 GB / 8 GB RAM|256 GB|8 GB|₹20,630|India|Dofy.in|https://www.dofy.in/in-en/india/sell-old-phone/oppo/oppo-find-n2-flip|Single configuration listed
Oppo|Find N3 Flip|256 GB / 12 GB RAM|256 GB|12 GB|₹20,180|India|Dofy.in|https://www.dofy.in/in-en/india/sell-old-phone/oppo/oppo-find-n3-flip|Single configuration listed
Oppo|Find X|256 GB / 8 GB RAM|256 GB|8 GB|₹9,260|India|Dofy.in|https://www.dofy.in/in-en/india/sell-old-phone/oppo/oppo-find-x|Single configuration listed
Oppo|Find X2|256 GB / 12 GB RAM|256 GB|12 GB|₹14,840|India|Dofy.in|https://www.dofy.in/in-en/india/sell-old-phone/oppo/oppo-find-x2|Single configuration listed
Oppo|Find X8|256 GB / 12 GB RAM|256 GB|12 GB|₹29,100|India|Dofy.in|https://www.dofy.in/in-en/india/sell-old-phone/oppo/oppo-find-x8|Verified
Oppo|Find X8|512 GB / 16 GB RAM|512 GB|16 GB|₹34,040|India|Dofy.in|https://www.dofy.in/in-en/india/sell-old-phone/oppo/oppo-find-x8|Verified
Oppo|Find X8 Pro|512 GB / 16 GB RAM|512 GB|16 GB|₹37,010|India|Dofy.in|https://www.dofy.in/in-en/india/sell-old-phone/oppo/oppo-find-x8-pro|Single configuration listed
Oppo|Find X9|256 GB / 12 GB RAM|256 GB|12 GB|₹33,810|India|Dofy.in|https://www.dofy.in/in-en/india/sell-old-phone/oppo/oppo-find-x9|Verified
Oppo|Find X9|512 GB / 16 GB RAM|512 GB|16 GB|₹40,240|India|Dofy.in|https://www.dofy.in/in-en/india/sell-old-phone/oppo/oppo-find-x9|Verified
Oppo|Find X9 Pro|512 GB / 16 GB RAM|512 GB|16 GB|₹51,010|India|Dofy.in|https://www.dofy.in/in-en/india/sell-old-phone/oppo/oppo-find-x9-pro|Single configuration listed
Oppo|Find X9 Ultra|512 GB / 12 GB RAM|512 GB|12 GB|₹76,740|India|Dofy.in|https://www.dofy.in/in-en/india/sell-old-phone/oppo/oppo-find-x9-ultra|Single configuration listed
Oppo|Find X9s|256 GB / 12 GB RAM|256 GB|12 GB|₹41,840|India|Dofy.in|https://www.dofy.in/in-en/india/sell-old-phone/oppo/oppo-find-x9s|Verified
Oppo|Find X9s|512 GB / 12 GB RAM|512 GB|12 GB|₹44,790|India|Dofy.in|https://www.dofy.in/in-en/india/sell-old-phone/oppo/oppo-find-x9s|Verified
Oppo|K1|64 GB / 4 GB RAM|64 GB|4 GB|₹4,170|India|Dofy.in|https://www.dofy.in/in-en/india/sell-old-phone/oppo/oppo-k1|Single configuration listed
Oppo|K10|128 GB / 6 GB RAM|128 GB|6 GB|₹6,300|India|Dofy.in|https://www.dofy.in/in-en/india/sell-old-phone/oppo/oppo-k10|Verified
Oppo|K10|128 GB / 8 GB RAM|128 GB|8 GB|₹6,440|India|Dofy.in|https://www.dofy.in/in-en/india/sell-old-phone/oppo/oppo-k10|Verified
Oppo|K10 5G|128 GB / 6 GB RAM|128 GB|6 GB|₹8,100|India|Dofy.in|https://www.dofy.in/in-en/india/sell-old-phone/oppo/oppo-k10-5g|Verified
Oppo|K10 5G|128 GB / 8 GB RAM|128 GB|8 GB|₹8,740|India|Dofy.in|https://www.dofy.in/in-en/india/sell-old-phone/oppo/oppo-k10-5g|Verified
Oppo|K12x 5G|128 GB / 6 GB RAM|128 GB|6 GB|₹8,730|India|Dofy.in|https://www.dofy.in/in-en/india/sell-old-phone/oppo/oppo-k12x-5g|Verified
Oppo|K12x 5G|256 GB / 8 GB RAM|256 GB|8 GB|₹8,770|India|Dofy.in|https://www.dofy.in/in-en/india/sell-old-phone/oppo/oppo-k12x-5g|Verified
Oppo|K13|128 GB / 8 GB RAM|128 GB|8 GB|₹12,890|India|Dofy.in|https://www.dofy.in/in-en/india/sell-old-phone/oppo/oppo-k13|Verified
Oppo|K13|256 GB / 8 GB RAM|256 GB|8 GB|₹13,580|India|Dofy.in|https://www.dofy.in/in-en/india/sell-old-phone/oppo/oppo-k13|Verified
Oppo|K13 Turbo 5G|128 GB / 8 GB RAM|128 GB|8 GB|₹15,300|India|Dofy.in|https://www.dofy.in/in-en/india/sell-old-phone/oppo/oppo-k13-turbo-5g|Verified
Oppo|K13 Turbo 5G|256 GB / 8 GB RAM|256 GB|8 GB|₹15,770|India|Dofy.in|https://www.dofy.in/in-en/india/sell-old-phone/oppo/oppo-k13-turbo-5g|Verified
Oppo|K13 Turbo Pro 5G|256 GB / 8 GB RAM|256 GB|8 GB|₹19,980|India|Dofy.in|https://www.dofy.in/in-en/india/sell-old-phone/oppo/oppo-k13-turbo-pro-5g|Verified
Oppo|K13 Turbo Pro 5G|256 GB / 12 GB RAM|256 GB|12 GB|₹20,710|India|Dofy.in|https://www.dofy.in/in-en/india/sell-old-phone/oppo/oppo-k13-turbo-pro-5g|Verified
Oppo|K13x 5G|128 GB / 4 GB RAM|128 GB|4 GB|₹7,550|India|Dofy.in|https://www.dofy.in/in-en/india/sell-old-phone/oppo/oppo-k13x-5g|Verified
Oppo|K13x 5G|128 GB / 6 GB RAM|128 GB|6 GB|₹8,890|India|Dofy.in|https://www.dofy.in/in-en/india/sell-old-phone/oppo/oppo-k13x-5g|Verified
Oppo|K13x 5G|128 GB / 8 GB RAM|128 GB|8 GB|₹9,220|India|Dofy.in|https://www.dofy.in/in-en/india/sell-old-phone/oppo/oppo-k13x-5g|Verified
Oppo|K14 5G|128 GB / 6 GB RAM|128 GB|6 GB|₹11,530|India|Dofy.in|https://www.dofy.in/in-en/india/sell-old-phone/oppo/oppo-k14-5g|Verified
Oppo|K14 5G|256 GB / 6 GB RAM|256 GB|6 GB|₹12,650|India|Dofy.in|https://www.dofy.in/in-en/india/sell-old-phone/oppo/oppo-k14-5g|Verified
Oppo|K14 5G|256 GB / 8 GB RAM|256 GB|8 GB|₹14,320|India|Dofy.in|https://www.dofy.in/in-en/india/sell-old-phone/oppo/oppo-k14-5g|Verified
Oppo|K14x 5G|128 GB / 4 GB RAM|128 GB|4 GB|₹10,990|India|Dofy.in|https://www.dofy.in/in-en/india/sell-old-phone/oppo/oppo-k14x-5g|Verified
Oppo|K14x 5G|128 GB / 6 GB RAM|128 GB|6 GB|₹11,300|India|Dofy.in|https://www.dofy.in/in-en/india/sell-old-phone/oppo/oppo-k14x-5g|Verified
Oppo|K3|64 GB / 6 GB RAM|64 GB|6 GB|₹5,610|India|Dofy.in|https://www.dofy.in/in-en/india/sell-old-phone/oppo/oppo-k3|Verified
Oppo|K3|128 GB / 8 GB RAM|128 GB|8 GB|₹5,950|India|Dofy.in|https://www.dofy.in/in-en/india/sell-old-phone/oppo/oppo-k3|Verified
Oppo|R17|128 GB / 8 GB RAM|128 GB|8 GB|₹5,700|India|Dofy.in|https://www.dofy.in/in-en/india/sell-old-phone/oppo/oppo-r17|Single configuration listed
Oppo|R17 Pro|128 GB / 8 GB RAM|128 GB|8 GB|₹5,700|India|Dofy.in|https://www.dofy.in/in-en/india/sell-old-phone/oppo/oppo-r17-pro|Single configuration listed
Oppo|Reno|128 GB / 8 GB RAM|128 GB|8 GB|₹7,000|India|Dofy.in|https://www.dofy.in/in-en/india/sell-old-phone/oppo/oppo-reno|Single configuration listed
Oppo|Reno 10|256 GB / 8 GB RAM|256 GB|8 GB|₹14,080|India|Dofy.in|https://www.dofy.in/in-en/india/sell-old-phone/oppo/oppo-reno-10|Single configuration listed
Oppo|Reno 10 Pro|256 GB / 12 GB RAM|256 GB|12 GB|₹17,150|India|Dofy.in|https://www.dofy.in/in-en/india/sell-old-phone/oppo/oppo-reno-10-pro|Single configuration listed
Oppo|Reno 10 Pro Plus|256 GB / 12 GB RAM|256 GB|12 GB|₹17,510|India|Dofy.in|https://www.dofy.in/in-en/india/sell-old-phone/oppo/oppo-reno-10-pro-plus|Single configuration listed
Oppo|Reno 10X Zoom|128 GB / 6 GB RAM|128 GB|6 GB|₹7,790|India|Dofy.in|https://www.dofy.in/in-en/india/sell-old-phone/oppo/oppo-reno-10x-zoom|Verified
Oppo|Reno 10X Zoom|256 GB / 8 GB RAM|256 GB|8 GB|₹8,370|India|Dofy.in|https://www.dofy.in/in-en/india/sell-old-phone/oppo/oppo-reno-10x-zoom|Verified
Oppo|Reno 11|256 GB / 8 GB RAM|256 GB|8 GB|₹16,220|India|Dofy.in|https://www.dofy.in/in-en/india/sell-old-phone/oppo/oppo-reno-11|Verified
Oppo|Reno 11|128 GB / 8 GB RAM|128 GB|8 GB|₹14,160|India|Dofy.in|https://www.dofy.in/in-en/india/sell-old-phone/oppo/oppo-reno-11|Verified
Oppo|Reno 11 Pro|256 GB / 12 GB RAM|256 GB|12 GB|₹16,930|India|Dofy.in|https://www.dofy.in/in-en/india/sell-old-phone/oppo/oppo-reno-11-pro|Single configuration listed
Oppo|Reno 13 5G|128 GB / 8 GB RAM|128 GB|8 GB|₹15,660|India|Dofy.in|https://www.dofy.in/in-en/india/sell-old-phone/oppo/oppo-reno-13-5g|Verified
Oppo|Reno 13 5G|256 GB / 8 GB RAM|256 GB|8 GB|₹16,290|India|Dofy.in|https://www.dofy.in/in-en/india/sell-old-phone/oppo/oppo-reno-13-5g|Verified
Oppo|Reno 13 Pro 5G|256 GB / 12 GB RAM|256 GB|12 GB|₹20,330|India|Dofy.in|https://www.dofy.in/in-en/india/sell-old-phone/oppo/oppo-reno-13-pro-5g|Verified
Oppo|Reno 13 Pro 5G|512 GB / 16 GB RAM|512 GB|16 GB|₹22,900|India|Dofy.in|https://www.dofy.in/in-en/india/sell-old-phone/oppo/oppo-reno-13-pro-5g|Verified
Oppo|Reno 14 5G|256 GB / 8 GB RAM|256 GB|8 GB|₹20,410|India|Dofy.in|https://www.dofy.in/in-en/india/sell-old-phone/oppo/oppo-reno-14-5g|Verified
Oppo|Reno 14 5G|256 GB / 12 GB RAM|256 GB|12 GB|₹23,830|India|Dofy.in|https://www.dofy.in/in-en/india/sell-old-phone/oppo/oppo-reno-14-5g|Verified
Oppo|Reno 14 5G|512 GB / 12 GB RAM|512 GB|12 GB|₹26,660|India|Dofy.in|https://www.dofy.in/in-en/india/sell-old-phone/oppo/oppo-reno-14-5g|Verified
Oppo|Reno 14 Pro 5G|256 GB / 12 GB RAM|256 GB|12 GB|₹27,430|India|Dofy.in|https://www.dofy.in/in-en/india/sell-old-phone/oppo/oppo-reno-14-pro-5g|Verified
Oppo|Reno 14 Pro 5G|512 GB / 12 GB RAM|512 GB|12 GB|₹30,140|India|Dofy.in|https://www.dofy.in/in-en/india/sell-old-phone/oppo/oppo-reno-14-pro-5g|Verified
Oppo|Reno 15 5G|256 GB / 8 GB RAM|256 GB|8 GB|₹24,450|India|Dofy.in|https://www.dofy.in/in-en/india/sell-old-phone/oppo/oppo-reno-15-5g|Verified
Oppo|Reno 15 5G|256 GB / 12 GB RAM|256 GB|12 GB|₹25,520|India|Dofy.in|https://www.dofy.in/in-en/india/sell-old-phone/oppo/oppo-reno-15-5g|Verified
Oppo|Reno 15 5G|512 GB / 12 GB RAM|512 GB|12 GB|₹28,400|India|Dofy.in|https://www.dofy.in/in-en/india/sell-old-phone/oppo/oppo-reno-15-5g|Verified
Oppo|Reno 15 Pro 5G|256 GB / 12 GB RAM|256 GB|12 GB|₹40,140|India|Dofy.in|https://www.dofy.in/in-en/india/sell-old-phone/oppo/oppo-reno-15-pro-5g|Verified
Oppo|Reno 15 Pro 5G|512 GB / 12 GB RAM|512 GB|12 GB|₹41,340|India|Dofy.in|https://www.dofy.in/in-en/india/sell-old-phone/oppo/oppo-reno-15-pro-5g|Verified
Oppo|Reno 15 Pro Mini 5G|256 GB / 12 GB RAM|256 GB|12 GB|₹30,540|India|Dofy.in|https://www.dofy.in/in-en/india/sell-old-phone/oppo/oppo-reno-15-pro-mini-5g|Verified
Oppo|Reno 15 Pro Mini 5G|512 GB / 12 GB RAM|512 GB|12 GB|₹33,440|India|Dofy.in|https://www.dofy.in/in-en/india/sell-old-phone/oppo/oppo-reno-15-pro-mini-5g|Verified
Oppo|Reno 15C|256 GB / 8 GB RAM|256 GB|8 GB|₹21,190|India|Dofy.in|https://www.dofy.in/in-en/india/sell-old-phone/oppo/oppo-reno-15c|Verified
Oppo|Reno 15C|256 GB / 12 GB RAM|256 GB|12 GB|₹21,830|India|Dofy.in|https://www.dofy.in/in-en/india/sell-old-phone/oppo/oppo-reno-15c|Verified
Oppo|Reno 16 5G|256 GB / 8 GB RAM|256 GB|8 GB|₹35,310|India|Dofy.in|https://www.dofy.in/in-en/india/sell-old-phone/oppo/oppo-reno-16-5g|Verified
Oppo|Reno 16 5G|256 GB / 12 GB RAM|256 GB|12 GB|₹40,130|India|Dofy.in|https://www.dofy.in/in-en/india/sell-old-phone/oppo/oppo-reno-16-5g|Verified
Oppo|Reno 16C 5G|128 GB / 8 GB RAM|128 GB|8 GB|₹26,640|India|Dofy.in|https://www.dofy.in/in-en/india/sell-old-phone/oppo/oppo-reno-16c-5g|Verified
Oppo|Reno 16C 5G|256 GB / 8 GB RAM|256 GB|8 GB|₹27,410|India|Dofy.in|https://www.dofy.in/in-en/india/sell-old-phone/oppo/oppo-reno-16c-5g|Verified
Oppo|Reno 16C 5G|256 GB / 12 GB RAM|256 GB|12 GB|₹33,070|India|Dofy.in|https://www.dofy.in/in-en/india/sell-old-phone/oppo/oppo-reno-16c-5g|Verified
Oppo|Reno 2|256 GB / 8 GB RAM|256 GB|8 GB|₹7,150|India|Dofy.in|https://www.dofy.in/in-en/india/sell-old-phone/oppo/oppo-reno-2|Single configuration listed
Oppo|Reno 2Z|256 GB / 8 GB RAM|256 GB|8 GB|₹6,060|India|Dofy.in|https://www.dofy.in/in-en/india/sell-old-phone/oppo/oppo-reno-2z|Single configuration listed
Oppo|Reno 7 5G|256 GB / 8 GB RAM|256 GB|8 GB|₹10,110|India|Dofy.in|https://www.dofy.in/in-en/india/sell-old-phone/oppo/oppo-reno-7-5g|Single configuration listed
Oppo|Reno 7 Pro 5G|256 GB / 12 GB RAM|256 GB|12 GB|₹12,820|India|Dofy.in|https://www.dofy.in/in-en/india/sell-old-phone/oppo/oppo-reno-7-pro-5g|Single configuration listed
Oppo|Reno 8 5G|128 GB / 8 GB RAM|128 GB|8 GB|₹11,810|India|Dofy.in|https://www.dofy.in/in-en/india/sell-old-phone/oppo/oppo-reno-8-5g|Single configuration listed
Oppo|Reno 8 Pro 5G|256 GB / 12 GB RAM|256 GB|12 GB|₹14,150|India|Dofy.in|https://www.dofy.in/in-en/india/sell-old-phone/oppo/oppo-reno-8-pro-5g|Single configuration listed
Oppo|Reno 8T 5G|128 GB / 8 GB RAM|128 GB|8 GB|₹12,800|India|Dofy.in|https://www.dofy.in/in-en/india/sell-old-phone/oppo/oppo-reno-8t-5g|Single configuration listed
Oppo|Reno12 5G|256 GB / 8 GB RAM|256 GB|8 GB|₹14,950|India|Dofy.in|https://www.dofy.in/in-en/india/sell-old-phone/oppo/oppo-reno12-5g|Single configuration listed
Oppo|Reno12 Pro 5G|256 GB / 12 GB RAM|256 GB|12 GB|₹19,030|India|Dofy.in|https://www.dofy.in/in-en/india/sell-old-phone/oppo/oppo-reno12-pro-5g|Verified
Oppo|Reno12 Pro 5G|512 GB / 12 GB RAM|512 GB|12 GB|₹18,750|India|Dofy.in|https://www.dofy.in/in-en/india/sell-old-phone/oppo/oppo-reno12-pro-5g|Verified
Oppo|Reno2 F|256 GB / 6 GB RAM|256 GB|6 GB|₹6,890|India|Dofy.in|https://www.dofy.in/in-en/india/sell-old-phone/oppo/oppo-reno2-f|Verified
Oppo|Reno2 F|128 GB / 8 GB RAM|128 GB|8 GB|₹7,490|India|Dofy.in|https://www.dofy.in/in-en/india/sell-old-phone/oppo/oppo-reno2-f|Verified
Oppo|Reno3 Pro|128 GB / 8 GB RAM|128 GB|8 GB|₹7,330|India|Dofy.in|https://www.dofy.in/in-en/india/sell-old-phone/oppo/oppo-reno3-pro|Verified
Oppo|Reno3 Pro|256 GB / 8 GB RAM|256 GB|8 GB|₹7,830|India|Dofy.in|https://www.dofy.in/in-en/india/sell-old-phone/oppo/oppo-reno3-pro|Verified
Oppo|Reno4 Pro|128 GB / 8 GB RAM|128 GB|8 GB|₹8,960|India|Dofy.in|https://www.dofy.in/in-en/india/sell-old-phone/oppo/oppo-reno4-pro|Single configuration listed
Oppo|Reno5 Pro 5G|128 GB / 8 GB RAM|128 GB|8 GB|₹11,000|India|Dofy.in|https://www.dofy.in/in-en/india/sell-old-phone/oppo/oppo-reno5-pro-5g|Single configuration listed
Oppo|Reno6 5G|128 GB / 8 GB RAM|128 GB|8 GB|₹10,390|India|Dofy.in|https://www.dofy.in/in-en/india/sell-old-phone/oppo/oppo-reno6-5g|Single configuration listed
Oppo|Reno6 Pro 5G|256 GB / 12 GB RAM|256 GB|12 GB|₹12,570|India|Dofy.in|https://www.dofy.in/in-en/india/sell-old-phone/oppo/oppo-reno6-pro-5g|Single configuration listed
POCO|C3|32 GB / 3 GB RAM|32 GB|3 GB|₹3,910|India|Dofy.in|https://www.dofy.in/in-en/india/sell-old-phone/poco/poco-c3|Verified
POCO|C3|64 GB / 4 GB RAM|64 GB|4 GB|₹4,220|India|Dofy.in|https://www.dofy.in/in-en/india/sell-old-phone/poco/poco-c3|Verified
POCO|C31|32 GB / 3 GB RAM|32 GB|3 GB|₹4,040|India|Dofy.in|https://www.dofy.in/in-en/india/sell-old-phone/poco/poco-c31|Verified
POCO|C31|64 GB / 4 GB RAM|64 GB|4 GB|₹4,220|India|Dofy.in|https://www.dofy.in/in-en/india/sell-old-phone/poco/poco-c31|Verified
POCO|C50|32 GB / 2 GB RAM|32 GB|2 GB|₹4,210|India|Dofy.in|https://www.dofy.in/in-en/india/sell-old-phone/poco/poco-c50|Verified
POCO|C50|32 GB / 3 GB RAM|32 GB|3 GB|₹4,700|India|Dofy.in|https://www.dofy.in/in-en/india/sell-old-phone/poco/poco-c50|Verified
POCO|C51|64 GB / 4 GB RAM|64 GB|4 GB|₹4,010|India|Dofy.in|https://www.dofy.in/in-en/india/sell-old-phone/poco/poco-c51|Verified
POCO|C51|128 GB / 6 GB RAM|128 GB|6 GB|₹4,640|India|Dofy.in|https://www.dofy.in/in-en/india/sell-old-phone/poco/poco-c51|Verified
POCO|C55|64 GB / 4 GB RAM|64 GB|4 GB|₹4,890|India|Dofy.in|https://www.dofy.in/in-en/india/sell-old-phone/poco/poco-c55|Verified
POCO|C55|128 GB / 6 GB RAM|128 GB|6 GB|₹5,320|India|Dofy.in|https://www.dofy.in/in-en/india/sell-old-phone/poco/poco-c55|Verified
POCO|C61|64 GB / 4 GB RAM|64 GB|4 GB|₹4,780|India|Dofy.in|https://www.dofy.in/in-en/india/sell-old-phone/poco/poco-c61|Verified
POCO|C61|128 GB / 6 GB RAM|128 GB|6 GB|₹5,030|India|Dofy.in|https://www.dofy.in/in-en/india/sell-old-phone/poco/poco-c61|Verified
POCO|C65|128 GB / 4 GB RAM|128 GB|4 GB|₹4,340|India|Dofy.in|https://www.dofy.in/in-en/india/sell-old-phone/poco/poco-c65|Verified
POCO|C65|128 GB / 6 GB RAM|128 GB|6 GB|₹4,860|India|Dofy.in|https://www.dofy.in/in-en/india/sell-old-phone/poco/poco-c65|Verified
POCO|C65|256 GB / 8 GB RAM|256 GB|8 GB|₹5,170|India|Dofy.in|https://www.dofy.in/in-en/india/sell-old-phone/poco/poco-c65|Verified
POCO|C71|64 GB / 4 GB RAM|64 GB|4 GB|₹3,810|India|Dofy.in|https://www.dofy.in/in-en/india/sell-old-phone/poco/poco-c71|Verified
POCO|C71|128 GB / 6 GB RAM|128 GB|6 GB|₹4,180|India|Dofy.in|https://www.dofy.in/in-en/india/sell-old-phone/poco/poco-c71|Verified
POCO|C75 5G|64 GB / 4 GB RAM|64 GB|4 GB|₹5,610|India|Dofy.in|https://www.dofy.in/in-en/india/sell-old-phone/poco/poco-c75-5g|Single configuration listed
POCO|C81|64 GB / 4 GB RAM|64 GB|4 GB|₹7,340|India|Dofy.in|https://www.dofy.in/in-en/india/sell-old-phone/poco/poco-c81|Single configuration listed
POCO|C81x|64 GB / 3 GB RAM|64 GB|3 GB|₹6,890|India|Dofy.in|https://www.dofy.in/in-en/india/sell-old-phone/poco/poco-c81x|Single configuration listed
POCO|C85|128 GB / 4 GB RAM|128 GB|4 GB|₹7,580|India|Dofy.in|https://www.dofy.in/in-en/india/sell-old-phone/poco/poco-c85|Verified
POCO|C85|128 GB / 6 GB RAM|128 GB|6 GB|₹8,410|India|Dofy.in|https://www.dofy.in/in-en/india/sell-old-phone/poco/poco-c85|Verified
POCO|C85|256 GB / 8 GB RAM|256 GB|8 GB|₹9,200|India|Dofy.in|https://www.dofy.in/in-en/india/sell-old-phone/poco/poco-c85|Verified
POCO|F1|64 GB / 6 GB RAM|64 GB|6 GB|₹3,770|India|Dofy.in|https://www.dofy.in/in-en/india/sell-old-phone/poco/poco-f1|Verified
POCO|F1|128 GB / 6 GB RAM|128 GB|6 GB|₹4,170|India|Dofy.in|https://www.dofy.in/in-en/india/sell-old-phone/poco/poco-f1|Verified
POCO|F1|256 GB / 8 GB RAM|256 GB|8 GB|₹4,420|India|Dofy.in|https://www.dofy.in/in-en/india/sell-old-phone/poco/poco-f1|Verified
POCO|F3 GT|128 GB / 6 GB RAM|128 GB|6 GB|₹10,010|India|Dofy.in|https://www.dofy.in/in-en/india/sell-old-phone/poco/poco-f3-gt|Verified
POCO|F3 GT|128 GB / 8 GB RAM|128 GB|8 GB|₹10,300|India|Dofy.in|https://www.dofy.in/in-en/india/sell-old-phone/poco/poco-f3-gt|Verified
POCO|F3 GT|256 GB / 8 GB RAM|256 GB|8 GB|₹11,300|India|Dofy.in|https://www.dofy.in/in-en/india/sell-old-phone/poco/poco-f3-gt|Verified
POCO|F4|128 GB / 6 GB RAM|128 GB|6 GB|₹9,220|India|Dofy.in|https://www.dofy.in/in-en/india/sell-old-phone/poco/poco-f4|Verified
POCO|F4|128 GB / 8 GB RAM|128 GB|8 GB|₹9,710|India|Dofy.in|https://www.dofy.in/in-en/india/sell-old-phone/poco/poco-f4|Verified
POCO|F4|256 GB / 12 GB RAM|256 GB|12 GB|₹10,080|India|Dofy.in|https://www.dofy.in/in-en/india/sell-old-phone/poco/poco-f4|Verified
POCO|F5|256 GB / 8 GB RAM|256 GB|8 GB|₹12,840|India|Dofy.in|https://www.dofy.in/in-en/india/sell-old-phone/poco/poco-f5|Verified
POCO|F5|256 GB / 12 GB RAM|256 GB|12 GB|₹13,150|India|Dofy.in|https://www.dofy.in/in-en/india/sell-old-phone/poco/poco-f5|Verified
POCO|F6 5G|256 GB / 8 GB RAM|256 GB|8 GB|₹13,770|India|Dofy.in|https://www.dofy.in/in-en/india/sell-old-phone/poco/poco-f6-5g|Verified
POCO|F6 5G|256 GB / 12 GB RAM|256 GB|12 GB|₹14,280|India|Dofy.in|https://www.dofy.in/in-en/india/sell-old-phone/poco/poco-f6-5g|Verified
POCO|F6 5G|512 GB / 12 GB RAM|512 GB|12 GB|₹14,660|India|Dofy.in|https://www.dofy.in/in-en/india/sell-old-phone/poco/poco-f6-5g|Verified
POCO|F7|256 GB / 12 GB RAM|256 GB|12 GB|₹20,470|India|Dofy.in|https://www.dofy.in/in-en/india/sell-old-phone/poco/poco-f7|Verified
POCO|F7|512 GB / 12 GB RAM|512 GB|12 GB|₹20,780|India|Dofy.in|https://www.dofy.in/in-en/india/sell-old-phone/poco/poco-f7|Verified
POCO|M2 Pro|64 GB / 4 GB RAM|64 GB|4 GB|₹5,360|India|Dofy.in|https://www.dofy.in/in-en/india/sell-old-phone/poco/poco-m2-pro|Verified
POCO|M2 Pro|64 GB / 6 GB RAM|64 GB|6 GB|₹5,700|India|Dofy.in|https://www.dofy.in/in-en/india/sell-old-phone/poco/poco-m2-pro|Verified
POCO|M2 Pro|128 GB / 6 GB RAM|128 GB|6 GB|₹6,000|India|Dofy.in|https://www.dofy.in/in-en/india/sell-old-phone/poco/poco-m2-pro|Verified
POCO|M2 Reloaded|64 GB / 4 GB RAM|64 GB|4 GB|₹4,080|India|Dofy.in|https://www.dofy.in/in-en/india/sell-old-phone/poco/poco-m2-reloaded|Single configuration listed
POCO|M3 Pro 5G|64 GB / 4 GB RAM|64 GB|4 GB|₹6,800|India|Dofy.in|https://www.dofy.in/in-en/india/sell-old-phone/poco/poco-m3-pro-5g|Verified
POCO|M3 Pro 5G|128 GB / 6 GB RAM|128 GB|6 GB|₹7,740|India|Dofy.in|https://www.dofy.in/in-en/india/sell-old-phone/poco/poco-m3-pro-5g|Verified
POCO|M4 5G|64 GB / 4 GB RAM|64 GB|4 GB|₹6,920|India|Dofy.in|https://www.dofy.in/in-en/india/sell-old-phone/poco/poco-m4-5g|Verified
POCO|M4 5G|128 GB / 6 GB RAM|128 GB|6 GB|₹7,210|India|Dofy.in|https://www.dofy.in/in-en/india/sell-old-phone/poco/poco-m4-5g|Verified
POCO|M4 Pro|64 GB / 6 GB RAM|64 GB|6 GB|₹5,760|India|Dofy.in|https://www.dofy.in/in-en/india/sell-old-phone/poco/poco-m4-pro|Verified
POCO|M4 Pro|128 GB / 6 GB RAM|128 GB|6 GB|₹6,230|India|Dofy.in|https://www.dofy.in/in-en/india/sell-old-phone/poco/poco-m4-pro|Verified
POCO|M4 Pro|128 GB / 8 GB RAM|128 GB|8 GB|₹6,480|India|Dofy.in|https://www.dofy.in/in-en/india/sell-old-phone/poco/poco-m4-pro|Verified
POCO|M4 Pro 5G|64 GB / 4 GB RAM|64 GB|4 GB|₹6,840|India|Dofy.in|https://www.dofy.in/in-en/india/sell-old-phone/poco/poco-m4-pro-5g|Verified
POCO|M4 Pro 5G|128 GB / 6 GB RAM|128 GB|6 GB|₹7,910|India|Dofy.in|https://www.dofy.in/in-en/india/sell-old-phone/poco/poco-m4-pro-5g|Verified
POCO|M4 Pro 5G|128 GB / 8 GB RAM|128 GB|8 GB|₹8,270|India|Dofy.in|https://www.dofy.in/in-en/india/sell-old-phone/poco/poco-m4-pro-5g|Verified
POCO|M5|64 GB / 4 GB RAM|64 GB|4 GB|₹4,680|India|Dofy.in|https://www.dofy.in/in-en/india/sell-old-phone/poco/poco-m5|Verified
POCO|M5|128 GB / 6 GB RAM|128 GB|6 GB|₹5,050|India|Dofy.in|https://www.dofy.in/in-en/india/sell-old-phone/poco/poco-m5|Verified
POCO|M6 5G|128 GB / 4 GB RAM|128 GB|4 GB|₹6,010|India|Dofy.in|https://www.dofy.in/in-en/india/sell-old-phone/poco/poco-m6-5g|Verified
POCO|M6 5G|128 GB / 6 GB RAM|128 GB|6 GB|₹6,180|India|Dofy.in|https://www.dofy.in/in-en/india/sell-old-phone/poco/poco-m6-5g|Verified
POCO|M6 5G|256 GB / 8 GB RAM|256 GB|8 GB|₹6,350|India|Dofy.in|https://www.dofy.in/in-en/india/sell-old-phone/poco/poco-m6-5g|Verified
POCO|M6 5G|64 GB / 4 GB RAM|64 GB|4 GB|₹5,800|India|Dofy.in|https://www.dofy.in/in-en/india/sell-old-phone/poco/poco-m6-5g|Verified
POCO|M6 Plus 5G|128 GB / 6 GB RAM|128 GB|6 GB|₹6,430|India|Dofy.in|https://www.dofy.in/in-en/india/sell-old-phone/poco/poco-m6-plus-5g|Verified
POCO|M6 Plus 5G|128 GB / 8 GB RAM|128 GB|8 GB|₹6,540|India|Dofy.in|https://www.dofy.in/in-en/india/sell-old-phone/poco/poco-m6-plus-5g|Verified
POCO|M6 Pro 5G|256 GB / 8 GB RAM|256 GB|8 GB|₹8,590|India|Dofy.in|https://www.dofy.in/in-en/india/sell-old-phone/poco/poco-m6-pro-5g|Verified
POCO|M6 Pro 5G|64 GB / 4 GB RAM|64 GB|4 GB|₹6,390|India|Dofy.in|https://www.dofy.in/in-en/india/sell-old-phone/poco/poco-m6-pro-5g|Verified
POCO|M6 Pro 5G|128 GB / 6 GB RAM|128 GB|6 GB|₹8,460|India|Dofy.in|https://www.dofy.in/in-en/india/sell-old-phone/poco/poco-m6-pro-5g|Verified
POCO|M6 Pro 5G|128 GB / 4 GB RAM|128 GB|4 GB|₹7,890|India|Dofy.in|https://www.dofy.in/in-en/india/sell-old-phone/poco/poco-m6-pro-5g|Verified
POCO|M7 5G|128 GB / 6 GB RAM|128 GB|6 GB|₹5,920|India|Dofy.in|https://www.dofy.in/in-en/india/sell-old-phone/poco/poco-m7-5g|Verified
POCO|M7 5G|128 GB / 8 GB RAM|128 GB|8 GB|₹6,460|India|Dofy.in|https://www.dofy.in/in-en/india/sell-old-phone/poco/poco-m7-5g|Verified
POCO|M7 Plus 5G|128 GB / 6 GB RAM|128 GB|6 GB|₹7,720|India|Dofy.in|https://www.dofy.in/in-en/india/sell-old-phone/poco/poco-m7-plus-5g|Verified
POCO|M7 Plus 5G|128 GB / 8 GB RAM|128 GB|8 GB|₹8,990|India|Dofy.in|https://www.dofy.in/in-en/india/sell-old-phone/poco/poco-m7-plus-5g|Verified
POCO|M7 Plus 5G|256 GB / 8 GB RAM|256 GB|8 GB|₹9,050|India|Dofy.in|https://www.dofy.in/in-en/india/sell-old-phone/poco/poco-m7-plus-5g|Verified
POCO|M7 Pro 5G|128 GB / 6 GB RAM|128 GB|6 GB|₹8,520|India|Dofy.in|https://www.dofy.in/in-en/india/sell-old-phone/poco/poco-m7-pro-5g|Verified
POCO|M7 Pro 5G|256 GB / 8 GB RAM|256 GB|8 GB|₹8,820|India|Dofy.in|https://www.dofy.in/in-en/india/sell-old-phone/poco/poco-m7-pro-5g|Verified
POCO|M8 5G|128 GB / 6 GB RAM|128 GB|6 GB|₹13,090|India|Dofy.in|https://www.dofy.in/in-en/india/sell-old-phone/poco/poco-m8-5g|Verified
POCO|M8 5G|128 GB / 8 GB RAM|128 GB|8 GB|₹13,800|India|Dofy.in|https://www.dofy.in/in-en/india/sell-old-phone/poco/poco-m8-5g|Verified
POCO|M8 5G|256 GB / 8 GB RAM|256 GB|8 GB|₹15,270|India|Dofy.in|https://www.dofy.in/in-en/india/sell-old-phone/poco/poco-m8-5g|Verified
POCO|M8 Power|128 GB / 6 GB RAM|128 GB|6 GB|₹16,250|India|Dofy.in|https://www.dofy.in/in-en/india/sell-old-phone/poco/poco-m8-power|Verified
POCO|M8 Power|128 GB / 8 GB RAM|128 GB|8 GB|₹17,550|India|Dofy.in|https://www.dofy.in/in-en/india/sell-old-phone/poco/poco-m8-power|Verified
POCO|X2|64 GB / 6 GB RAM|64 GB|6 GB|₹5,560|India|Dofy.in|https://www.dofy.in/in-en/india/sell-old-phone/poco/poco-x2|Verified
POCO|X2|128 GB / 6 GB RAM|128 GB|6 GB|₹5,860|India|Dofy.in|https://www.dofy.in/in-en/india/sell-old-phone/poco/poco-x2|Verified
POCO|X2|256 GB / 8 GB RAM|256 GB|8 GB|₹6,150|India|Dofy.in|https://www.dofy.in/in-en/india/sell-old-phone/poco/poco-x2|Verified
POCO|X3|64 GB / 6 GB RAM|64 GB|6 GB|₹5,700|India|Dofy.in|https://www.dofy.in/in-en/india/sell-old-phone/poco/poco-x3|Verified
POCO|X3|128 GB / 6 GB RAM|128 GB|6 GB|₹6,100|India|Dofy.in|https://www.dofy.in/in-en/india/sell-old-phone/poco/poco-x3|Verified
POCO|X3|128 GB / 8 GB RAM|128 GB|8 GB|₹6,390|India|Dofy.in|https://www.dofy.in/in-en/india/sell-old-phone/poco/poco-x3|Verified
POCO|X3 Pro|128 GB / 6 GB RAM|128 GB|6 GB|₹6,190|India|Dofy.in|https://www.dofy.in/in-en/india/sell-old-phone/poco/poco-x3-pro|Verified
POCO|X3 Pro|128 GB / 8 GB RAM|128 GB|8 GB|₹6,640|India|Dofy.in|https://www.dofy.in/in-en/india/sell-old-phone/poco/poco-x3-pro|Verified
POCO|X4 Pro 5G|128 GB / 8 GB RAM|128 GB|8 GB|₹8,930|India|Dofy.in|https://www.dofy.in/in-en/india/sell-old-phone/poco/poco-x4-pro-5g|Verified
POCO|X4 Pro 5G|128 GB / 6 GB RAM|128 GB|6 GB|₹8,730|India|Dofy.in|https://www.dofy.in/in-en/india/sell-old-phone/poco/poco-x4-pro-5g|Verified
POCO|X4 Pro 5G|64 GB / 6 GB RAM|64 GB|6 GB|₹8,380|India|Dofy.in|https://www.dofy.in/in-en/india/sell-old-phone/poco/poco-x4-pro-5g|Verified
POCO|X5|128 GB / 6 GB RAM|128 GB|6 GB|₹9,980|India|Dofy.in|https://www.dofy.in/in-en/india/sell-old-phone/poco/poco-x5|Verified
POCO|X5|256 GB / 8 GB RAM|256 GB|8 GB|₹10,140|India|Dofy.in|https://www.dofy.in/in-en/india/sell-old-phone/poco/poco-x5|Verified
POCO|X5 Pro 5G|128 GB / 6 GB RAM|128 GB|6 GB|₹10,640|India|Dofy.in|https://www.dofy.in/in-en/india/sell-old-phone/poco/poco-x5-pro-5g|Verified
POCO|X5 Pro 5G|256 GB / 8 GB RAM|256 GB|8 GB|₹10,860|India|Dofy.in|https://www.dofy.in/in-en/india/sell-old-phone/poco/poco-x5-pro-5g|Verified
POCO|X6 5G|256 GB / 8 GB RAM|256 GB|8 GB|₹10,740|India|Dofy.in|https://www.dofy.in/in-en/india/sell-old-phone/poco/poco-x6-5g|Verified
POCO|X6 5G|512 GB / 12 GB RAM|512 GB|12 GB|₹12,210|India|Dofy.in|https://www.dofy.in/in-en/india/sell-old-phone/poco/poco-x6-5g|Verified
POCO|X6 5G|256 GB / 12 GB RAM|256 GB|12 GB|₹11,100|India|Dofy.in|https://www.dofy.in/in-en/india/sell-old-phone/poco/poco-x6-5g|Verified
POCO|X6 Neo|128 GB / 8 GB RAM|128 GB|8 GB|₹8,430|India|Dofy.in|https://www.dofy.in/in-en/india/sell-old-phone/poco/poco-x6-neo|Verified
POCO|X6 Neo|256 GB / 12 GB RAM|256 GB|12 GB|₹8,800|India|Dofy.in|https://www.dofy.in/in-en/india/sell-old-phone/poco/poco-x6-neo|Verified
POCO|X6 Pro 5G|256 GB / 8 GB RAM|256 GB|8 GB|₹15,090|India|Dofy.in|https://www.dofy.in/in-en/india/sell-old-phone/poco/poco-x6-pro-5g|Verified
POCO|X6 Pro 5G|512 GB / 12 GB RAM|512 GB|12 GB|₹15,240|India|Dofy.in|https://www.dofy.in/in-en/india/sell-old-phone/poco/poco-x6-pro-5g|Verified
POCO|X7 5G|128 GB / 8 GB RAM|128 GB|8 GB|₹11,220|India|Dofy.in|https://www.dofy.in/in-en/india/sell-old-phone/poco/poco-x7-5g|Verified
POCO|X7 5G|256 GB / 8 GB RAM|256 GB|8 GB|₹11,890|India|Dofy.in|https://www.dofy.in/in-en/india/sell-old-phone/poco/poco-x7-5g|Verified
POCO|X7 Pro 5G|256 GB / 8 GB RAM|256 GB|8 GB|₹14,140|India|Dofy.in|https://www.dofy.in/in-en/india/sell-old-phone/poco/poco-x7-pro-5g|Verified
POCO|X7 Pro 5G|256 GB / 12 GB RAM|256 GB|12 GB|₹15,830|India|Dofy.in|https://www.dofy.in/in-en/india/sell-old-phone/poco/poco-x7-pro-5g|Verified
POCO|X8 Pro 5G|256 GB / 8 GB RAM|256 GB|8 GB|₹21,180|India|Dofy.in|https://www.dofy.in/in-en/india/sell-old-phone/poco/poco-x8-pro-5g|Verified
POCO|X8 Pro 5G|256 GB / 12 GB RAM|256 GB|12 GB|₹22,900|India|Dofy.in|https://www.dofy.in/in-en/india/sell-old-phone/poco/poco-x8-pro-5g|Verified
POCO|X8 Pro Max 5G|256 GB / 12 GB RAM|256 GB|12 GB|₹28,000|India|Dofy.in|https://www.dofy.in/in-en/india/sell-old-phone/poco/poco-x8-pro-max-5g|Verified
POCO|X8 Pro Max 5G|512 GB / 12 GB RAM|512 GB|12 GB|₹30,000|India|Dofy.in|https://www.dofy.in/in-en/india/sell-old-phone/poco/poco-x8-pro-max-5g|Verified
Realme|1|32 GB / 3 GB RAM|32 GB|3 GB|₹2,780|India|Dofy.in|https://www.dofy.in/in-en/india/sell-old-phone/realme/realme-1|Verified
Realme|1|64 GB / 4 GB RAM|64 GB|4 GB|₹3,080|India|Dofy.in|https://www.dofy.in/in-en/india/sell-old-phone/realme/realme-1|Verified
Realme|1|128 GB / 6 GB RAM|128 GB|6 GB|₹3,720|India|Dofy.in|https://www.dofy.in/in-en/india/sell-old-phone/realme/realme-1|Verified
Realme|10|64 GB / 4 GB RAM|64 GB|4 GB|₹6,050|India|Dofy.in|https://www.dofy.in/in-en/india/sell-old-phone/realme/realme-10|Verified
Realme|10|128 GB / 8 GB RAM|128 GB|8 GB|₹7,250|India|Dofy.in|https://www.dofy.in/in-en/india/sell-old-phone/realme/realme-10|Verified
Realme|10 Pro 5G|128 GB / 6 GB RAM|128 GB|6 GB|₹9,820|India|Dofy.in|https://www.dofy.in/in-en/india/sell-old-phone/realme/realme-10-pro-5g|Verified
Realme|10 Pro 5G|128 GB / 8 GB RAM|128 GB|8 GB|₹10,210|India|Dofy.in|https://www.dofy.in/in-en/india/sell-old-phone/realme/realme-10-pro-5g|Verified
Realme|10 Pro Plus 5G|128 GB / 6 GB RAM|128 GB|6 GB|₹12,470|India|Dofy.in|https://www.dofy.in/in-en/india/sell-old-phone/realme/realme-10-pro-plus-5g|Verified
Realme|10 Pro Plus 5G|128 GB / 8 GB RAM|128 GB|8 GB|₹12,760|India|Dofy.in|https://www.dofy.in/in-en/india/sell-old-phone/realme/realme-10-pro-plus-5g|Verified
Realme|10 Pro Plus 5G|256 GB / 8 GB RAM|256 GB|8 GB|₹13,150|India|Dofy.in|https://www.dofy.in/in-en/india/sell-old-phone/realme/realme-10-pro-plus-5g|Verified
Realme|11 5G|128 GB / 8 GB RAM|128 GB|8 GB|₹9,510|India|Dofy.in|https://www.dofy.in/in-en/india/sell-old-phone/realme/realme-11-5g|Verified
Realme|11 5G|256 GB / 8 GB RAM|256 GB|8 GB|₹10,860|India|Dofy.in|https://www.dofy.in/in-en/india/sell-old-phone/realme/realme-11-5g|Verified
Realme|11 Pro 5G|128 GB / 8 GB RAM|128 GB|8 GB|₹14,210|India|Dofy.in|https://www.dofy.in/in-en/india/sell-old-phone/realme/realme-11-pro-5g|Verified
Realme|11 Pro 5G|256 GB / 8 GB RAM|256 GB|8 GB|₹14,610|India|Dofy.in|https://www.dofy.in/in-en/india/sell-old-phone/realme/realme-11-pro-5g|Verified
Realme|11 Pro 5G|256 GB / 12 GB RAM|256 GB|12 GB|₹15,050|India|Dofy.in|https://www.dofy.in/in-en/india/sell-old-phone/realme/realme-11-pro-5g|Verified
Realme|11 Pro Plus 5G|256 GB / 8 GB RAM|256 GB|8 GB|₹15,830|India|Dofy.in|https://www.dofy.in/in-en/india/sell-old-phone/realme/realme-11-pro-plus-5g|Verified
Realme|11 Pro Plus 5G|256 GB / 12 GB RAM|256 GB|12 GB|₹16,220|India|Dofy.in|https://www.dofy.in/in-en/india/sell-old-phone/realme/realme-11-pro-plus-5g|Verified
Realme|11x 5G|128 GB / 6 GB RAM|128 GB|6 GB|₹9,080|India|Dofy.in|https://www.dofy.in/in-en/india/sell-old-phone/realme/realme-11x-5g|Verified
Realme|11x 5G|128 GB / 8 GB RAM|128 GB|8 GB|₹9,640|India|Dofy.in|https://www.dofy.in/in-en/india/sell-old-phone/realme/realme-11x-5g|Verified
Realme|12|128 GB / 8 GB RAM|128 GB|8 GB|₹11,020|India|Dofy.in|https://www.dofy.in/in-en/india/sell-old-phone/realme/realme-12|Verified
Realme|12|128 GB / 6 GB RAM|128 GB|6 GB|₹9,660|India|Dofy.in|https://www.dofy.in/in-en/india/sell-old-phone/realme/realme-12|Verified
Realme|12 Plus 5G|128 GB / 8 GB RAM|128 GB|8 GB|₹10,830|India|Dofy.in|https://www.dofy.in/in-en/india/sell-old-phone/realme/realme-12-plus-5g|Verified
Realme|12 Plus 5G|256 GB / 8 GB RAM|256 GB|8 GB|₹12,560|India|Dofy.in|https://www.dofy.in/in-en/india/sell-old-phone/realme/realme-12-plus-5g|Verified
Realme|12 Pro 5G|128 GB / 8 GB RAM|128 GB|8 GB|₹13,820|India|Dofy.in|https://www.dofy.in/in-en/india/sell-old-phone/realme/realme-12-pro-5g|Verified
Realme|12 Pro 5G|256 GB / 8 GB RAM|256 GB|8 GB|₹14,760|India|Dofy.in|https://www.dofy.in/in-en/india/sell-old-phone/realme/realme-12-pro-5g|Verified
Realme|12 Pro 5G|256 GB / 12 GB RAM|256 GB|12 GB|₹15,310|India|Dofy.in|https://www.dofy.in/in-en/india/sell-old-phone/realme/realme-12-pro-5g|Verified
Realme|12 Pro Plus|128 GB / 8 GB RAM|128 GB|8 GB|₹14,580|India|Dofy.in|https://www.dofy.in/in-en/india/sell-old-phone/realme/realme-12-pro-plus|Verified
Realme|12 Pro Plus|256 GB / 8 GB RAM|256 GB|8 GB|₹15,790|India|Dofy.in|https://www.dofy.in/in-en/india/sell-old-phone/realme/realme-12-pro-plus|Verified
Realme|12 Pro Plus|256 GB / 12 GB RAM|256 GB|12 GB|₹16,600|India|Dofy.in|https://www.dofy.in/in-en/india/sell-old-phone/realme/realme-12-pro-plus|Verified
Realme|12X|128 GB / 4 GB RAM|128 GB|4 GB|₹7,450|India|Dofy.in|https://www.dofy.in/in-en/india/sell-old-phone/realme/realme-12x|Verified
Realme|12X|128 GB / 6 GB RAM|128 GB|6 GB|₹10,310|India|Dofy.in|https://www.dofy.in/in-en/india/sell-old-phone/realme/realme-12x|Verified
Realme|12X|128 GB / 8 GB RAM|128 GB|8 GB|₹11,150|India|Dofy.in|https://www.dofy.in/in-en/india/sell-old-phone/realme/realme-12x|Verified
Realme|13 5G|128 GB / 8 GB RAM|128 GB|8 GB|₹10,680|India|Dofy.in|https://www.dofy.in/in-en/india/sell-old-phone/realme/realme-13-5g|Verified
Realme|13 5G|256 GB / 8 GB RAM|256 GB|8 GB|₹11,050|India|Dofy.in|https://www.dofy.in/in-en/india/sell-old-phone/realme/realme-13-5g|Verified
Realme|13 Plus 5G|128 GB / 8 GB RAM|128 GB|8 GB|₹11,060|India|Dofy.in|https://www.dofy.in/in-en/india/sell-old-phone/realme/realme-13-plus-5g|Verified
Realme|13 Plus 5G|256 GB / 8 GB RAM|256 GB|8 GB|₹11,680|India|Dofy.in|https://www.dofy.in/in-en/india/sell-old-phone/realme/realme-13-plus-5g|Verified
Realme|13 Plus 5G|256 GB / 12 GB RAM|256 GB|12 GB|₹12,590|India|Dofy.in|https://www.dofy.in/in-en/india/sell-old-phone/realme/realme-13-plus-5g|Verified
Realme|13 Pro 5G|128 GB / 8 GB RAM|128 GB|8 GB|₹14,490|India|Dofy.in|https://www.dofy.in/in-en/india/sell-old-phone/realme/realme-13-pro-5g|Verified
Realme|13 Pro 5G|256 GB / 8 GB RAM|256 GB|8 GB|₹16,500|India|Dofy.in|https://www.dofy.in/in-en/india/sell-old-phone/realme/realme-13-pro-5g|Verified
Realme|13 Pro 5G|512 GB / 12 GB RAM|512 GB|12 GB|₹17,030|India|Dofy.in|https://www.dofy.in/in-en/india/sell-old-phone/realme/realme-13-pro-5g|Verified
Realme|13 Pro Plus 5G|256 GB / 8 GB RAM|256 GB|8 GB|₹16,600|India|Dofy.in|https://www.dofy.in/in-en/india/sell-old-phone/realme/realme-13-pro-plus-5g|Verified
Realme|13 Pro Plus 5G|256 GB / 12 GB RAM|256 GB|12 GB|₹16,920|India|Dofy.in|https://www.dofy.in/in-en/india/sell-old-phone/realme/realme-13-pro-plus-5g|Verified
Realme|13 Pro Plus 5G|512 GB / 12 GB RAM|512 GB|12 GB|₹17,220|India|Dofy.in|https://www.dofy.in/in-en/india/sell-old-phone/realme/realme-13-pro-plus-5g|Verified
Realme|14 Pro 5G|128 GB / 8 GB RAM|128 GB|8 GB|₹16,350|India|Dofy.in|https://www.dofy.in/in-en/india/sell-old-phone/realme/realme-14-pro-5g|Verified
Realme|14 Pro 5G|256 GB / 8 GB RAM|256 GB|8 GB|₹16,680|India|Dofy.in|https://www.dofy.in/in-en/india/sell-old-phone/realme/realme-14-pro-5g|Verified
Realme|14 Pro Lite 5G|128 GB / 8 GB RAM|128 GB|8 GB|₹13,050|India|Dofy.in|https://www.dofy.in/in-en/india/sell-old-phone/realme/realme-14-pro-lite-5g|Verified
Realme|14 Pro Lite 5G|256 GB / 8 GB RAM|256 GB|8 GB|₹13,940|India|Dofy.in|https://www.dofy.in/in-en/india/sell-old-phone/realme/realme-14-pro-lite-5g|Verified
Realme|14 Pro Plus 5G|128 GB / 8 GB RAM|128 GB|8 GB|₹17,570|India|Dofy.in|https://www.dofy.in/in-en/india/sell-old-phone/realme/realme-14-pro-plus-5g|Verified
Realme|14 Pro Plus 5G|256 GB / 8 GB RAM|256 GB|8 GB|₹18,890|India|Dofy.in|https://www.dofy.in/in-en/india/sell-old-phone/realme/realme-14-pro-plus-5g|Verified
Realme|14 Pro Plus 5G|256 GB / 12 GB RAM|256 GB|12 GB|₹19,730|India|Dofy.in|https://www.dofy.in/in-en/india/sell-old-phone/realme/realme-14-pro-plus-5g|Verified
Realme|14T 5G|128 GB / 8 GB RAM|128 GB|8 GB|₹11,430|India|Dofy.in|https://www.dofy.in/in-en/india/sell-old-phone/realme/realme-14t-5g|Verified
Realme|14T 5G|256 GB / 8 GB RAM|256 GB|8 GB|₹12,510|India|Dofy.in|https://www.dofy.in/in-en/india/sell-old-phone/realme/realme-14t-5g|Verified
Realme|14X 5G|128 GB / 6 GB RAM|128 GB|6 GB|₹10,130|India|Dofy.in|https://www.dofy.in/in-en/india/sell-old-phone/realme/realme-14x-5g|Verified
Realme|14X 5G|128 GB / 8 GB RAM|128 GB|8 GB|₹10,580|India|Dofy.in|https://www.dofy.in/in-en/india/sell-old-phone/realme/realme-14x-5g|Verified
Realme|15 5G|128 GB / 8 GB RAM|128 GB|8 GB|₹17,430|India|Dofy.in|https://www.dofy.in/in-en/india/sell-old-phone/realme/realme-15-5g|Verified
Realme|15 5G|256 GB / 8 GB RAM|256 GB|8 GB|₹18,110|India|Dofy.in|https://www.dofy.in/in-en/india/sell-old-phone/realme/realme-15-5g|Verified
Realme|15 5G|256 GB / 12 GB RAM|256 GB|12 GB|₹18,720|India|Dofy.in|https://www.dofy.in/in-en/india/sell-old-phone/realme/realme-15-5g|Verified
Realme|15 Pro 5G|128 GB / 8 GB RAM|128 GB|8 GB|₹18,000|India|Dofy.in|https://www.dofy.in/in-en/india/sell-old-phone/realme/realme-15-pro-5g|Verified
Realme|15 Pro 5G|256 GB / 8 GB RAM|256 GB|8 GB|₹18,760|India|Dofy.in|https://www.dofy.in/in-en/india/sell-old-phone/realme/realme-15-pro-5g|Verified
Realme|15 Pro 5G|256 GB / 12 GB RAM|256 GB|12 GB|₹19,290|India|Dofy.in|https://www.dofy.in/in-en/india/sell-old-phone/realme/realme-15-pro-5g|Verified
Realme|15 Pro 5G|512 GB / 12 GB RAM|512 GB|12 GB|₹21,900|India|Dofy.in|https://www.dofy.in/in-en/india/sell-old-phone/realme/realme-15-pro-5g|Verified
Realme|15T|128 GB / 8 GB RAM|128 GB|8 GB|₹14,210|India|Dofy.in|https://www.dofy.in/in-en/india/sell-old-phone/realme/realme-15t|Verified
Realme|15T|256 GB / 8 GB RAM|256 GB|8 GB|₹15,900|India|Dofy.in|https://www.dofy.in/in-en/india/sell-old-phone/realme/realme-15t|Verified
Realme|15T|256 GB / 12 GB RAM|256 GB|12 GB|₹17,220|India|Dofy.in|https://www.dofy.in/in-en/india/sell-old-phone/realme/realme-15t|Verified
Realme|15X 5G|128 GB / 6 GB RAM|128 GB|6 GB|₹11,810|India|Dofy.in|https://www.dofy.in/in-en/india/sell-old-phone/realme/realme-15x-5g|Verified
Realme|15X 5G|128 GB / 8 GB RAM|128 GB|8 GB|₹12,810|India|Dofy.in|https://www.dofy.in/in-en/india/sell-old-phone/realme/realme-15x-5g|Verified
Realme|15X 5G|256 GB / 8 GB RAM|256 GB|8 GB|₹13,650|India|Dofy.in|https://www.dofy.in/in-en/india/sell-old-phone/realme/realme-15x-5g|Verified
Realme|16 5G|128 GB / 8 GB RAM|128 GB|8 GB|₹20,850|India|Dofy.in|https://www.dofy.in/in-en/india/sell-old-phone/realme/realme-16-5g|Verified
Realme|16 5G|256 GB / 8 GB RAM|256 GB|8 GB|₹22,090|India|Dofy.in|https://www.dofy.in/in-en/india/sell-old-phone/realme/realme-16-5g|Verified
Realme|16 5G|256 GB / 12 GB RAM|256 GB|12 GB|₹24,950|India|Dofy.in|https://www.dofy.in/in-en/india/sell-old-phone/realme/realme-16-5g|Verified
Realme|16 Pro 5G|128 GB / 8 GB RAM|128 GB|8 GB|₹22,240|India|Dofy.in|https://www.dofy.in/in-en/india/sell-old-phone/realme/realme-16-pro-5g|Verified
Realme|16 Pro 5G|256 GB / 8 GB RAM|256 GB|8 GB|₹24,070|India|Dofy.in|https://www.dofy.in/in-en/india/sell-old-phone/realme/realme-16-pro-5g|Verified
Realme|16 Pro 5G|256 GB / 12 GB RAM|256 GB|12 GB|₹26,050|India|Dofy.in|https://www.dofy.in/in-en/india/sell-old-phone/realme/realme-16-pro-5g|Verified
Realme|16 Pro Plus 5G|128 GB / 8 GB RAM|128 GB|8 GB|₹26,670|India|Dofy.in|https://www.dofy.in/in-en/india/sell-old-phone/realme/realme-16-pro-plus-5g|Verified
Realme|16 Pro Plus 5G|256 GB / 8 GB RAM|256 GB|8 GB|₹28,190|India|Dofy.in|https://www.dofy.in/in-en/india/sell-old-phone/realme/realme-16-pro-plus-5g|Verified
Realme|16 Pro Plus 5G|256 GB / 12 GB RAM|256 GB|12 GB|₹29,800|India|Dofy.in|https://www.dofy.in/in-en/india/sell-old-phone/realme/realme-16-pro-plus-5g|Verified
Realme|16 Pro Plus 5G|512 GB / 12 GB RAM|512 GB|12 GB|₹29,100|India|Dofy.in|https://www.dofy.in/in-en/india/sell-old-phone/realme/realme-16-pro-plus-5g|Verified
Realme|16T 5G|128 GB / 6 GB RAM|128 GB|6 GB|₹18,240|India|Dofy.in|https://www.dofy.in/in-en/india/sell-old-phone/realme/realme-16t-5g|Verified
Realme|16T 5G|128 GB / 8 GB RAM|128 GB|8 GB|₹19,550|India|Dofy.in|https://www.dofy.in/in-en/india/sell-old-phone/realme/realme-16t-5g|Verified
Realme|16T 5G|256 GB / 8 GB RAM|256 GB|8 GB|₹21,260|India|Dofy.in|https://www.dofy.in/in-en/india/sell-old-phone/realme/realme-16t-5g|Verified
Realme|16x 5G|128 GB / 4 GB RAM|128 GB|4 GB|₹15,600|India|Dofy.in|https://www.dofy.in/in-en/india/sell-old-phone/realme/realme-16x-5g|Verified
Realme|16x 5G|128 GB / 6 GB RAM|128 GB|6 GB|₹16,900|India|Dofy.in|https://www.dofy.in/in-en/india/sell-old-phone/realme/realme-16x-5g|Verified
Realme|16x 5G|256 GB / 6 GB RAM|256 GB|6 GB|₹18,850|India|Dofy.in|https://www.dofy.in/in-en/india/sell-old-phone/realme/realme-16x-5g|Verified
Realme|2|32 GB / 3 GB RAM|32 GB|3 GB|₹2,980|India|Dofy.in|https://www.dofy.in/in-en/india/sell-old-phone/realme/realme-2|Verified
Realme|2|64 GB / 4 GB RAM|64 GB|4 GB|₹3,420|India|Dofy.in|https://www.dofy.in/in-en/india/sell-old-phone/realme/realme-2|Verified
Realme|2 Pro|64 GB / 4 GB RAM|64 GB|4 GB|₹3,280|India|Dofy.in|https://www.dofy.in/in-en/india/sell-old-phone/realme/realme-2-pro|Verified
Realme|2 Pro|64 GB / 6 GB RAM|64 GB|6 GB|₹3,580|India|Dofy.in|https://www.dofy.in/in-en/india/sell-old-phone/realme/realme-2-pro|Verified
Realme|2 Pro|128 GB / 8 GB RAM|128 GB|8 GB|₹3,860|India|Dofy.in|https://www.dofy.in/in-en/india/sell-old-phone/realme/realme-2-pro|Verified
Realme|3|32 GB / 3 GB RAM|32 GB|3 GB|₹3,000|India|Dofy.in|https://www.dofy.in/in-en/india/sell-old-phone/realme/realme-3|Verified
Realme|3|64 GB / 3 GB RAM|64 GB|3 GB|₹3,470|India|Dofy.in|https://www.dofy.in/in-en/india/sell-old-phone/realme/realme-3|Verified
Realme|3|64 GB / 4 GB RAM|64 GB|4 GB|₹3,670|India|Dofy.in|https://www.dofy.in/in-en/india/sell-old-phone/realme/realme-3|Verified
Realme|3 Pro|64 GB / 4 GB RAM|64 GB|4 GB|₹4,000|India|Dofy.in|https://www.dofy.in/in-en/india/sell-old-phone/realme/realme-3-pro|Verified
Realme|3 Pro|64 GB / 6 GB RAM|64 GB|6 GB|₹4,290|India|Dofy.in|https://www.dofy.in/in-en/india/sell-old-phone/realme/realme-3-pro|Verified
Realme|3 Pro|128 GB / 6 GB RAM|128 GB|6 GB|₹4,520|India|Dofy.in|https://www.dofy.in/in-en/india/sell-old-phone/realme/realme-3-pro|Verified
Realme|3i|32 GB / 3 GB RAM|32 GB|3 GB|₹3,000|India|Dofy.in|https://www.dofy.in/in-en/india/sell-old-phone/realme/realme-3i|Verified
Realme|3i|64 GB / 4 GB RAM|64 GB|4 GB|₹3,500|India|Dofy.in|https://www.dofy.in/in-en/india/sell-old-phone/realme/realme-3i|Verified
Realme|5|32 GB / 3 GB RAM|32 GB|3 GB|₹3,580|India|Dofy.in|https://www.dofy.in/in-en/india/sell-old-phone/realme/realme-5|Verified
Realme|5|64 GB / 4 GB RAM|64 GB|4 GB|₹3,770|India|Dofy.in|https://www.dofy.in/in-en/india/sell-old-phone/realme/realme-5|Verified
Realme|5|128 GB / 4 GB RAM|128 GB|4 GB|₹3,910|India|Dofy.in|https://www.dofy.in/in-en/india/sell-old-phone/realme/realme-5|Verified
Realme|5 Pro|64 GB / 4 GB RAM|64 GB|4 GB|₹4,360|India|Dofy.in|https://www.dofy.in/in-en/india/sell-old-phone/realme/realme-5-pro|Verified
Realme|5 Pro|64 GB / 6 GB RAM|64 GB|6 GB|₹4,560|India|Dofy.in|https://www.dofy.in/in-en/india/sell-old-phone/realme/realme-5-pro|Verified
Realme|5 Pro|128 GB / 8 GB RAM|128 GB|8 GB|₹4,810|India|Dofy.in|https://www.dofy.in/in-en/india/sell-old-phone/realme/realme-5-pro|Verified
Realme|5i|64 GB / 4 GB RAM|64 GB|4 GB|₹4,560|India|Dofy.in|https://www.dofy.in/in-en/india/sell-old-phone/realme/realme-5i|Verified
Realme|5i|128 GB / 4 GB RAM|128 GB|4 GB|₹4,810|India|Dofy.in|https://www.dofy.in/in-en/india/sell-old-phone/realme/realme-5i|Verified
Realme|5s|64 GB|64 GB|—|₹4,080|India|Dofy.in|https://www.dofy.in/in-en/india/sell-old-phone/realme/realme-5s|Verified
Realme|5s|128 GB|128 GB|—|₹4,310|India|Dofy.in|https://www.dofy.in/in-en/india/sell-old-phone/realme/realme-5s|Verified
Realme|6|64 GB / 4 GB RAM|64 GB|4 GB|₹5,260|India|Dofy.in|https://www.dofy.in/in-en/india/sell-old-phone/realme/realme-6|Verified
Realme|6|64 GB / 6 GB RAM|64 GB|6 GB|₹5,470|India|Dofy.in|https://www.dofy.in/in-en/india/sell-old-phone/realme/realme-6|Verified
Realme|6|128 GB / 6 GB RAM|128 GB|6 GB|₹5,700|India|Dofy.in|https://www.dofy.in/in-en/india/sell-old-phone/realme/realme-6|Verified
Realme|6|128 GB / 8 GB RAM|128 GB|8 GB|₹5,950|India|Dofy.in|https://www.dofy.in/in-en/india/sell-old-phone/realme/realme-6|Verified
Realme|6 Pro|64 GB / 6 GB RAM|64 GB|6 GB|₹5,860|India|Dofy.in|https://www.dofy.in/in-en/india/sell-old-phone/realme/realme-6-pro|Verified
Realme|6 Pro|128 GB / 6 GB RAM|128 GB|6 GB|₹6,350|India|Dofy.in|https://www.dofy.in/in-en/india/sell-old-phone/realme/realme-6-pro|Verified
Realme|6 Pro|128 GB / 8 GB RAM|128 GB|8 GB|₹6,540|India|Dofy.in|https://www.dofy.in/in-en/india/sell-old-phone/realme/realme-6-pro|Verified
Realme|6i|64 GB / 4 GB RAM|64 GB|4 GB|₹5,260|India|Dofy.in|https://www.dofy.in/in-en/india/sell-old-phone/realme/realme-6i|Verified
Realme|6i|64 GB / 6 GB RAM|64 GB|6 GB|₹5,470|India|Dofy.in|https://www.dofy.in/in-en/india/sell-old-phone/realme/realme-6i|Verified
Realme|7|64 GB / 6 GB RAM|64 GB|6 GB|₹5,710|India|Dofy.in|https://www.dofy.in/in-en/india/sell-old-phone/realme/realme-7|Verified
Realme|7|128 GB / 8 GB RAM|128 GB|8 GB|₹6,050|India|Dofy.in|https://www.dofy.in/in-en/india/sell-old-phone/realme/realme-7|Verified
Realme|7 Pro|128 GB / 6 GB RAM|128 GB|6 GB|₹6,750|India|Dofy.in|https://www.dofy.in/in-en/india/sell-old-phone/realme/realme-7-pro|Verified
Realme|7 Pro|128 GB / 8 GB RAM|128 GB|8 GB|₹7,190|India|Dofy.in|https://www.dofy.in/in-en/india/sell-old-phone/realme/realme-7-pro|Verified
Realme|7i|64 GB|64 GB|—|₹5,050|India|Dofy.in|https://www.dofy.in/in-en/india/sell-old-phone/realme/realme-7i|Verified
Realme|7i|128 GB|128 GB|—|₹5,360|India|Dofy.in|https://www.dofy.in/in-en/india/sell-old-phone/realme/realme-7i|Verified
Realme|8|128 GB / 4 GB RAM|128 GB|4 GB|₹6,150|India|Dofy.in|https://www.dofy.in/in-en/india/sell-old-phone/realme/realme-8|Verified
Realme|8|128 GB / 6 GB RAM|128 GB|6 GB|₹6,440|India|Dofy.in|https://www.dofy.in/in-en/india/sell-old-phone/realme/realme-8|Verified
Realme|8|128 GB / 8 GB RAM|128 GB|8 GB|₹6,850|India|Dofy.in|https://www.dofy.in/in-en/india/sell-old-phone/realme/realme-8|Verified
Realme|8 5G|64 GB / 4 GB RAM|64 GB|4 GB|₹7,820|India|Dofy.in|https://www.dofy.in/in-en/india/sell-old-phone/realme/realme-8-5g|Verified
Realme|8 5G|128 GB / 4 GB RAM|128 GB|4 GB|₹8,090|India|Dofy.in|https://www.dofy.in/in-en/india/sell-old-phone/realme/realme-8-5g|Verified
Realme|8 5G|128 GB / 8 GB RAM|128 GB|8 GB|₹8,660|India|Dofy.in|https://www.dofy.in/in-en/india/sell-old-phone/realme/realme-8-5g|Verified
Realme|8 Pro|128 GB / 6 GB RAM|128 GB|6 GB|₹7,000|India|Dofy.in|https://www.dofy.in/in-en/india/sell-old-phone/realme/realme-8-pro|Verified
Realme|8 Pro|128 GB / 8 GB RAM|128 GB|8 GB|₹7,300|India|Dofy.in|https://www.dofy.in/in-en/india/sell-old-phone/realme/realme-8-pro|Verified
Realme|8i|64 GB / 4 GB RAM|64 GB|4 GB|₹5,500|India|Dofy.in|https://www.dofy.in/in-en/india/sell-old-phone/realme/realme-8i|Verified
Realme|8i|128 GB / 6 GB RAM|128 GB|6 GB|₹5,860|India|Dofy.in|https://www.dofy.in/in-en/india/sell-old-phone/realme/realme-8i|Verified
Realme|8s 5G|128 GB / 6 GB RAM|128 GB|6 GB|₹8,320|India|Dofy.in|https://www.dofy.in/in-en/india/sell-old-phone/realme/realme-8s-5g|Verified
Realme|8s 5G|128 GB / 8 GB RAM|128 GB|8 GB|₹8,920|India|Dofy.in|https://www.dofy.in/in-en/india/sell-old-phone/realme/realme-8s-5g|Verified
Realme|9 5G|64 GB / 4 GB RAM|64 GB|4 GB|₹6,250|India|Dofy.in|https://www.dofy.in/in-en/india/sell-old-phone/realme/realme-9-5g|Verified
Realme|9 5G|128 GB / 6 GB RAM|128 GB|6 GB|₹6,800|India|Dofy.in|https://www.dofy.in/in-en/india/sell-old-phone/realme/realme-9-5g|Verified
Realme|9 5G Speed Edition|128 GB / 8 GB RAM|128 GB|8 GB|₹9,010|India|Dofy.in|https://www.dofy.in/in-en/india/sell-old-phone/realme/realme-9-5g-speed-edition|Single configuration listed
Realme|9 Pro 5G|128 GB / 6 GB RAM|128 GB|6 GB|₹9,380|India|Dofy.in|https://www.dofy.in/in-en/india/sell-old-phone/realme/realme-9-pro-5g|Verified
Realme|9 Pro 5G|128 GB / 8 GB RAM|128 GB|8 GB|₹9,730|India|Dofy.in|https://www.dofy.in/in-en/india/sell-old-phone/realme/realme-9-pro-5g|Verified
Realme|9 Pro Plus 5G|128 GB / 6 GB RAM|128 GB|6 GB|₹10,030|India|Dofy.in|https://www.dofy.in/in-en/india/sell-old-phone/realme/realme-9-pro-plus-5g|Verified
Realme|9 Pro Plus 5G|128 GB / 8 GB RAM|128 GB|8 GB|₹10,810|India|Dofy.in|https://www.dofy.in/in-en/india/sell-old-phone/realme/realme-9-pro-plus-5g|Verified
Realme|9 Pro Plus 5G|256 GB / 8 GB RAM|256 GB|8 GB|₹11,240|India|Dofy.in|https://www.dofy.in/in-en/india/sell-old-phone/realme/realme-9-pro-plus-5g|Verified
Realme|9i|64 GB / 4 GB RAM|64 GB|4 GB|₹5,580|India|Dofy.in|https://www.dofy.in/in-en/india/sell-old-phone/realme/realme-9i|Verified
Realme|9i|128 GB / 6 GB RAM|128 GB|6 GB|₹6,240|India|Dofy.in|https://www.dofy.in/in-en/india/sell-old-phone/realme/realme-9i|Verified
Realme|9i|128 GB / 4 GB RAM|128 GB|4 GB|₹5,840|India|Dofy.in|https://www.dofy.in/in-en/india/sell-old-phone/realme/realme-9i|Verified
Realme|9i 5G|64 GB / 4 GB RAM|64 GB|4 GB|₹7,000|India|Dofy.in|https://www.dofy.in/in-en/india/sell-old-phone/realme/realme-9i-5g|Verified
Realme|9i 5G|128 GB / 6 GB RAM|128 GB|6 GB|₹8,110|India|Dofy.in|https://www.dofy.in/in-en/india/sell-old-phone/realme/realme-9i-5g|Verified
Realme|C1|16 GB / 2 GB RAM|16 GB|2 GB|₹2,230|India|Dofy.in|https://www.dofy.in/in-en/india/sell-old-phone/realme/realme-c1|Single configuration listed
Realme|C1 2019|32 GB / 2 GB RAM|32 GB|2 GB|₹2,440|India|Dofy.in|https://www.dofy.in/in-en/india/sell-old-phone/realme/realme-c1-2019|Verified
Realme|C1 2019|32 GB / 3 GB RAM|32 GB|3 GB|₹2,780|India|Dofy.in|https://www.dofy.in/in-en/india/sell-old-phone/realme/realme-c1-2019|Verified
Realme|C100x|64 GB / 4 GB RAM|64 GB|4 GB|₹8,440|India|Dofy.in|https://www.dofy.in/in-en/india/sell-old-phone/realme/realme-c100x|Single configuration listed
Realme|C11|32 GB / 2 GB RAM|32 GB|2 GB|₹3,640|India|Dofy.in|https://www.dofy.in/in-en/india/sell-old-phone/realme/realme-c11|Single configuration listed
Realme|C11 2021|32 GB / 2 GB RAM|32 GB|2 GB|₹2,700|India|Dofy.in|https://www.dofy.in/in-en/india/sell-old-phone/realme/realme-c11-2021|Verified
Realme|C11 2021|64 GB / 4 GB RAM|64 GB|4 GB|₹3,000|India|Dofy.in|https://www.dofy.in/in-en/india/sell-old-phone/realme/realme-c11-2021|Verified
Realme|C12|32 GB / 3 GB RAM|32 GB|3 GB|₹3,670|India|Dofy.in|https://www.dofy.in/in-en/india/sell-old-phone/realme/realme-c12|Verified
Realme|C12|64 GB / 4 GB RAM|64 GB|4 GB|₹4,080|India|Dofy.in|https://www.dofy.in/in-en/india/sell-old-phone/realme/realme-c12|Verified
Realme|C15|32 GB / 3 GB RAM|32 GB|3 GB|₹4,030|India|Dofy.in|https://www.dofy.in/in-en/india/sell-old-phone/realme/realme-c15|Verified
Realme|C15|64 GB / 3 GB RAM|64 GB|3 GB|₹4,270|India|Dofy.in|https://www.dofy.in/in-en/india/sell-old-phone/realme/realme-c15|Verified
Realme|C15|64 GB / 4 GB RAM|64 GB|4 GB|₹4,660|India|Dofy.in|https://www.dofy.in/in-en/india/sell-old-phone/realme/realme-c15|Verified
Realme|C15 Qualcomm Edition|32 GB / 3 GB RAM|32 GB|3 GB|₹4,030|India|Dofy.in|https://www.dofy.in/in-en/india/sell-old-phone/realme/realme-c15-qualcomm-edition|Verified
Realme|C15 Qualcomm Edition|64 GB / 4 GB RAM|64 GB|4 GB|₹4,520|India|Dofy.in|https://www.dofy.in/in-en/india/sell-old-phone/realme/realme-c15-qualcomm-edition|Verified
Realme|C2|16 GB / 2 GB RAM|16 GB|2 GB|₹2,530|India|Dofy.in|https://www.dofy.in/in-en/india/sell-old-phone/realme/realme-c2|Verified
Realme|C2|32 GB / 2 GB RAM|32 GB|2 GB|₹2,730|India|Dofy.in|https://www.dofy.in/in-en/india/sell-old-phone/realme/realme-c2|Verified
Realme|C2|32 GB / 3 GB RAM|32 GB|3 GB|₹2,890|India|Dofy.in|https://www.dofy.in/in-en/india/sell-old-phone/realme/realme-c2|Verified
Realme|C20|32 GB / 2 GB RAM|32 GB|2 GB|₹3,220|India|Dofy.in|https://www.dofy.in/in-en/india/sell-old-phone/realme/realme-c20|Single configuration listed
Realme|C21|32 GB / 3 GB RAM|32 GB|3 GB|₹4,000|India|Dofy.in|https://www.dofy.in/in-en/india/sell-old-phone/realme/realme-c21|Verified
Realme|C21|64 GB / 4 GB RAM|64 GB|4 GB|₹4,360|India|Dofy.in|https://www.dofy.in/in-en/india/sell-old-phone/realme/realme-c21|Verified
Realme|C21Y|32 GB / 3 GB RAM|32 GB|3 GB|₹3,770|India|Dofy.in|https://www.dofy.in/in-en/india/sell-old-phone/realme/realme-c21y|Verified
Realme|C21Y|64 GB / 4 GB RAM|64 GB|4 GB|₹4,740|India|Dofy.in|https://www.dofy.in/in-en/india/sell-old-phone/realme/realme-c21y|Verified
Realme|C25|64 GB / 4 GB RAM|64 GB|4 GB|₹4,470|India|Dofy.in|https://www.dofy.in/in-en/india/sell-old-phone/realme/realme-c25|Verified
Realme|C25|128 GB / 4 GB RAM|128 GB|4 GB|₹4,810|India|Dofy.in|https://www.dofy.in/in-en/india/sell-old-phone/realme/realme-c25|Verified
Realme|C25s|128 GB|128 GB|—|₹5,310|India|Dofy.in|https://www.dofy.in/in-en/india/sell-old-phone/realme/realme-c25s|Verified
Realme|C25s|64 GB / 4 GB RAM|64 GB|4 GB|₹4,860|India|Dofy.in|https://www.dofy.in/in-en/india/sell-old-phone/realme/realme-c25s|Verified
Realme|C25Y|64 GB|64 GB|—|₹4,910|India|Dofy.in|https://www.dofy.in/in-en/india/sell-old-phone/realme/realme-c25y|Verified
Realme|C25Y|128 GB|128 GB|—|₹5,050|India|Dofy.in|https://www.dofy.in/in-en/india/sell-old-phone/realme/realme-c25y|Verified
Realme|C3|32 GB / 3 GB RAM|32 GB|3 GB|₹3,670|India|Dofy.in|https://www.dofy.in/in-en/india/sell-old-phone/realme/realme-c3|Verified
Realme|C3|64 GB / 4 GB RAM|64 GB|4 GB|₹4,080|India|Dofy.in|https://www.dofy.in/in-en/india/sell-old-phone/realme/realme-c3|Verified
Realme|C30|32 GB / 2 GB RAM|32 GB|2 GB|₹3,420|India|Dofy.in|https://www.dofy.in/in-en/india/sell-old-phone/realme/realme-c30|Verified
Realme|C30|32 GB / 3 GB RAM|32 GB|3 GB|₹3,600|India|Dofy.in|https://www.dofy.in/in-en/india/sell-old-phone/realme/realme-c30|Verified
Realme|C30S|64 GB / 4 GB RAM|64 GB|4 GB|₹4,170|India|Dofy.in|https://www.dofy.in/in-en/india/sell-old-phone/realme/realme-c30s|Verified
Realme|C30S|32 GB / 2 GB RAM|32 GB|2 GB|₹3,800|India|Dofy.in|https://www.dofy.in/in-en/india/sell-old-phone/realme/realme-c30s|Verified
Realme|C31|32 GB / 3 GB RAM|32 GB|3 GB|₹3,420|India|Dofy.in|https://www.dofy.in/in-en/india/sell-old-phone/realme/realme-c31|Verified
Realme|C31|64 GB / 4 GB RAM|64 GB|4 GB|₹4,000|India|Dofy.in|https://www.dofy.in/in-en/india/sell-old-phone/realme/realme-c31|Verified
Realme|C33|32 GB / 3 GB RAM|32 GB|3 GB|₹3,740|India|Dofy.in|https://www.dofy.in/in-en/india/sell-old-phone/realme/realme-c33|Verified
Realme|C33|64 GB / 4 GB RAM|64 GB|4 GB|₹5,270|India|Dofy.in|https://www.dofy.in/in-en/india/sell-old-phone/realme/realme-c33|Verified
Realme|C35|64 GB / 4 GB RAM|64 GB|4 GB|₹5,110|India|Dofy.in|https://www.dofy.in/in-en/india/sell-old-phone/realme/realme-c35|Verified
Realme|C35|128 GB / 4 GB RAM|128 GB|4 GB|₹5,360|India|Dofy.in|https://www.dofy.in/in-en/india/sell-old-phone/realme/realme-c35|Verified
Realme|C35|128 GB / 6 GB RAM|128 GB|6 GB|₹5,890|India|Dofy.in|https://www.dofy.in/in-en/india/sell-old-phone/realme/realme-c35|Verified
Realme|C51|64 GB / 4 GB RAM|64 GB|4 GB|₹4,840|India|Dofy.in|https://www.dofy.in/in-en/india/sell-old-phone/realme/realme-c51|Verified
Realme|C51|128 GB / 4 GB RAM|128 GB|4 GB|₹5,220|India|Dofy.in|https://www.dofy.in/in-en/india/sell-old-phone/realme/realme-c51|Verified
Realme|C53|128 GB / 4 GB RAM|128 GB|4 GB|₹5,450|India|Dofy.in|https://www.dofy.in/in-en/india/sell-old-phone/realme/realme-c53|Verified
Realme|C53|64 GB / 6 GB RAM|64 GB|6 GB|₹5,080|India|Dofy.in|https://www.dofy.in/in-en/india/sell-old-phone/realme/realme-c53|Verified
Realme|C53|128 GB / 6 GB RAM|128 GB|6 GB|₹5,460|India|Dofy.in|https://www.dofy.in/in-en/india/sell-old-phone/realme/realme-c53|Verified
Realme|C55|64 GB / 4 GB RAM|64 GB|4 GB|₹5,700|India|Dofy.in|https://www.dofy.in/in-en/india/sell-old-phone/realme/realme-c55|Verified
Realme|C55|64 GB / 6 GB RAM|64 GB|6 GB|₹6,830|India|Dofy.in|https://www.dofy.in/in-en/india/sell-old-phone/realme/realme-c55|Verified
Realme|C55|128 GB / 8 GB RAM|128 GB|8 GB|₹7,270|India|Dofy.in|https://www.dofy.in/in-en/india/sell-old-phone/realme/realme-c55|Verified
Realme|C61|128 GB / 6 GB RAM|128 GB|6 GB|₹4,820|India|Dofy.in|https://www.dofy.in/in-en/india/sell-old-phone/realme/realme-c61|Verified
Realme|C61|64 GB / 4 GB RAM|64 GB|4 GB|₹4,440|India|Dofy.in|https://www.dofy.in/in-en/india/sell-old-phone/realme/realme-c61|Verified
Realme|C61|128 GB / 4 GB RAM|128 GB|4 GB|₹4,490|India|Dofy.in|https://www.dofy.in/in-en/india/sell-old-phone/realme/realme-c61|Verified
Realme|C63|128 GB / 4 GB RAM|128 GB|4 GB|₹5,210|India|Dofy.in|https://www.dofy.in/in-en/india/sell-old-phone/realme/realme-c63|Verified
Realme|C63|64 GB / 4 GB RAM|64 GB|4 GB|₹4,600|India|Dofy.in|https://www.dofy.in/in-en/india/sell-old-phone/realme/realme-c63|Verified
Realme|C63 5G|128 GB / 4 GB RAM|128 GB|4 GB|₹5,820|India|Dofy.in|https://www.dofy.in/in-en/india/sell-old-phone/realme/realme-c63-5g|Verified
Realme|C63 5G|128 GB / 6 GB RAM|128 GB|6 GB|₹6,420|India|Dofy.in|https://www.dofy.in/in-en/india/sell-old-phone/realme/realme-c63-5g|Verified
Realme|C63 5G|128 GB / 8 GB RAM|128 GB|8 GB|₹6,630|India|Dofy.in|https://www.dofy.in/in-en/india/sell-old-phone/realme/realme-c63-5g|Verified
Realme|C65 5G|64 GB / 4 GB RAM|64 GB|4 GB|₹4,340|India|Dofy.in|https://www.dofy.in/in-en/india/sell-old-phone/realme/realme-c65-5g|Verified
Realme|C65 5G|128 GB / 4 GB RAM|128 GB|4 GB|₹5,090|India|Dofy.in|https://www.dofy.in/in-en/india/sell-old-phone/realme/realme-c65-5g|Verified
Realme|C65 5G|128 GB / 6 GB RAM|128 GB|6 GB|₹5,910|India|Dofy.in|https://www.dofy.in/in-en/india/sell-old-phone/realme/realme-c65-5g|Verified
Realme|C65 5G|128 GB / 8 GB RAM|128 GB|8 GB|₹7,730|India|Dofy.in|https://www.dofy.in/in-en/india/sell-old-phone/realme/realme-c65-5g|Verified
Realme|C67 5G|128 GB / 4 GB RAM|128 GB|4 GB|₹6,880|India|Dofy.in|https://www.dofy.in/in-en/india/sell-old-phone/realme/realme-c67-5g|Verified
Realme|C67 5G|128 GB / 8 GB RAM|128 GB|8 GB|₹8,110|India|Dofy.in|https://www.dofy.in/in-en/india/sell-old-phone/realme/realme-c67-5g|Verified
Realme|C71|64 GB / 4 GB RAM|64 GB|4 GB|₹4,200|India|Dofy.in|https://www.dofy.in/in-en/india/sell-old-phone/realme/realme-c71|Verified
Realme|C71|128 GB / 6 GB RAM|128 GB|6 GB|₹5,240|India|Dofy.in|https://www.dofy.in/in-en/india/sell-old-phone/realme/realme-c71|Verified
Realme|C73 5G|64 GB / 4 GB RAM|64 GB|4 GB|₹7,290|India|Dofy.in|https://www.dofy.in/in-en/india/sell-old-phone/realme/realme-c73-5g|Verified
Realme|C73 5G|128 GB / 4 GB RAM|128 GB|4 GB|₹8,140|India|Dofy.in|https://www.dofy.in/in-en/india/sell-old-phone/realme/realme-c73-5g|Verified
Realme|C75 5G|128 GB / 4 GB RAM|128 GB|4 GB|₹8,440|India|Dofy.in|https://www.dofy.in/in-en/india/sell-old-phone/realme/realme-c75-5g|Verified
Realme|C75 5G|128 GB / 6 GB RAM|128 GB|6 GB|₹8,860|India|Dofy.in|https://www.dofy.in/in-en/india/sell-old-phone/realme/realme-c75-5g|Verified
Realme|C83 5G|64 GB / 4 GB RAM|64 GB|4 GB|₹8,800|India|Dofy.in|https://www.dofy.in/in-en/india/sell-old-phone/realme/realme-c83-5g|Verified
Realme|C83 5G|128 GB / 4 GB RAM|128 GB|4 GB|₹9,260|India|Dofy.in|https://www.dofy.in/in-en/india/sell-old-phone/realme/realme-c83-5g|Verified
Realme|C83 5G|128 GB / 6 GB RAM|128 GB|6 GB|₹11,370|India|Dofy.in|https://www.dofy.in/in-en/india/sell-old-phone/realme/realme-c83-5g|Verified
Realme|C85 5G|128 GB / 4 GB RAM|128 GB|4 GB|₹9,710|India|Dofy.in|https://www.dofy.in/in-en/india/sell-old-phone/realme/realme-c85-5g|Verified
Realme|C85 5G|128 GB / 6 GB RAM|128 GB|6 GB|₹11,420|India|Dofy.in|https://www.dofy.in/in-en/india/sell-old-phone/realme/realme-c85-5g|Verified
Realme|GT 2|256 GB / 12 GB RAM|256 GB|12 GB|₹12,890|India|Dofy.in|https://www.dofy.in/in-en/india/sell-old-phone/realme/realme-gt-2|Verified
Realme|GT 2|128 GB / 8 GB RAM|128 GB|8 GB|₹12,080|India|Dofy.in|https://www.dofy.in/in-en/india/sell-old-phone/realme/realme-gt-2|Verified
Realme|GT 2 Pro|256 GB / 12 GB RAM|256 GB|12 GB|₹13,630|India|Dofy.in|https://www.dofy.in/in-en/india/sell-old-phone/realme/realme-gt-2-pro|Verified
Realme|GT 2 Pro|128 GB / 8 GB RAM|128 GB|8 GB|₹12,960|India|Dofy.in|https://www.dofy.in/in-en/india/sell-old-phone/realme/realme-gt-2-pro|Verified
Realme|GT 5G|128 GB / 8 GB RAM|128 GB|8 GB|₹10,800|India|Dofy.in|https://www.dofy.in/in-en/india/sell-old-phone/realme/realme-gt-5g|Verified
Realme|GT 5G|256 GB / 12 GB RAM|256 GB|12 GB|₹11,280|India|Dofy.in|https://www.dofy.in/in-en/india/sell-old-phone/realme/realme-gt-5g|Verified
Realme|GT 6|256 GB / 8 GB RAM|256 GB|8 GB|₹16,540|India|Dofy.in|https://www.dofy.in/in-en/india/sell-old-phone/realme/realme-gt-6|Verified
Realme|GT 6|256 GB / 12 GB RAM|256 GB|12 GB|₹17,070|India|Dofy.in|https://www.dofy.in/in-en/india/sell-old-phone/realme/realme-gt-6|Verified
Realme|GT 6|512 GB / 16 GB RAM|512 GB|16 GB|₹20,110|India|Dofy.in|https://www.dofy.in/in-en/india/sell-old-phone/realme/realme-gt-6|Verified
Realme|GT 6T|128 GB / 8 GB RAM|128 GB|8 GB|₹14,470|India|Dofy.in|https://www.dofy.in/in-en/india/sell-old-phone/realme/realme-gt-6t|Verified
Realme|GT 6T|256 GB / 8 GB RAM|256 GB|8 GB|₹15,770|India|Dofy.in|https://www.dofy.in/in-en/india/sell-old-phone/realme/realme-gt-6t|Verified
Realme|GT 6T|256 GB / 12 GB RAM|256 GB|12 GB|₹16,280|India|Dofy.in|https://www.dofy.in/in-en/india/sell-old-phone/realme/realme-gt-6t|Verified
Realme|GT 6T|512 GB / 12 GB RAM|512 GB|12 GB|₹18,050|India|Dofy.in|https://www.dofy.in/in-en/india/sell-old-phone/realme/realme-gt-6t|Verified
Realme|GT 7|256 GB / 8 GB RAM|256 GB|8 GB|₹23,430|India|Dofy.in|https://www.dofy.in/in-en/india/sell-old-phone/realme/realme-gt-7|Verified
Realme|GT 7|256 GB / 12 GB RAM|256 GB|12 GB|₹24,440|India|Dofy.in|https://www.dofy.in/in-en/india/sell-old-phone/realme/realme-gt-7|Verified
Realme|GT 7|512 GB / 12 GB RAM|512 GB|12 GB|₹26,720|India|Dofy.in|https://www.dofy.in/in-en/india/sell-old-phone/realme/realme-gt-7|Verified
Realme|GT 7 Pro 5G|256 GB / 12 GB RAM|256 GB|12 GB|₹29,670|India|Dofy.in|https://www.dofy.in/in-en/india/sell-old-phone/realme/realme-gt-7-pro-5g|Verified
Realme|GT 7 Pro 5G|512 GB / 16 GB RAM|512 GB|16 GB|₹34,420|India|Dofy.in|https://www.dofy.in/in-en/india/sell-old-phone/realme/realme-gt-7-pro-5g|Verified
Realme|GT 7T|256 GB / 8 GB RAM|256 GB|8 GB|₹18,990|India|Dofy.in|https://www.dofy.in/in-en/india/sell-old-phone/realme/realme-gt-7t|Verified
Realme|GT 7T|256 GB / 12 GB RAM|256 GB|12 GB|₹20,760|India|Dofy.in|https://www.dofy.in/in-en/india/sell-old-phone/realme/realme-gt-7t|Verified
Realme|GT 7T|512 GB / 12 GB RAM|512 GB|12 GB|₹22,650|India|Dofy.in|https://www.dofy.in/in-en/india/sell-old-phone/realme/realme-gt-7t|Verified
Realme|GT 8 Pro|256 GB / 12 GB RAM|256 GB|12 GB|₹39,290|India|Dofy.in|https://www.dofy.in/in-en/india/sell-old-phone/realme/realme-gt-8-pro|Verified
Realme|GT 8 Pro|512 GB / 16 GB RAM|512 GB|16 GB|₹41,870|India|Dofy.in|https://www.dofy.in/in-en/india/sell-old-phone/realme/realme-gt-8-pro|Verified
Realme|GT Master Edition|128 GB / 6 GB RAM|128 GB|6 GB|₹9,560|India|Dofy.in|https://www.dofy.in/in-en/india/sell-old-phone/realme/realme-gt-master-edition|Verified
Realme|GT Master Edition|128 GB / 8 GB RAM|128 GB|8 GB|₹10,390|India|Dofy.in|https://www.dofy.in/in-en/india/sell-old-phone/realme/realme-gt-master-edition|Verified
Realme|GT Master Edition|256 GB / 8 GB RAM|256 GB|8 GB|₹10,580|India|Dofy.in|https://www.dofy.in/in-en/india/sell-old-phone/realme/realme-gt-master-edition|Verified
Realme|GT Neo 2|128 GB / 8 GB RAM|128 GB|8 GB|₹10,990|India|Dofy.in|https://www.dofy.in/in-en/india/sell-old-phone/realme/realme-gt-neo-2|Verified
Realme|GT Neo 2|256 GB / 12 GB RAM|256 GB|12 GB|₹11,350|India|Dofy.in|https://www.dofy.in/in-en/india/sell-old-phone/realme/realme-gt-neo-2|Verified
Realme|GT Neo 3|256 GB / 8 GB RAM|256 GB|8 GB|₹12,330|India|Dofy.in|https://www.dofy.in/in-en/india/sell-old-phone/realme/realme-gt-neo-3|Verified
Realme|GT Neo 3|128 GB / 8 GB RAM|128 GB|8 GB|₹11,930|India|Dofy.in|https://www.dofy.in/in-en/india/sell-old-phone/realme/realme-gt-neo-3|Verified
Realme|Gt Neo 3 150W|256 GB / 12 GB RAM|256 GB|12 GB|₹13,760|India|Dofy.in|https://www.dofy.in/in-en/india/sell-old-phone/realme/realme-gt-neo-3-150w|Single configuration listed
Realme|Gt Neo 3T|128 GB / 6 GB RAM|128 GB|6 GB|₹10,860|India|Dofy.in|https://www.dofy.in/in-en/india/sell-old-phone/realme/realme-gt-neo-3t|Verified
Realme|Gt Neo 3T|128 GB / 8 GB RAM|128 GB|8 GB|₹11,230|India|Dofy.in|https://www.dofy.in/in-en/india/sell-old-phone/realme/realme-gt-neo-3t|Verified
Realme|Gt Neo 3T|256 GB / 8 GB RAM|256 GB|8 GB|₹12,120|India|Dofy.in|https://www.dofy.in/in-en/india/sell-old-phone/realme/realme-gt-neo-3t|Verified
Realme|Narzo 10|128 GB / 4 GB RAM|128 GB|4 GB|₹4,560|India|Dofy.in|https://www.dofy.in/in-en/india/sell-old-phone/realme/realme-narzo-10|Single configuration listed
Realme|Narzo 100 Lite 5G|64 GB / 4 GB RAM|64 GB|4 GB|₹8,810|India|Dofy.in|https://www.dofy.in/in-en/india/sell-old-phone/realme/realme-narzo-100-lite-5g|Verified
Realme|Narzo 100 Lite 5G|128 GB / 4 GB RAM|128 GB|4 GB|₹9,710|India|Dofy.in|https://www.dofy.in/in-en/india/sell-old-phone/realme/realme-narzo-100-lite-5g|Verified
Realme|Narzo 100 Lite 5G|128 GB / 6 GB RAM|128 GB|6 GB|₹11,170|India|Dofy.in|https://www.dofy.in/in-en/india/sell-old-phone/realme/realme-narzo-100-lite-5g|Verified
Realme|Narzo 100x 5G|128 GB / 4 GB RAM|128 GB|4 GB|₹13,650|India|Dofy.in|https://www.dofy.in/in-en/india/sell-old-phone/realme/realme-narzo-100x-5g|Verified
Realme|Narzo 100x 5G|128 GB / 6 GB RAM|128 GB|6 GB|₹14,950|India|Dofy.in|https://www.dofy.in/in-en/india/sell-old-phone/realme/realme-narzo-100x-5g|Verified
Realme|Narzo 100x 5G|256 GB / 6 GB RAM|256 GB|6 GB|₹16,250|India|Dofy.in|https://www.dofy.in/in-en/india/sell-old-phone/realme/realme-narzo-100x-5g|Verified
Realme|Narzo 10A|32 GB / 3 GB RAM|32 GB|3 GB|₹4,030|India|Dofy.in|https://www.dofy.in/in-en/india/sell-old-phone/realme/realme-narzo-10a|Verified
Realme|Narzo 10A|64 GB / 4 GB RAM|64 GB|4 GB|₹4,360|India|Dofy.in|https://www.dofy.in/in-en/india/sell-old-phone/realme/realme-narzo-10a|Verified
Realme|Narzo 20|64 GB|64 GB|—|₹5,000|India|Dofy.in|https://www.dofy.in/in-en/india/sell-old-phone/realme/realme-narzo-20|Verified
Realme|Narzo 20|128 GB|128 GB|—|₹5,310|India|Dofy.in|https://www.dofy.in/in-en/india/sell-old-phone/realme/realme-narzo-20|Verified
Realme|Narzo 20 Pro|64 GB / 6 GB RAM|64 GB|6 GB|₹5,360|India|Dofy.in|https://www.dofy.in/in-en/india/sell-old-phone/realme/realme-narzo-20-pro|Verified
Realme|Narzo 20 Pro|128 GB / 8 GB RAM|128 GB|8 GB|₹5,950|India|Dofy.in|https://www.dofy.in/in-en/india/sell-old-phone/realme/realme-narzo-20-pro|Verified
Realme|Narzo 20A|32 GB / 3 GB RAM|32 GB|3 GB|₹4,200|India|Dofy.in|https://www.dofy.in/in-en/india/sell-old-phone/realme/realme-narzo-20a|Verified
Realme|Narzo 20A|64 GB / 4 GB RAM|64 GB|4 GB|₹4,520|India|Dofy.in|https://www.dofy.in/in-en/india/sell-old-phone/realme/realme-narzo-20a|Verified
Realme|Narzo 30|64 GB / 4 GB RAM|64 GB|4 GB|₹5,260|India|Dofy.in|https://www.dofy.in/in-en/india/sell-old-phone/realme/realme-narzo-30|Verified
Realme|Narzo 30|64 GB / 6 GB RAM|64 GB|6 GB|₹5,560|India|Dofy.in|https://www.dofy.in/in-en/india/sell-old-phone/realme/realme-narzo-30|Verified
Realme|Narzo 30|128 GB / 6 GB RAM|128 GB|6 GB|₹5,820|India|Dofy.in|https://www.dofy.in/in-en/india/sell-old-phone/realme/realme-narzo-30|Verified
Realme|Narzo 30 5G|64 GB / 4 GB RAM|64 GB|4 GB|₹7,490|India|Dofy.in|https://www.dofy.in/in-en/india/sell-old-phone/realme/realme-narzo-30-5g|Verified
Realme|Narzo 30 5G|128 GB / 6 GB RAM|128 GB|6 GB|₹7,790|India|Dofy.in|https://www.dofy.in/in-en/india/sell-old-phone/realme/realme-narzo-30-5g|Verified
Realme|Narzo 30 Pro 5G|64 GB / 6 GB RAM|64 GB|6 GB|₹8,180|India|Dofy.in|https://www.dofy.in/in-en/india/sell-old-phone/realme/realme-narzo-30-pro-5g|Verified
Realme|Narzo 30 Pro 5G|128 GB / 8 GB RAM|128 GB|8 GB|₹8,570|India|Dofy.in|https://www.dofy.in/in-en/india/sell-old-phone/realme/realme-narzo-30-pro-5g|Verified
Realme|Narzo 30A|32 GB / 3 GB RAM|32 GB|3 GB|₹4,270|India|Dofy.in|https://www.dofy.in/in-en/india/sell-old-phone/realme/realme-narzo-30a|Verified
Realme|Narzo 30A|64 GB / 4 GB RAM|64 GB|4 GB|₹4,610|India|Dofy.in|https://www.dofy.in/in-en/india/sell-old-phone/realme/realme-narzo-30a|Verified
Realme|Narzo 50|64 GB / 4 GB RAM|64 GB|4 GB|₹5,500|India|Dofy.in|https://www.dofy.in/in-en/india/sell-old-phone/realme/realme-narzo-50|Verified
Realme|Narzo 50|128 GB / 6 GB RAM|128 GB|6 GB|₹5,800|India|Dofy.in|https://www.dofy.in/in-en/india/sell-old-phone/realme/realme-narzo-50|Verified
Realme|Narzo 50 5G|64 GB / 4 GB RAM|64 GB|4 GB|₹6,700|India|Dofy.in|https://www.dofy.in/in-en/india/sell-old-phone/realme/realme-narzo-50-5g|Verified
Realme|Narzo 50 5G|128 GB / 4 GB RAM|128 GB|4 GB|₹7,660|India|Dofy.in|https://www.dofy.in/in-en/india/sell-old-phone/realme/realme-narzo-50-5g|Verified
Realme|Narzo 50 5G|128 GB / 6 GB RAM|128 GB|6 GB|₹8,250|India|Dofy.in|https://www.dofy.in/in-en/india/sell-old-phone/realme/realme-narzo-50-5g|Verified
Realme|Narzo 50 Pro 5G|128 GB / 6 GB RAM|128 GB|6 GB|₹9,590|India|Dofy.in|https://www.dofy.in/in-en/india/sell-old-phone/realme/realme-narzo-50-pro-5g|Verified
Realme|Narzo 50 Pro 5G|128 GB / 8 GB RAM|128 GB|8 GB|₹9,860|India|Dofy.in|https://www.dofy.in/in-en/india/sell-old-phone/realme/realme-narzo-50-pro-5g|Verified
Realme|Narzo 50A|64 GB|64 GB|—|₹5,100|India|Dofy.in|https://www.dofy.in/in-en/india/sell-old-phone/realme/realme-narzo-50a|Verified
Realme|Narzo 50A|128 GB|128 GB|—|₹5,310|India|Dofy.in|https://www.dofy.in/in-en/india/sell-old-phone/realme/realme-narzo-50a|Verified
Realme|Narzo 50A Prime|64 GB / 4 GB RAM|64 GB|4 GB|₹4,820|India|Dofy.in|https://www.dofy.in/in-en/india/sell-old-phone/realme/realme-narzo-50a-prime|Verified
Realme|Narzo 50A Prime|128 GB / 4 GB RAM|128 GB|4 GB|₹5,310|India|Dofy.in|https://www.dofy.in/in-en/india/sell-old-phone/realme/realme-narzo-50a-prime|Verified
Realme|Narzo 50i|32 GB / 2 GB RAM|32 GB|2 GB|₹3,700|India|Dofy.in|https://www.dofy.in/in-en/india/sell-old-phone/realme/realme-narzo-50i|Verified
Realme|Narzo 50i|64 GB / 4 GB RAM|64 GB|4 GB|₹4,000|India|Dofy.in|https://www.dofy.in/in-en/india/sell-old-phone/realme/realme-narzo-50i|Verified
Realme|Narzo 50i Prime|64 GB / 4 GB RAM|64 GB|4 GB|₹4,530|India|Dofy.in|https://www.dofy.in/in-en/india/sell-old-phone/realme/realme-narzo-50i-prime|Verified
Realme|Narzo 50i Prime|32 GB / 3 GB RAM|32 GB|3 GB|₹4,000|India|Dofy.in|https://www.dofy.in/in-en/india/sell-old-phone/realme/realme-narzo-50i-prime|Verified
Realme|Narzo 60 5G|128 GB / 8 GB RAM|128 GB|8 GB|₹10,800|India|Dofy.in|https://www.dofy.in/in-en/india/sell-old-phone/realme/realme-narzo-60-5g|Verified
Realme|Narzo 60 5G|256 GB / 8 GB RAM|256 GB|8 GB|₹10,980|India|Dofy.in|https://www.dofy.in/in-en/india/sell-old-phone/realme/realme-narzo-60-5g|Verified
Realme|Narzo 60 Pro 5G|128 GB / 8 GB RAM|128 GB|8 GB|₹14,070|India|Dofy.in|https://www.dofy.in/in-en/india/sell-old-phone/realme/realme-narzo-60-pro-5g|Verified
Realme|Narzo 60 Pro 5G|256 GB / 12 GB RAM|256 GB|12 GB|₹14,720|India|Dofy.in|https://www.dofy.in/in-en/india/sell-old-phone/realme/realme-narzo-60-pro-5g|Verified
Realme|Narzo 60 Pro 5G|1 TB / 12 GB RAM|1 TB|12 GB|₹15,850|India|Dofy.in|https://www.dofy.in/in-en/india/sell-old-phone/realme/realme-narzo-60-pro-5g|Verified
Realme|Narzo 60X|128 GB / 4 GB RAM|128 GB|4 GB|₹8,990|India|Dofy.in|https://www.dofy.in/in-en/india/sell-old-phone/realme/realme-narzo-60x|Verified
Realme|Narzo 60X|128 GB / 6 GB RAM|128 GB|6 GB|₹9,240|India|Dofy.in|https://www.dofy.in/in-en/india/sell-old-phone/realme/realme-narzo-60x|Verified
Realme|Narzo 70 5G|128 GB / 6 GB RAM|128 GB|6 GB|₹7,450|India|Dofy.in|https://www.dofy.in/in-en/india/sell-old-phone/realme/realme-narzo-70-5g|Verified
Realme|Narzo 70 5G|128 GB / 8 GB RAM|128 GB|8 GB|₹8,560|India|Dofy.in|https://www.dofy.in/in-en/india/sell-old-phone/realme/realme-narzo-70-5g|Verified
Realme|Narzo 70 pro 5G|128 GB / 8 GB RAM|128 GB|8 GB|₹10,180|India|Dofy.in|https://www.dofy.in/in-en/india/sell-old-phone/realme/realme-narzo-70-pro-5g|Verified
Realme|Narzo 70 pro 5G|256 GB / 8 GB RAM|256 GB|8 GB|₹10,960|India|Dofy.in|https://www.dofy.in/in-en/india/sell-old-phone/realme/realme-narzo-70-pro-5g|Verified
Realme|Narzo 70 Turbo 5G|128 GB / 6 GB RAM|128 GB|6 GB|₹9,440|India|Dofy.in|https://www.dofy.in/in-en/india/sell-old-phone/realme/realme-narzo-70-turbo-5g|Verified
Realme|Narzo 70 Turbo 5G|128 GB / 8 GB RAM|128 GB|8 GB|₹9,900|India|Dofy.in|https://www.dofy.in/in-en/india/sell-old-phone/realme/realme-narzo-70-turbo-5g|Verified
Realme|Narzo 70 Turbo 5G|256 GB / 12 GB RAM|256 GB|12 GB|₹10,460|India|Dofy.in|https://www.dofy.in/in-en/india/sell-old-phone/realme/realme-narzo-70-turbo-5g|Verified
Realme|Narzo 70X 5G|128 GB / 4 GB RAM|128 GB|4 GB|₹6,010|India|Dofy.in|https://www.dofy.in/in-en/india/sell-old-phone/realme/realme-narzo-70x-5g|Verified
Realme|Narzo 70X 5G|128 GB / 6 GB RAM|128 GB|6 GB|₹7,060|India|Dofy.in|https://www.dofy.in/in-en/india/sell-old-phone/realme/realme-narzo-70x-5g|Verified
Realme|Narzo 70X 5G|128 GB / 8 GB RAM|128 GB|8 GB|₹7,450|India|Dofy.in|https://www.dofy.in/in-en/india/sell-old-phone/realme/realme-narzo-70x-5g|Verified
Realme|Narzo 80 Lite|64 GB / 4 GB RAM|64 GB|4 GB|₹5,150|India|Dofy.in|https://www.dofy.in/in-en/india/sell-old-phone/realme/realme-narzo-80-lite|Verified
Realme|Narzo 80 Lite|128 GB / 6 GB RAM|128 GB|6 GB|₹5,730|India|Dofy.in|https://www.dofy.in/in-en/india/sell-old-phone/realme/realme-narzo-80-lite|Verified
Realme|Narzo 80 Lite 5G|64 GB / 4 GB RAM|64 GB|4 GB|₹6,690|India|Dofy.in|https://www.dofy.in/in-en/india/sell-old-phone/realme/realme-narzo-80-lite-5g|Verified
Realme|Narzo 80 Lite 5G|128 GB / 6 GB RAM|128 GB|6 GB|₹7,380|India|Dofy.in|https://www.dofy.in/in-en/india/sell-old-phone/realme/realme-narzo-80-lite-5g|Verified
Realme|Narzo 80 Pro 5G|128 GB / 8 GB RAM|128 GB|8 GB|₹11,690|India|Dofy.in|https://www.dofy.in/in-en/india/sell-old-phone/realme/realme-narzo-80-pro-5g|Verified
Realme|Narzo 80 Pro 5G|256 GB / 8 GB RAM|256 GB|8 GB|₹12,250|India|Dofy.in|https://www.dofy.in/in-en/india/sell-old-phone/realme/realme-narzo-80-pro-5g|Verified
Realme|Narzo 80 Pro 5G|256 GB / 12 GB RAM|256 GB|12 GB|₹13,010|India|Dofy.in|https://www.dofy.in/in-en/india/sell-old-phone/realme/realme-narzo-80-pro-5g|Verified
Realme|Narzo 80X 5G|128 GB / 6 GB RAM|128 GB|6 GB|₹7,940|India|Dofy.in|https://www.dofy.in/in-en/india/sell-old-phone/realme/realme-narzo-80x-5g|Verified
Realme|Narzo 80X 5G|128 GB / 8 GB RAM|128 GB|8 GB|₹8,680|India|Dofy.in|https://www.dofy.in/in-en/india/sell-old-phone/realme/realme-narzo-80x-5g|Verified
Realme|Narzo 90 5G|128 GB / 6 GB RAM|128 GB|6 GB|₹11,440|India|Dofy.in|https://www.dofy.in/in-en/india/sell-old-phone/realme/realme-narzo-90-5g|Verified
Realme|Narzo 90 5G|128 GB / 8 GB RAM|128 GB|8 GB|₹12,570|India|Dofy.in|https://www.dofy.in/in-en/india/sell-old-phone/realme/realme-narzo-90-5g|Verified
Realme|Narzo 90x 5G|128 GB / 6 GB RAM|128 GB|6 GB|₹10,600|India|Dofy.in|https://www.dofy.in/in-en/india/sell-old-phone/realme/realme-narzo-90x-5g|Verified
Realme|Narzo 90x 5G|128 GB / 8 GB RAM|128 GB|8 GB|₹11,090|India|Dofy.in|https://www.dofy.in/in-en/india/sell-old-phone/realme/realme-narzo-90x-5g|Verified
Realme|Narzo N53|64 GB / 4 GB RAM|64 GB|4 GB|₹5,560|India|Dofy.in|https://www.dofy.in/in-en/india/sell-old-phone/realme/realme-narzo-n53|Verified
Realme|Narzo N53|128 GB / 6 GB RAM|128 GB|6 GB|₹5,970|India|Dofy.in|https://www.dofy.in/in-en/india/sell-old-phone/realme/realme-narzo-n53|Verified
Realme|Narzo N53|128 GB / 8 GB RAM|128 GB|8 GB|₹6,270|India|Dofy.in|https://www.dofy.in/in-en/india/sell-old-phone/realme/realme-narzo-n53|Verified
Realme|Narzo N55|64 GB / 4 GB RAM|64 GB|4 GB|₹5,900|India|Dofy.in|https://www.dofy.in/in-en/india/sell-old-phone/realme/realme-narzo-n55|Verified
Realme|Narzo N55|128 GB / 6 GB RAM|128 GB|6 GB|₹6,440|India|Dofy.in|https://www.dofy.in/in-en/india/sell-old-phone/realme/realme-narzo-n55|Verified
Realme|NARZO N61|64 GB / 4 GB RAM|64 GB|4 GB|₹3,660|India|Dofy.in|https://www.dofy.in/in-en/india/sell-old-phone/realme/realme-narzo-n61|Verified
Realme|NARZO N61|128 GB / 6 GB RAM|128 GB|6 GB|₹4,460|India|Dofy.in|https://www.dofy.in/in-en/india/sell-old-phone/realme/realme-narzo-n61|Verified
Realme|Narzo N63|64 GB / 4 GB RAM|64 GB|4 GB|₹3,940|India|Dofy.in|https://www.dofy.in/in-en/india/sell-old-phone/realme/realme-narzo-n63|Verified
Realme|Narzo N63|128 GB / 4 GB RAM|128 GB|4 GB|₹4,440|India|Dofy.in|https://www.dofy.in/in-en/india/sell-old-phone/realme/realme-narzo-n63|Verified
Realme|Narzo N65 5G|128 GB / 4 GB RAM|128 GB|4 GB|₹5,770|India|Dofy.in|https://www.dofy.in/in-en/india/sell-old-phone/realme/realme-narzo-n65-5g|Verified
Realme|Narzo N65 5G|128 GB / 6 GB RAM|128 GB|6 GB|₹6,410|India|Dofy.in|https://www.dofy.in/in-en/india/sell-old-phone/realme/realme-narzo-n65-5g|Verified
Realme|Narzo Power 5G|128 GB / 8 GB RAM|128 GB|8 GB|₹17,170|India|Dofy.in|https://www.dofy.in/in-en/india/sell-old-phone/realme/realme-narzo-power-5g|Verified
Realme|Narzo Power 5G|256 GB / 8 GB RAM|256 GB|8 GB|₹18,490|India|Dofy.in|https://www.dofy.in/in-en/india/sell-old-phone/realme/realme-narzo-power-5g|Verified
Realme|P1 5G|128 GB / 6 GB RAM|128 GB|6 GB|₹9,670|India|Dofy.in|https://www.dofy.in/in-en/india/sell-old-phone/realme/realme-p1-5g|Verified
Realme|P1 5G|128 GB / 8 GB RAM|128 GB|8 GB|₹10,140|India|Dofy.in|https://www.dofy.in/in-en/india/sell-old-phone/realme/realme-p1-5g|Verified
Realme|P1 5G|256 GB / 8 GB RAM|256 GB|8 GB|₹10,330|India|Dofy.in|https://www.dofy.in/in-en/india/sell-old-phone/realme/realme-p1-5g|Verified
Realme|P1 Pro 5G|128 GB / 8 GB RAM|128 GB|8 GB|₹8,950|India|Dofy.in|https://www.dofy.in/in-en/india/sell-old-phone/realme/realme-p1-pro-5g|Verified
Realme|P1 Pro 5G|256 GB / 8 GB RAM|256 GB|8 GB|₹9,450|India|Dofy.in|https://www.dofy.in/in-en/india/sell-old-phone/realme/realme-p1-pro-5g|Verified
Realme|P1 Pro 5G|256 GB / 12 GB RAM|256 GB|12 GB|₹9,560|India|Dofy.in|https://www.dofy.in/in-en/india/sell-old-phone/realme/realme-p1-pro-5g|Verified
Realme|P1 Speed 5G|128 GB / 8 GB RAM|128 GB|8 GB|₹8,100|India|Dofy.in|https://www.dofy.in/in-en/india/sell-old-phone/realme/realme-p1-speed-5g|Verified
Realme|P1 Speed 5G|256 GB / 12 GB RAM|256 GB|12 GB|₹9,070|India|Dofy.in|https://www.dofy.in/in-en/india/sell-old-phone/realme/realme-p1-speed-5g|Verified
Realme|P2 Pro 5G|128 GB / 8 GB RAM|128 GB|8 GB|₹9,530|India|Dofy.in|https://www.dofy.in/in-en/india/sell-old-phone/realme/realme-p2-pro-5g|Verified
Realme|P2 Pro 5G|256 GB / 12 GB RAM|256 GB|12 GB|₹10,340|India|Dofy.in|https://www.dofy.in/in-en/india/sell-old-phone/realme/realme-p2-pro-5g|Verified
Realme|P2 Pro 5G|512 GB / 12 GB RAM|512 GB|12 GB|₹12,070|India|Dofy.in|https://www.dofy.in/in-en/india/sell-old-phone/realme/realme-p2-pro-5g|Verified
Realme|P3 5G|128 GB / 6 GB RAM|128 GB|6 GB|₹10,020|India|Dofy.in|https://www.dofy.in/in-en/india/sell-old-phone/realme/realme-p3-5g|Verified
Realme|P3 5G|128 GB / 8 GB RAM|128 GB|8 GB|₹11,410|India|Dofy.in|https://www.dofy.in/in-en/india/sell-old-phone/realme/realme-p3-5g|Verified
Realme|P3 5G|256 GB / 8 GB RAM|256 GB|8 GB|₹11,790|India|Dofy.in|https://www.dofy.in/in-en/india/sell-old-phone/realme/realme-p3-5g|Verified
Realme|P3 Lite 5G|128 GB / 4 GB RAM|128 GB|4 GB|₹7,190|India|Dofy.in|https://www.dofy.in/in-en/india/sell-old-phone/realme/realme-p3-lite-5g|Verified
Realme|P3 Lite 5G|128 GB / 6 GB RAM|128 GB|6 GB|₹7,350|India|Dofy.in|https://www.dofy.in/in-en/india/sell-old-phone/realme/realme-p3-lite-5g|Verified
Realme|P3 Pro 5G|128 GB / 8 GB RAM|128 GB|8 GB|₹12,630|India|Dofy.in|https://www.dofy.in/in-en/india/sell-old-phone/realme/realme-p3-pro-5g|Verified
Realme|P3 Pro 5G|256 GB / 8 GB RAM|256 GB|8 GB|₹13,170|India|Dofy.in|https://www.dofy.in/in-en/india/sell-old-phone/realme/realme-p3-pro-5g|Verified
Realme|P3 Pro 5G|256 GB / 12 GB RAM|256 GB|12 GB|₹14,220|India|Dofy.in|https://www.dofy.in/in-en/india/sell-old-phone/realme/realme-p3-pro-5g|Verified
Realme|P3 Ultra 5G|128 GB / 8 GB RAM|128 GB|8 GB|₹14,360|India|Dofy.in|https://www.dofy.in/in-en/india/sell-old-phone/realme/realme-p3-ultra-5g|Verified
Realme|P3 Ultra 5G|256 GB / 8 GB RAM|256 GB|8 GB|₹15,550|India|Dofy.in|https://www.dofy.in/in-en/india/sell-old-phone/realme/realme-p3-ultra-5g|Verified
Realme|P3 Ultra 5G|256 GB / 12 GB RAM|256 GB|12 GB|₹16,040|India|Dofy.in|https://www.dofy.in/in-en/india/sell-old-phone/realme/realme-p3-ultra-5g|Verified
Realme|P3X 5G|128 GB / 6 GB RAM|128 GB|6 GB|₹8,560|India|Dofy.in|https://www.dofy.in/in-en/india/sell-old-phone/realme/realme-p3x-5g|Verified
Realme|P3X 5G|128 GB / 8 GB RAM|128 GB|8 GB|₹9,000|India|Dofy.in|https://www.dofy.in/in-en/india/sell-old-phone/realme/realme-p3x-5g|Verified
Realme|P4 5G|128 GB / 6 GB RAM|128 GB|6 GB|₹13,120|India|Dofy.in|https://www.dofy.in/in-en/india/sell-old-phone/realme/realme-p4-5g|Verified
Realme|P4 5G|128 GB / 8 GB RAM|128 GB|8 GB|₹13,330|India|Dofy.in|https://www.dofy.in/in-en/india/sell-old-phone/realme/realme-p4-5g|Verified
Realme|P4 5G|256 GB / 8 GB RAM|256 GB|8 GB|₹13,890|India|Dofy.in|https://www.dofy.in/in-en/india/sell-old-phone/realme/realme-p4-5g|Verified
Realme|P4 Lite|64 GB / 4 GB RAM|64 GB|4 GB|₹7,390|India|Dofy.in|https://www.dofy.in/in-en/india/sell-old-phone/realme/realme-p4-lite|Verified
Realme|P4 Lite|128 GB / 4 GB RAM|128 GB|4 GB|₹8,270|India|Dofy.in|https://www.dofy.in/in-en/india/sell-old-phone/realme/realme-p4-lite|Verified
Realme|P4 Lite 5G|64 GB / 4 GB RAM|64 GB|4 GB|₹8,960|India|Dofy.in|https://www.dofy.in/in-en/india/sell-old-phone/realme/realme-p4-lite-5g|Verified
Realme|P4 Lite 5G|128 GB / 4 GB RAM|128 GB|4 GB|₹9,450|India|Dofy.in|https://www.dofy.in/in-en/india/sell-old-phone/realme/realme-p4-lite-5g|Verified
Realme|P4 Lite 5G|128 GB / 6 GB RAM|128 GB|6 GB|₹10,680|India|Dofy.in|https://www.dofy.in/in-en/india/sell-old-phone/realme/realme-p4-lite-5g|Verified
Realme|P4 Power 5G|128 GB / 8 GB RAM|128 GB|8 GB|₹17,270|India|Dofy.in|https://www.dofy.in/in-en/india/sell-old-phone/realme/realme-p4-power-5g|Verified
Realme|P4 Power 5G|256 GB / 8 GB RAM|256 GB|8 GB|₹19,300|India|Dofy.in|https://www.dofy.in/in-en/india/sell-old-phone/realme/realme-p4-power-5g|Verified
Realme|P4 Power 5G|256 GB / 12 GB RAM|256 GB|12 GB|₹20,630|India|Dofy.in|https://www.dofy.in/in-en/india/sell-old-phone/realme/realme-p4-power-5g|Verified
Realme|P4 Pro 5G|128 GB / 8 GB RAM|128 GB|8 GB|₹15,810|India|Dofy.in|https://www.dofy.in/in-en/india/sell-old-phone/realme/realme-p4-pro-5g|Verified
Realme|P4 Pro 5G|256 GB / 8 GB RAM|256 GB|8 GB|₹16,290|India|Dofy.in|https://www.dofy.in/in-en/india/sell-old-phone/realme/realme-p4-pro-5g|Verified
Realme|P4 Pro 5G|256 GB / 12 GB RAM|256 GB|12 GB|₹17,500|India|Dofy.in|https://www.dofy.in/in-en/india/sell-old-phone/realme/realme-p4-pro-5g|Verified
Realme|P4R 5G|128 GB / 4 GB RAM|128 GB|4 GB|₹12,140|India|Dofy.in|https://www.dofy.in/in-en/india/sell-old-phone/realme/realme-p4r-5g|Verified
Realme|P4R 5G|128 GB / 6 GB RAM|128 GB|6 GB|₹13,420|India|Dofy.in|https://www.dofy.in/in-en/india/sell-old-phone/realme/realme-p4r-5g|Verified
Realme|P4R 5G|256 GB / 6 GB RAM|256 GB|6 GB|₹14,690|India|Dofy.in|https://www.dofy.in/in-en/india/sell-old-phone/realme/realme-p4r-5g|Verified
Realme|P4x 5G|128 GB / 6 GB RAM|128 GB|6 GB|₹10,130|India|Dofy.in|https://www.dofy.in/in-en/india/sell-old-phone/realme/realme-p4x-5g|Verified
Realme|P4x 5G|128 GB / 8 GB RAM|128 GB|8 GB|₹10,920|India|Dofy.in|https://www.dofy.in/in-en/india/sell-old-phone/realme/realme-p4x-5g|Verified
Realme|P4x 5G|256 GB / 8 GB RAM|256 GB|8 GB|₹11,140|India|Dofy.in|https://www.dofy.in/in-en/india/sell-old-phone/realme/realme-p4x-5g|Verified
Realme|U 1|32 GB / 3 GB RAM|32 GB|3 GB|₹2,980|India|Dofy.in|https://www.dofy.in/in-en/india/sell-old-phone/realme/realme-u-1|Verified
Realme|U 1|64 GB / 3 GB RAM|64 GB|3 GB|₹3,220|India|Dofy.in|https://www.dofy.in/in-en/india/sell-old-phone/realme/realme-u-1|Verified
Realme|U 1|64 GB / 4 GB RAM|64 GB|4 GB|₹3,470|India|Dofy.in|https://www.dofy.in/in-en/india/sell-old-phone/realme/realme-u-1|Verified
Realme|X|128 GB / 4 GB RAM|128 GB|4 GB|₹6,100|India|Dofy.in|https://www.dofy.in/in-en/india/sell-old-phone/realme/realme-x|Verified
Realme|X|128 GB / 8 GB RAM|128 GB|8 GB|₹6,240|India|Dofy.in|https://www.dofy.in/in-en/india/sell-old-phone/realme/realme-x|Verified
Realme|X2|64 GB / 4 GB RAM|64 GB|4 GB|₹5,100|India|Dofy.in|https://www.dofy.in/in-en/india/sell-old-phone/realme/realme-x2|Verified
Realme|X2|128 GB / 6 GB RAM|128 GB|6 GB|₹5,500|India|Dofy.in|https://www.dofy.in/in-en/india/sell-old-phone/realme/realme-x2|Verified
Realme|X2|128 GB / 8 GB RAM|128 GB|8 GB|₹6,050|India|Dofy.in|https://www.dofy.in/in-en/india/sell-old-phone/realme/realme-x2|Verified
Realme|X2|256 GB / 8 GB RAM|256 GB|8 GB|₹6,490|India|Dofy.in|https://www.dofy.in/in-en/india/sell-old-phone/realme/realme-x2|Verified
Realme|X2 Pro|64 GB / 6 GB RAM|64 GB|6 GB|₹5,310|India|Dofy.in|https://www.dofy.in/in-en/india/sell-old-phone/realme/realme-x2-pro|Verified
Realme|X2 Pro|128 GB / 8 GB RAM|128 GB|8 GB|₹5,500|India|Dofy.in|https://www.dofy.in/in-en/india/sell-old-phone/realme/realme-x2-pro|Verified
Realme|X2 Pro|256 GB / 12 GB RAM|256 GB|12 GB|₹6,300|India|Dofy.in|https://www.dofy.in/in-en/india/sell-old-phone/realme/realme-x2-pro|Verified
Realme|X3|128 GB / 6 GB RAM|128 GB|6 GB|₹6,750|India|Dofy.in|https://www.dofy.in/in-en/india/sell-old-phone/realme/realme-x3|Verified
Realme|X3|128 GB / 8 GB RAM|128 GB|8 GB|₹6,940|India|Dofy.in|https://www.dofy.in/in-en/india/sell-old-phone/realme/realme-x3|Verified
Realme|X3 SuperZoom|128 GB / 8 GB RAM|128 GB|8 GB|₹6,640|India|Dofy.in|https://www.dofy.in/in-en/india/sell-old-phone/realme/realme-x3-superzoom|Verified
Realme|X3 SuperZoom|256 GB / 8 GB RAM|256 GB|8 GB|₹7,380|India|Dofy.in|https://www.dofy.in/in-en/india/sell-old-phone/realme/realme-x3-superzoom|Verified
Realme|X3 SuperZoom|256 GB / 12 GB RAM|256 GB|12 GB|₹7,740|India|Dofy.in|https://www.dofy.in/in-en/india/sell-old-phone/realme/realme-x3-superzoom|Verified
Realme|X50 Pro|128 GB / 6 GB RAM|128 GB|6 GB|₹8,470|India|Dofy.in|https://www.dofy.in/in-en/india/sell-old-phone/realme/realme-x50-pro|Verified
Realme|X50 Pro|128 GB / 8 GB RAM|128 GB|8 GB|₹8,660|India|Dofy.in|https://www.dofy.in/in-en/india/sell-old-phone/realme/realme-x50-pro|Verified
Realme|X50 Pro|256 GB / 12 GB RAM|256 GB|12 GB|₹9,650|India|Dofy.in|https://www.dofy.in/in-en/india/sell-old-phone/realme/realme-x50-pro|Verified
Realme|X7|128 GB / 6 GB RAM|128 GB|6 GB|₹8,810|India|Dofy.in|https://www.dofy.in/in-en/india/sell-old-phone/realme/realme-x7|Verified
Realme|X7|128 GB / 8 GB RAM|128 GB|8 GB|₹9,110|India|Dofy.in|https://www.dofy.in/in-en/india/sell-old-phone/realme/realme-x7|Verified
Realme|X7 Max 5G|128 GB / 8 GB RAM|128 GB|8 GB|₹10,200|India|Dofy.in|https://www.dofy.in/in-en/india/sell-old-phone/realme/realme-x7-max-5g|Verified
Realme|X7 Max 5G|256 GB / 12 GB RAM|256 GB|12 GB|₹10,800|India|Dofy.in|https://www.dofy.in/in-en/india/sell-old-phone/realme/realme-x7-max-5g|Verified
Realme|X7 Pro|128 GB / 8 GB RAM|128 GB|8 GB|₹9,450|India|Dofy.in|https://www.dofy.in/in-en/india/sell-old-phone/realme/realme-x7-pro|Single configuration listed
Realme|XT|64 GB / 4 GB RAM|64 GB|4 GB|₹5,310|India|Dofy.in|https://www.dofy.in/in-en/india/sell-old-phone/realme/realme-xt|Verified
Realme|XT|64 GB / 6 GB RAM|64 GB|6 GB|₹5,470|India|Dofy.in|https://www.dofy.in/in-en/india/sell-old-phone/realme/realme-xt|Verified
Realme|XT|128 GB / 8 GB RAM|128 GB|8 GB|₹5,610|India|Dofy.in|https://www.dofy.in/in-en/india/sell-old-phone/realme/realme-xt|Verified
Samsung|A06|64 GB / 4 GB RAM|64 GB|4 GB|₹4,850|India|Dofy.in|https://www.dofy.in/in-en/india/sell-old-phone/samsung/samsung-a06|Verified
Samsung|A06|128 GB / 4 GB RAM|128 GB|4 GB|₹4,970|India|Dofy.in|https://www.dofy.in/in-en/india/sell-old-phone/samsung/samsung-a06|Verified
Samsung|A73 5G|128 GB / 8 GB RAM|128 GB|8 GB|₹8,960|India|Dofy.in|https://www.dofy.in/in-en/india/sell-old-phone/samsung/samsung-a73-5g|Verified
Samsung|A73 5G|256 GB / 8 GB RAM|256 GB|8 GB|₹9,200|India|Dofy.in|https://www.dofy.in/in-en/india/sell-old-phone/samsung/samsung-a73-5g|Verified
Samsung|Galaxy A03|32 GB / 3 GB RAM|32 GB|3 GB|₹2,970|India|Dofy.in|https://www.dofy.in/in-en/india/sell-old-phone/samsung/samsung-galaxy-a03|Verified
Samsung|Galaxy A03|64 GB / 4 GB RAM|64 GB|4 GB|₹3,860|India|Dofy.in|https://www.dofy.in/in-en/india/sell-old-phone/samsung/samsung-galaxy-a03|Verified
Samsung|Galaxy A03 Core|32 GB / 2 GB RAM|32 GB|2 GB|₹2,890|India|Dofy.in|https://www.dofy.in/in-en/india/sell-old-phone/samsung/samsung-galaxy-a03-core|Single configuration listed
Samsung|Galaxy A03s|32 GB / 3 GB RAM|32 GB|3 GB|₹2,980|India|Dofy.in|https://www.dofy.in/in-en/india/sell-old-phone/samsung/samsung-galaxy-a03s|Verified
Samsung|Galaxy A03s|64 GB / 4 GB RAM|64 GB|4 GB|₹3,670|India|Dofy.in|https://www.dofy.in/in-en/india/sell-old-phone/samsung/samsung-galaxy-a03s|Verified
Samsung|Galaxy A04|64 GB / 4 GB RAM|64 GB|4 GB|₹3,770|India|Dofy.in|https://www.dofy.in/in-en/india/sell-old-phone/samsung/samsung-galaxy-a04|Verified
Samsung|Galaxy A04|128 GB / 4 GB RAM|128 GB|4 GB|₹4,710|India|Dofy.in|https://www.dofy.in/in-en/india/sell-old-phone/samsung/samsung-galaxy-a04|Verified
Samsung|Galaxy A04|32 GB / 3 GB RAM|32 GB|3 GB|₹3,280|India|Dofy.in|https://www.dofy.in/in-en/india/sell-old-phone/samsung/samsung-galaxy-a04|Verified
Samsung|Galaxy A04e|64 GB / 3 GB RAM|64 GB|3 GB|₹4,510|India|Dofy.in|https://www.dofy.in/in-en/india/sell-old-phone/samsung/samsung-galaxy-a04e|Verified
Samsung|Galaxy A04e|128 GB / 4 GB RAM|128 GB|4 GB|₹5,010|India|Dofy.in|https://www.dofy.in/in-en/india/sell-old-phone/samsung/samsung-galaxy-a04e|Verified
Samsung|Galaxy A04s|64 GB / 4 GB RAM|64 GB|4 GB|₹3,770|India|Dofy.in|https://www.dofy.in/in-en/india/sell-old-phone/samsung/samsung-galaxy-a04s|Verified
Samsung|Galaxy A04s|128 GB / 4 GB RAM|128 GB|4 GB|₹4,470|India|Dofy.in|https://www.dofy.in/in-en/india/sell-old-phone/samsung/samsung-galaxy-a04s|Verified
Samsung|Galaxy A05|64 GB / 4 GB RAM|64 GB|4 GB|₹5,050|India|Dofy.in|https://www.dofy.in/in-en/india/sell-old-phone/samsung/samsung-galaxy-a05|Verified
Samsung|Galaxy A05|128 GB / 6 GB RAM|128 GB|6 GB|₹5,360|India|Dofy.in|https://www.dofy.in/in-en/india/sell-old-phone/samsung/samsung-galaxy-a05|Verified
Samsung|Galaxy A05s|128 GB / 4 GB RAM|128 GB|4 GB|₹5,230|India|Dofy.in|https://www.dofy.in/in-en/india/sell-old-phone/samsung/samsung-galaxy-a05s|Verified
Samsung|Galaxy A05s|128 GB / 6 GB RAM|128 GB|6 GB|₹5,680|India|Dofy.in|https://www.dofy.in/in-en/india/sell-old-phone/samsung/samsung-galaxy-a05s|Verified
Samsung|Galaxy A06 5G|64 GB / 4 GB RAM|64 GB|4 GB|₹5,790|India|Dofy.in|https://www.dofy.in/in-en/india/sell-old-phone/samsung/samsung-galaxy-a06-5g|Verified
Samsung|Galaxy A06 5G|128 GB / 4 GB RAM|128 GB|4 GB|₹7,010|India|Dofy.in|https://www.dofy.in/in-en/india/sell-old-phone/samsung/samsung-galaxy-a06-5g|Verified
Samsung|Galaxy A06 5G|128 GB / 6 GB RAM|128 GB|6 GB|₹7,450|India|Dofy.in|https://www.dofy.in/in-en/india/sell-old-phone/samsung/samsung-galaxy-a06-5g|Verified
Samsung|Galaxy A07|64 GB / 4 GB RAM|64 GB|4 GB|₹5,510|India|Dofy.in|https://www.dofy.in/in-en/india/sell-old-phone/samsung/samsung-galaxy-a07|Single configuration listed
Samsung|Galaxy A07 5G|128 GB / 4 GB RAM|128 GB|4 GB|₹9,710|India|Dofy.in|https://www.dofy.in/in-en/india/sell-old-phone/samsung/samsung-galaxy-a07-5g|Verified
Samsung|Galaxy A07 5G|128 GB / 6 GB RAM|128 GB|6 GB|₹10,860|India|Dofy.in|https://www.dofy.in/in-en/india/sell-old-phone/samsung/samsung-galaxy-a07-5g|Verified
Samsung|Galaxy A10|32 GB / 2 GB RAM|32 GB|2 GB|₹2,470|India|Dofy.in|https://www.dofy.in/in-en/india/sell-old-phone/samsung/samsung-galaxy-a10|Single configuration listed
Samsung|Galaxy A10s|32 GB / 2 GB RAM|32 GB|2 GB|₹2,580|India|Dofy.in|https://www.dofy.in/in-en/india/sell-old-phone/samsung/samsung-galaxy-a10s|Verified
Samsung|Galaxy A10s|32 GB / 3 GB RAM|32 GB|3 GB|₹2,680|India|Dofy.in|https://www.dofy.in/in-en/india/sell-old-phone/samsung/samsung-galaxy-a10s|Verified
Samsung|Galaxy A12|64 GB / 4 GB RAM|64 GB|4 GB|₹4,610|India|Dofy.in|https://www.dofy.in/in-en/india/sell-old-phone/samsung/samsung-galaxy-a12|Verified
Samsung|Galaxy A12|128 GB / 4 GB RAM|128 GB|4 GB|₹4,940|India|Dofy.in|https://www.dofy.in/in-en/india/sell-old-phone/samsung/samsung-galaxy-a12|Verified
Samsung|Galaxy A12|128 GB / 6 GB RAM|128 GB|6 GB|₹5,080|India|Dofy.in|https://www.dofy.in/in-en/india/sell-old-phone/samsung/samsung-galaxy-a12|Verified
Samsung|Galaxy A13|64 GB / 4 GB RAM|64 GB|4 GB|₹5,260|India|Dofy.in|https://www.dofy.in/in-en/india/sell-old-phone/samsung/samsung-galaxy-a13|Verified
Samsung|Galaxy A13|128 GB / 4 GB RAM|128 GB|4 GB|₹5,410|India|Dofy.in|https://www.dofy.in/in-en/india/sell-old-phone/samsung/samsung-galaxy-a13|Verified
Samsung|Galaxy A14 4G|64 GB / 4 GB RAM|64 GB|4 GB|₹5,700|India|Dofy.in|https://www.dofy.in/in-en/india/sell-old-phone/samsung/samsung-galaxy-a14-4g|Verified
Samsung|Galaxy A14 4G|128 GB / 4 GB RAM|128 GB|4 GB|₹6,410|India|Dofy.in|https://www.dofy.in/in-en/india/sell-old-phone/samsung/samsung-galaxy-a14-4g|Verified
Samsung|Galaxy A14 5G|64 GB / 4 GB RAM|64 GB|4 GB|₹7,120|India|Dofy.in|https://www.dofy.in/in-en/india/sell-old-phone/samsung/samsung-galaxy-a14-5g|Verified
Samsung|Galaxy A14 5G|128 GB / 4 GB RAM|128 GB|4 GB|₹7,960|India|Dofy.in|https://www.dofy.in/in-en/india/sell-old-phone/samsung/samsung-galaxy-a14-5g|Verified
Samsung|Galaxy A14 5G|128 GB / 6 GB RAM|128 GB|6 GB|₹8,860|India|Dofy.in|https://www.dofy.in/in-en/india/sell-old-phone/samsung/samsung-galaxy-a14-5g|Verified
Samsung|Galaxy A14 5G|128 GB / 8 GB RAM|128 GB|8 GB|₹8,990|India|Dofy.in|https://www.dofy.in/in-en/india/sell-old-phone/samsung/samsung-galaxy-a14-5g|Verified
Samsung|Galaxy A15 5G|128 GB / 8 GB RAM|128 GB|8 GB|₹9,810|India|Dofy.in|https://www.dofy.in/in-en/india/sell-old-phone/samsung/samsung-galaxy-a15-5g|Verified
Samsung|Galaxy A15 5G|256 GB / 8 GB RAM|256 GB|8 GB|₹10,060|India|Dofy.in|https://www.dofy.in/in-en/india/sell-old-phone/samsung/samsung-galaxy-a15-5g|Verified
Samsung|Galaxy A15 5G|128 GB / 6 GB RAM|128 GB|6 GB|₹9,410|India|Dofy.in|https://www.dofy.in/in-en/india/sell-old-phone/samsung/samsung-galaxy-a15-5g|Verified
Samsung|Galaxy A16 5G|128 GB / 6 GB RAM|128 GB|6 GB|₹10,110|India|Dofy.in|https://www.dofy.in/in-en/india/sell-old-phone/samsung/samsung-galaxy-a16-5g|Verified
Samsung|Galaxy A16 5G|128 GB / 8 GB RAM|128 GB|8 GB|₹10,110|India|Dofy.in|https://www.dofy.in/in-en/india/sell-old-phone/samsung/samsung-galaxy-a16-5g|Verified
Samsung|Galaxy A16 5G|256 GB / 8 GB RAM|256 GB|8 GB|₹11,110|India|Dofy.in|https://www.dofy.in/in-en/india/sell-old-phone/samsung/samsung-galaxy-a16-5g|Verified
Samsung|Galaxy A17 5G|128 GB / 6 GB RAM|128 GB|6 GB|₹11,460|India|Dofy.in|https://www.dofy.in/in-en/india/sell-old-phone/samsung/samsung-galaxy-a17-5g|Verified
Samsung|Galaxy A17 5G|128 GB / 8 GB RAM|128 GB|8 GB|₹12,600|India|Dofy.in|https://www.dofy.in/in-en/india/sell-old-phone/samsung/samsung-galaxy-a17-5g|Verified
Samsung|Galaxy A17 5G|256 GB / 8 GB RAM|256 GB|8 GB|₹13,060|India|Dofy.in|https://www.dofy.in/in-en/india/sell-old-phone/samsung/samsung-galaxy-a17-5g|Verified
Samsung|Galaxy A20|32 GB / 3 GB RAM|32 GB|3 GB|₹3,340|India|Dofy.in|https://www.dofy.in/in-en/india/sell-old-phone/samsung/samsung-galaxy-a20|Single configuration listed
Samsung|Galaxy A20s|32 GB / 3 GB RAM|32 GB|3 GB|₹3,220|India|Dofy.in|https://www.dofy.in/in-en/india/sell-old-phone/samsung/samsung-galaxy-a20s|Verified
Samsung|Galaxy A20s|64 GB / 4 GB RAM|64 GB|4 GB|₹3,520|India|Dofy.in|https://www.dofy.in/in-en/india/sell-old-phone/samsung/samsung-galaxy-a20s|Verified
Samsung|Galaxy A21s|64 GB / 4 GB RAM|64 GB|4 GB|₹4,270|India|Dofy.in|https://www.dofy.in/in-en/india/sell-old-phone/samsung/samsung-galaxy-a21s|Verified
Samsung|Galaxy A21s|64 GB / 6 GB RAM|64 GB|6 GB|₹4,420|India|Dofy.in|https://www.dofy.in/in-en/india/sell-old-phone/samsung/samsung-galaxy-a21s|Verified
Samsung|Galaxy A21s|128 GB / 6 GB RAM|128 GB|6 GB|₹4,560|India|Dofy.in|https://www.dofy.in/in-en/india/sell-old-phone/samsung/samsung-galaxy-a21s|Verified
Samsung|Galaxy A22|128 GB / 4 GB RAM|128 GB|4 GB|₹4,860|India|Dofy.in|https://www.dofy.in/in-en/india/sell-old-phone/samsung/samsung-galaxy-a22|Verified
Samsung|Galaxy A22|128 GB / 6 GB RAM|128 GB|6 GB|₹5,160|India|Dofy.in|https://www.dofy.in/in-en/india/sell-old-phone/samsung/samsung-galaxy-a22|Verified
Samsung|Galaxy A22 5G|128 GB / 6 GB RAM|128 GB|6 GB|₹7,140|India|Dofy.in|https://www.dofy.in/in-en/india/sell-old-phone/samsung/samsung-galaxy-a22-5g|Verified
Samsung|Galaxy A22 5G|128 GB / 8 GB RAM|128 GB|8 GB|₹7,880|India|Dofy.in|https://www.dofy.in/in-en/india/sell-old-phone/samsung/samsung-galaxy-a22-5g|Verified
Samsung|Galaxy A23|128 GB / 6 GB RAM|128 GB|6 GB|₹6,150|India|Dofy.in|https://www.dofy.in/in-en/india/sell-old-phone/samsung/samsung-galaxy-a23|Verified
Samsung|Galaxy A23|128 GB / 8 GB RAM|128 GB|8 GB|₹6,440|India|Dofy.in|https://www.dofy.in/in-en/india/sell-old-phone/samsung/samsung-galaxy-a23|Verified
Samsung|Galaxy A23 5G|128 GB / 6 GB RAM|128 GB|6 GB|₹9,020|India|Dofy.in|https://www.dofy.in/in-en/india/sell-old-phone/samsung/samsung-galaxy-a23-5g|Verified
Samsung|Galaxy A23 5G|128 GB / 8 GB RAM|128 GB|8 GB|₹9,430|India|Dofy.in|https://www.dofy.in/in-en/india/sell-old-phone/samsung/samsung-galaxy-a23-5g|Verified
Samsung|Galaxy A25 5G|128 GB / 8 GB RAM|128 GB|8 GB|₹11,310|India|Dofy.in|https://www.dofy.in/in-en/india/sell-old-phone/samsung/samsung-galaxy-a25-5g|Verified
Samsung|Galaxy A25 5G|256 GB / 8 GB RAM|256 GB|8 GB|₹11,770|India|Dofy.in|https://www.dofy.in/in-en/india/sell-old-phone/samsung/samsung-galaxy-a25-5g|Verified
Samsung|Galaxy A26 5G|128 GB / 6 GB RAM|128 GB|6 GB|₹11,350|India|Dofy.in|https://www.dofy.in/in-en/india/sell-old-phone/samsung/samsung-galaxy-a26-5g|Verified
Samsung|Galaxy A26 5G|128 GB / 8 GB RAM|128 GB|8 GB|₹12,060|India|Dofy.in|https://www.dofy.in/in-en/india/sell-old-phone/samsung/samsung-galaxy-a26-5g|Verified
Samsung|Galaxy A26 5G|256 GB / 8 GB RAM|256 GB|8 GB|₹13,240|India|Dofy.in|https://www.dofy.in/in-en/india/sell-old-phone/samsung/samsung-galaxy-a26-5g|Verified
Samsung|Galaxy A27 5G|128 GB / 6 GB RAM|128 GB|6 GB|₹18,300|India|Dofy.in|https://www.dofy.in/in-en/india/sell-old-phone/samsung/samsung-galaxy-a27-5g|Verified
Samsung|Galaxy A27 5G|128 GB / 8 GB RAM|128 GB|8 GB|₹20,250|India|Dofy.in|https://www.dofy.in/in-en/india/sell-old-phone/samsung/samsung-galaxy-a27-5g|Verified
Samsung|Galaxy A27 5G|256 GB / 8 GB RAM|256 GB|8 GB|₹22,500|India|Dofy.in|https://www.dofy.in/in-en/india/sell-old-phone/samsung/samsung-galaxy-a27-5g|Verified
Samsung|Galaxy A30|64 GB / 4 GB RAM|64 GB|4 GB|₹3,370|India|Dofy.in|https://www.dofy.in/in-en/india/sell-old-phone/samsung/samsung-galaxy-a30|Single configuration listed
Samsung|Galaxy A30s|64 GB|64 GB|—|₹3,080|India|Dofy.in|https://www.dofy.in/in-en/india/sell-old-phone/samsung/samsung-galaxy-a30s|Verified
Samsung|Galaxy A30s|128 GB|128 GB|—|₹3,470|India|Dofy.in|https://www.dofy.in/in-en/india/sell-old-phone/samsung/samsung-galaxy-a30s|Verified
Samsung|Galaxy A31|128 GB / 6 GB RAM|128 GB|6 GB|₹4,660|India|Dofy.in|https://www.dofy.in/in-en/india/sell-old-phone/samsung/samsung-galaxy-a31|Single configuration listed
Samsung|Galaxy A32|128 GB / 6 GB RAM|128 GB|6 GB|₹6,150|India|Dofy.in|https://www.dofy.in/in-en/india/sell-old-phone/samsung/samsung-galaxy-a32|Verified
Samsung|Galaxy A32|128 GB / 8 GB RAM|128 GB|8 GB|₹6,150|India|Dofy.in|https://www.dofy.in/in-en/india/sell-old-phone/samsung/samsung-galaxy-a32|Verified
Samsung|Galaxy A34|128 GB / 6 GB RAM|128 GB|6 GB|₹9,450|India|Dofy.in|https://www.dofy.in/in-en/india/sell-old-phone/samsung/samsung-galaxy-a34|Verified
Samsung|Galaxy A34|128 GB / 8 GB RAM|128 GB|8 GB|₹10,490|India|Dofy.in|https://www.dofy.in/in-en/india/sell-old-phone/samsung/samsung-galaxy-a34|Verified
Samsung|Galaxy A34|256 GB / 8 GB RAM|256 GB|8 GB|₹11,490|India|Dofy.in|https://www.dofy.in/in-en/india/sell-old-phone/samsung/samsung-galaxy-a34|Verified
Samsung|Galaxy A35 5G|128 GB / 8 GB RAM|128 GB|8 GB|₹12,800|India|Dofy.in|https://www.dofy.in/in-en/india/sell-old-phone/samsung/samsung-galaxy-a35-5g|Verified
Samsung|Galaxy A35 5G|256 GB / 8 GB RAM|256 GB|8 GB|₹13,320|India|Dofy.in|https://www.dofy.in/in-en/india/sell-old-phone/samsung/samsung-galaxy-a35-5g|Verified
Samsung|Galaxy A36 5G|128 GB / 8 GB RAM|128 GB|8 GB|₹15,770|India|Dofy.in|https://www.dofy.in/in-en/india/sell-old-phone/samsung/samsung-galaxy-a36-5g|Verified
Samsung|Galaxy A36 5G|256 GB / 8 GB RAM|256 GB|8 GB|₹16,710|India|Dofy.in|https://www.dofy.in/in-en/india/sell-old-phone/samsung/samsung-galaxy-a36-5g|Verified
Samsung|Galaxy A36 5G|256 GB / 12 GB RAM|256 GB|12 GB|₹18,220|India|Dofy.in|https://www.dofy.in/in-en/india/sell-old-phone/samsung/samsung-galaxy-a36-5g|Verified
Samsung|Galaxy A37 5G|128 GB / 8 GB RAM|128 GB|8 GB|₹19,150|India|Dofy.in|https://www.dofy.in/in-en/india/sell-old-phone/samsung/samsung-galaxy-a37-5g|Verified
Samsung|Galaxy A37 5G|256 GB / 8 GB RAM|256 GB|8 GB|₹21,860|India|Dofy.in|https://www.dofy.in/in-en/india/sell-old-phone/samsung/samsung-galaxy-a37-5g|Verified
Samsung|Galaxy A37 5G|256 GB / 12 GB RAM|256 GB|12 GB|₹25,450|India|Dofy.in|https://www.dofy.in/in-en/india/sell-old-phone/samsung/samsung-galaxy-a37-5g|Verified
Samsung|Galaxy A50|64 GB / 4 GB RAM|64 GB|4 GB|₹4,050|India|Dofy.in|https://www.dofy.in/in-en/india/sell-old-phone/samsung/samsung-galaxy-a50|Verified
Samsung|Galaxy A50|64 GB / 6 GB RAM|64 GB|6 GB|₹4,190|India|Dofy.in|https://www.dofy.in/in-en/india/sell-old-phone/samsung/samsung-galaxy-a50|Verified
Samsung|Galaxy A50|128 GB / 6 GB RAM|128 GB|6 GB|₹4,470|India|Dofy.in|https://www.dofy.in/in-en/india/sell-old-phone/samsung/samsung-galaxy-a50|Verified
Samsung|Galaxy A50s|128 GB / 4 GB RAM|128 GB|4 GB|₹3,520|India|Dofy.in|https://www.dofy.in/in-en/india/sell-old-phone/samsung/samsung-galaxy-a50s|Verified
Samsung|Galaxy A50s|128 GB / 6 GB RAM|128 GB|6 GB|₹3,980|India|Dofy.in|https://www.dofy.in/in-en/india/sell-old-phone/samsung/samsung-galaxy-a50s|Verified
Samsung|Galaxy A51|128 GB / 6 GB RAM|128 GB|6 GB|₹4,810|India|Dofy.in|https://www.dofy.in/in-en/india/sell-old-phone/samsung/samsung-galaxy-a51|Verified
Samsung|Galaxy A51|128 GB / 8 GB RAM|128 GB|8 GB|₹5,360|India|Dofy.in|https://www.dofy.in/in-en/india/sell-old-phone/samsung/samsung-galaxy-a51|Verified
Samsung|Galaxy A52|128 GB / 6 GB RAM|128 GB|6 GB|₹6,850|India|Dofy.in|https://www.dofy.in/in-en/india/sell-old-phone/samsung/samsung-galaxy-a52|Verified
Samsung|Galaxy A52|128 GB / 8 GB RAM|128 GB|8 GB|₹7,630|India|Dofy.in|https://www.dofy.in/in-en/india/sell-old-phone/samsung/samsung-galaxy-a52|Verified
Samsung|Galaxy A52s 5G|128 GB / 6 GB RAM|128 GB|6 GB|₹9,510|India|Dofy.in|https://www.dofy.in/in-en/india/sell-old-phone/samsung/samsung-galaxy-a52s-5g|Verified
Samsung|Galaxy A52s 5G|128 GB / 8 GB RAM|128 GB|8 GB|₹9,750|India|Dofy.in|https://www.dofy.in/in-en/india/sell-old-phone/samsung/samsung-galaxy-a52s-5g|Verified
Samsung|Galaxy A53 5G|256 GB / 8 GB RAM|256 GB|8 GB|₹9,930|India|Dofy.in|https://www.dofy.in/in-en/india/sell-old-phone/samsung/samsung-galaxy-a53-5g|Single configuration listed
Samsung|Galaxy A54|128 GB / 8 GB RAM|128 GB|8 GB|₹12,740|India|Dofy.in|https://www.dofy.in/in-en/india/sell-old-phone/samsung/samsung-galaxy-a54|Verified
Samsung|Galaxy A54|256 GB / 8 GB RAM|256 GB|8 GB|₹13,890|India|Dofy.in|https://www.dofy.in/in-en/india/sell-old-phone/samsung/samsung-galaxy-a54|Verified
Samsung|Galaxy A55 5G|128 GB / 8 GB RAM|128 GB|8 GB|₹16,490|India|Dofy.in|https://www.dofy.in/in-en/india/sell-old-phone/samsung/samsung-galaxy-a55-5g|Verified
Samsung|Galaxy A55 5G|256 GB / 8 GB RAM|256 GB|8 GB|₹17,250|India|Dofy.in|https://www.dofy.in/in-en/india/sell-old-phone/samsung/samsung-galaxy-a55-5g|Verified
Samsung|Galaxy A55 5G|256 GB / 12 GB RAM|256 GB|12 GB|₹18,270|India|Dofy.in|https://www.dofy.in/in-en/india/sell-old-phone/samsung/samsung-galaxy-a55-5g|Verified
Samsung|Galaxy A56 5G|128 GB / 8 GB RAM|128 GB|8 GB|₹18,220|India|Dofy.in|https://www.dofy.in/in-en/india/sell-old-phone/samsung/samsung-galaxy-a56-5g|Verified
Samsung|Galaxy A56 5G|256 GB / 8 GB RAM|256 GB|8 GB|₹20,210|India|Dofy.in|https://www.dofy.in/in-en/india/sell-old-phone/samsung/samsung-galaxy-a56-5g|Verified
Samsung|Galaxy A56 5G|256 GB / 12 GB RAM|256 GB|12 GB|₹21,340|India|Dofy.in|https://www.dofy.in/in-en/india/sell-old-phone/samsung/samsung-galaxy-a56-5g|Verified
Samsung|Galaxy A57 5G|256 GB / 8 GB RAM|256 GB|8 GB|₹24,380|India|Dofy.in|https://www.dofy.in/in-en/india/sell-old-phone/samsung/samsung-galaxy-a57-5g|Verified
Samsung|Galaxy A57 5G|256 GB / 12 GB RAM|256 GB|12 GB|₹25,780|India|Dofy.in|https://www.dofy.in/in-en/india/sell-old-phone/samsung/samsung-galaxy-a57-5g|Verified
Samsung|Galaxy A7 (2018)|64 GB / 4 GB RAM|64 GB|4 GB|₹2,530|India|Dofy.in|https://www.dofy.in/in-en/india/sell-old-phone/samsung/samsung-galaxy-a7-2018|Single configuration listed
Samsung|Galaxy A70|128 GB / 6 GB RAM|128 GB|6 GB|₹4,690|India|Dofy.in|https://www.dofy.in/in-en/india/sell-old-phone/samsung/samsung-galaxy-a70|Single configuration listed
Samsung|Galaxy A70s|128 GB / 6 GB RAM|128 GB|6 GB|₹4,560|India|Dofy.in|https://www.dofy.in/in-en/india/sell-old-phone/samsung/samsung-galaxy-a70s|Verified
Samsung|Galaxy A70s|128 GB / 8 GB RAM|128 GB|8 GB|₹5,000|India|Dofy.in|https://www.dofy.in/in-en/india/sell-old-phone/samsung/samsung-galaxy-a70s|Verified
Samsung|Galaxy A71|128 GB / 6 GB RAM|128 GB|6 GB|₹5,520|India|Dofy.in|https://www.dofy.in/in-en/india/sell-old-phone/samsung/samsung-galaxy-a71|Verified
Samsung|Galaxy A71|128 GB / 8 GB RAM|128 GB|8 GB|₹6,000|India|Dofy.in|https://www.dofy.in/in-en/india/sell-old-phone/samsung/samsung-galaxy-a71|Verified
Samsung|Galaxy A72|128 GB|128 GB|—|₹8,480|India|Dofy.in|https://www.dofy.in/in-en/india/sell-old-phone/samsung/samsung-galaxy-a72|Verified
Samsung|Galaxy A72|256 GB|256 GB|—|₹9,150|India|Dofy.in|https://www.dofy.in/in-en/india/sell-old-phone/samsung/samsung-galaxy-a72|Verified
Samsung|Galaxy A80|128 GB / 8 GB RAM|128 GB|8 GB|₹6,640|India|Dofy.in|https://www.dofy.in/in-en/india/sell-old-phone/samsung/samsung-galaxy-a80|Single configuration listed
Samsung|Galaxy F02s|32 GB / 3 GB RAM|32 GB|3 GB|₹3,560|India|Dofy.in|https://www.dofy.in/in-en/india/sell-old-phone/samsung/samsung-galaxy-f02s|Verified
Samsung|Galaxy F02s|64 GB / 4 GB RAM|64 GB|4 GB|₹3,770|India|Dofy.in|https://www.dofy.in/in-en/india/sell-old-phone/samsung/samsung-galaxy-f02s|Verified
Samsung|Galaxy F04|64 GB / 4 GB RAM|64 GB|4 GB|₹3,550|India|Dofy.in|https://www.dofy.in/in-en/india/sell-old-phone/samsung/samsung-galaxy-f04|Single configuration listed
Samsung|Galaxy F05|64 GB / 4 GB RAM|64 GB|4 GB|₹4,270|India|Dofy.in|https://www.dofy.in/in-en/india/sell-old-phone/samsung/samsung-galaxy-f05|Single configuration listed
Samsung|Galaxy F06 5G|128 GB / 4 GB RAM|128 GB|4 GB|₹5,560|India|Dofy.in|https://www.dofy.in/in-en/india/sell-old-phone/samsung/samsung-galaxy-f06-5g|Verified
Samsung|Galaxy F06 5G|128 GB / 6 GB RAM|128 GB|6 GB|₹6,190|India|Dofy.in|https://www.dofy.in/in-en/india/sell-old-phone/samsung/samsung-galaxy-f06-5g|Verified
Samsung|Galaxy F07|64 GB / 4 GB RAM|64 GB|4 GB|₹5,290|India|Dofy.in|https://www.dofy.in/in-en/india/sell-old-phone/samsung/samsung-galaxy-f07|Single configuration listed
Samsung|Galaxy F12|64 GB / 4 GB RAM|64 GB|4 GB|₹4,250|India|Dofy.in|https://www.dofy.in/in-en/india/sell-old-phone/samsung/samsung-galaxy-f12|Verified
Samsung|Galaxy F12|128 GB / 4 GB RAM|128 GB|4 GB|₹4,560|India|Dofy.in|https://www.dofy.in/in-en/india/sell-old-phone/samsung/samsung-galaxy-f12|Verified
Samsung|Galaxy F13|64 GB|64 GB|—|₹4,420|India|Dofy.in|https://www.dofy.in/in-en/india/sell-old-phone/samsung/samsung-galaxy-f13|Verified
Samsung|Galaxy F13|128 GB|128 GB|—|₹5,040|India|Dofy.in|https://www.dofy.in/in-en/india/sell-old-phone/samsung/samsung-galaxy-f13|Verified
Samsung|Galaxy F14|64 GB / 4 GB RAM|64 GB|4 GB|₹5,020|India|Dofy.in|https://www.dofy.in/in-en/india/sell-old-phone/samsung/samsung-galaxy-f14|Single configuration listed
Samsung|Galaxy F14 5G|128 GB / 4 GB RAM|128 GB|4 GB|₹6,840|India|Dofy.in|https://www.dofy.in/in-en/india/sell-old-phone/samsung/samsung-galaxy-f14-5g|Verified
Samsung|Galaxy F14 5G|128 GB / 6 GB RAM|128 GB|6 GB|₹6,690|India|Dofy.in|https://www.dofy.in/in-en/india/sell-old-phone/samsung/samsung-galaxy-f14-5g|Verified
Samsung|Galaxy F15 5G|128 GB / 4 GB RAM|128 GB|4 GB|₹7,650|India|Dofy.in|https://www.dofy.in/in-en/india/sell-old-phone/samsung/samsung-galaxy-f15-5g|Verified
Samsung|Galaxy F15 5G|128 GB / 6 GB RAM|128 GB|6 GB|₹8,660|India|Dofy.in|https://www.dofy.in/in-en/india/sell-old-phone/samsung/samsung-galaxy-f15-5g|Verified
Samsung|Galaxy F16 5G|128 GB / 4 GB RAM|128 GB|4 GB|₹8,660|India|Dofy.in|https://www.dofy.in/in-en/india/sell-old-phone/samsung/samsung-galaxy-f16-5g|Verified
Samsung|Galaxy F16 5G|128 GB / 6 GB RAM|128 GB|6 GB|₹8,990|India|Dofy.in|https://www.dofy.in/in-en/india/sell-old-phone/samsung/samsung-galaxy-f16-5g|Verified
Samsung|Galaxy F16 5G|128 GB / 8 GB RAM|128 GB|8 GB|₹9,630|India|Dofy.in|https://www.dofy.in/in-en/india/sell-old-phone/samsung/samsung-galaxy-f16-5g|Verified
Samsung|Galaxy F17 5G|128 GB / 4 GB RAM|128 GB|4 GB|₹9,000|India|Dofy.in|https://www.dofy.in/in-en/india/sell-old-phone/samsung/samsung-galaxy-f17-5g|Verified
Samsung|Galaxy F17 5G|128 GB / 8 GB RAM|128 GB|8 GB|₹9,930|India|Dofy.in|https://www.dofy.in/in-en/india/sell-old-phone/samsung/samsung-galaxy-f17-5g|Verified
Samsung|Galaxy F17 5G|128 GB / 6 GB RAM|128 GB|6 GB|₹9,000|India|Dofy.in|https://www.dofy.in/in-en/india/sell-old-phone/samsung/samsung-galaxy-f17-5g|Verified
Samsung|Galaxy F22|64 GB / 4 GB RAM|64 GB|4 GB|₹4,720|India|Dofy.in|https://www.dofy.in/in-en/india/sell-old-phone/samsung/samsung-galaxy-f22|Verified
Samsung|Galaxy F22|128 GB / 6 GB RAM|128 GB|6 GB|₹5,000|India|Dofy.in|https://www.dofy.in/in-en/india/sell-old-phone/samsung/samsung-galaxy-f22|Verified
Samsung|Galaxy F23 5G|128 GB / 4 GB RAM|128 GB|4 GB|₹6,640|India|Dofy.in|https://www.dofy.in/in-en/india/sell-old-phone/samsung/samsung-galaxy-f23-5g|Verified
Samsung|Galaxy F23 5G|128 GB / 6 GB RAM|128 GB|6 GB|₹7,790|India|Dofy.in|https://www.dofy.in/in-en/india/sell-old-phone/samsung/samsung-galaxy-f23-5g|Verified
Samsung|Galaxy F34 5G|128 GB / 6 GB RAM|128 GB|6 GB|₹9,070|India|Dofy.in|https://www.dofy.in/in-en/india/sell-old-phone/samsung/samsung-galaxy-f34-5g|Verified
Samsung|Galaxy F34 5G|128 GB / 8 GB RAM|128 GB|8 GB|₹9,270|India|Dofy.in|https://www.dofy.in/in-en/india/sell-old-phone/samsung/samsung-galaxy-f34-5g|Verified
Samsung|Galaxy F36 5G|128 GB / 6 GB RAM|128 GB|6 GB|₹11,290|India|Dofy.in|https://www.dofy.in/in-en/india/sell-old-phone/samsung/samsung-galaxy-f36-5g|Verified
Samsung|Galaxy F36 5G|128 GB / 8 GB RAM|128 GB|8 GB|₹12,350|India|Dofy.in|https://www.dofy.in/in-en/india/sell-old-phone/samsung/samsung-galaxy-f36-5g|Verified
Samsung|Galaxy F36 5G|256 GB / 8 GB RAM|256 GB|8 GB|₹13,630|India|Dofy.in|https://www.dofy.in/in-en/india/sell-old-phone/samsung/samsung-galaxy-f36-5g|Verified
Samsung|Galaxy F41|64 GB|64 GB|—|₹3,000|India|Dofy.in|https://www.dofy.in/in-en/india/sell-old-phone/samsung/samsung-galaxy-f41|Verified
Samsung|Galaxy F41|128 GB|128 GB|—|₹3,300|India|Dofy.in|https://www.dofy.in/in-en/india/sell-old-phone/samsung/samsung-galaxy-f41|Verified
Samsung|Galaxy F42 5G|128 GB / 6 GB RAM|128 GB|6 GB|₹8,090|India|Dofy.in|https://www.dofy.in/in-en/india/sell-old-phone/samsung/samsung-galaxy-f42-5g|Verified
Samsung|Galaxy F42 5G|128 GB / 8 GB RAM|128 GB|8 GB|₹8,680|India|Dofy.in|https://www.dofy.in/in-en/india/sell-old-phone/samsung/samsung-galaxy-f42-5g|Verified
Samsung|Galaxy F54|256 GB / 8 GB RAM|256 GB|8 GB|₹10,490|India|Dofy.in|https://www.dofy.in/in-en/india/sell-old-phone/samsung/samsung-galaxy-f54|Single configuration listed
Samsung|Galaxy F55|128 GB / 8 GB RAM|128 GB|8 GB|₹11,140|India|Dofy.in|https://www.dofy.in/in-en/india/sell-old-phone/samsung/samsung-galaxy-f55|Verified
Samsung|Galaxy F55|256 GB / 8 GB RAM|256 GB|8 GB|₹11,790|India|Dofy.in|https://www.dofy.in/in-en/india/sell-old-phone/samsung/samsung-galaxy-f55|Verified
Samsung|Galaxy F55|256 GB / 12 GB RAM|256 GB|12 GB|₹13,180|India|Dofy.in|https://www.dofy.in/in-en/india/sell-old-phone/samsung/samsung-galaxy-f55|Verified
Samsung|Galaxy F56 5G|128 GB / 8 GB RAM|128 GB|8 GB|₹15,470|India|Dofy.in|https://www.dofy.in/in-en/india/sell-old-phone/samsung/samsung-galaxy-f56-5g|Verified
Samsung|Galaxy F56 5G|256 GB / 8 GB RAM|256 GB|8 GB|₹18,370|India|Dofy.in|https://www.dofy.in/in-en/india/sell-old-phone/samsung/samsung-galaxy-f56-5g|Verified
Samsung|Galaxy F62|128 GB / 6 GB RAM|128 GB|6 GB|₹6,410|India|Dofy.in|https://www.dofy.in/in-en/india/sell-old-phone/samsung/samsung-galaxy-f62|Verified
Samsung|Galaxy F62|128 GB / 8 GB RAM|128 GB|8 GB|₹6,700|India|Dofy.in|https://www.dofy.in/in-en/india/sell-old-phone/samsung/samsung-galaxy-f62|Verified
Samsung|Galaxy F70 Pro 5G|128 GB / 6 GB RAM|128 GB|6 GB|₹17,300|India|Dofy.in|https://www.dofy.in/in-en/india/sell-old-phone/samsung/samsung-galaxy-f70-pro-5g|Verified
Samsung|Galaxy F70 Pro 5G|128 GB / 8 GB RAM|128 GB|8 GB|₹19,800|India|Dofy.in|https://www.dofy.in/in-en/india/sell-old-phone/samsung/samsung-galaxy-f70-pro-5g|Verified
Samsung|Galaxy F70 Pro 5G|256 GB / 8 GB RAM|256 GB|8 GB|₹25,610|India|Dofy.in|https://www.dofy.in/in-en/india/sell-old-phone/samsung/samsung-galaxy-f70-pro-5g|Verified
Samsung|Galaxy F70e|128 GB / 4 GB RAM|128 GB|4 GB|₹7,320|India|Dofy.in|https://www.dofy.in/in-en/india/sell-old-phone/samsung/samsung-galaxy-f70e|Verified
Samsung|Galaxy F70e|128 GB / 6 GB RAM|128 GB|6 GB|₹9,150|India|Dofy.in|https://www.dofy.in/in-en/india/sell-old-phone/samsung/samsung-galaxy-f70e|Verified
Samsung|Galaxy Fold|512 GB / 12 GB RAM|512 GB|12 GB|₹5,000|India|Dofy.in|https://www.dofy.in/in-en/india/sell-old-phone/samsung/samsung-galaxy-fold|Single configuration listed
Samsung|Galaxy M01|32 GB / 3 GB RAM|32 GB|3 GB|₹2,870|India|Dofy.in|https://www.dofy.in/in-en/india/sell-old-phone/samsung/samsung-galaxy-m01|Single configuration listed
Samsung|Galaxy M01 Core|16 GB / 1 GB RAM|16 GB|1 GB|₹1,700|India|Dofy.in|https://www.dofy.in/in-en/india/sell-old-phone/samsung/samsung-galaxy-m01-core|Verified
Samsung|Galaxy M01 Core|32 GB / 2 GB RAM|32 GB|2 GB|₹2,190|India|Dofy.in|https://www.dofy.in/in-en/india/sell-old-phone/samsung/samsung-galaxy-m01-core|Verified
Samsung|Galaxy M01s|32 GB / 3 GB RAM|32 GB|3 GB|₹2,770|India|Dofy.in|https://www.dofy.in/in-en/india/sell-old-phone/samsung/samsung-galaxy-m01s|Single configuration listed
Samsung|Galaxy M02|32 GB / 2 GB RAM|32 GB|2 GB|₹3,160|India|Dofy.in|https://www.dofy.in/in-en/india/sell-old-phone/samsung/samsung-galaxy-m02|Verified
Samsung|Galaxy M02|32 GB / 3 GB RAM|32 GB|3 GB|₹3,370|India|Dofy.in|https://www.dofy.in/in-en/india/sell-old-phone/samsung/samsung-galaxy-m02|Verified
Samsung|Galaxy M02s|32 GB / 3 GB RAM|32 GB|3 GB|₹2,870|India|Dofy.in|https://www.dofy.in/in-en/india/sell-old-phone/samsung/samsung-galaxy-m02s|Verified
Samsung|Galaxy M02s|64 GB / 4 GB RAM|64 GB|4 GB|₹3,750|India|Dofy.in|https://www.dofy.in/in-en/india/sell-old-phone/samsung/samsung-galaxy-m02s|Verified
Samsung|Galaxy M04|64 GB / 4 GB RAM|64 GB|4 GB|₹3,670|India|Dofy.in|https://www.dofy.in/in-en/india/sell-old-phone/samsung/samsung-galaxy-m04|Verified
Samsung|Galaxy M04|128 GB / 4 GB RAM|128 GB|4 GB|₹4,360|India|Dofy.in|https://www.dofy.in/in-en/india/sell-old-phone/samsung/samsung-galaxy-m04|Verified
Samsung|Galaxy M05|64 GB / 4 GB RAM|64 GB|4 GB|₹4,710|India|Dofy.in|https://www.dofy.in/in-en/india/sell-old-phone/samsung/samsung-galaxy-m05|Single configuration listed
Samsung|Galaxy M06 5G|128 GB / 4 GB RAM|128 GB|4 GB|₹5,440|India|Dofy.in|https://www.dofy.in/in-en/india/sell-old-phone/samsung/samsung-galaxy-m06-5g|Verified
Samsung|Galaxy M06 5G|128 GB / 6 GB RAM|128 GB|6 GB|₹5,740|India|Dofy.in|https://www.dofy.in/in-en/india/sell-old-phone/samsung/samsung-galaxy-m06-5g|Verified
Samsung|Galaxy M07|64 GB / 4 GB RAM|64 GB|4 GB|₹4,390|India|Dofy.in|https://www.dofy.in/in-en/india/sell-old-phone/samsung/samsung-galaxy-m07|Single configuration listed
Samsung|Galaxy M10|16 GB / 2 GB RAM|16 GB|2 GB|₹2,660|India|Dofy.in|https://www.dofy.in/in-en/india/sell-old-phone/samsung/samsung-galaxy-m10|Verified
Samsung|Galaxy M10|32 GB / 3 GB RAM|32 GB|3 GB|₹3,120|India|Dofy.in|https://www.dofy.in/in-en/india/sell-old-phone/samsung/samsung-galaxy-m10|Verified
Samsung|Galaxy M10s|32 GB / 3 GB RAM|32 GB|3 GB|₹2,840|India|Dofy.in|https://www.dofy.in/in-en/india/sell-old-phone/samsung/samsung-galaxy-m10s|Single configuration listed
Samsung|Galaxy M11|32 GB / 3 GB RAM|32 GB|3 GB|₹2,890|India|Dofy.in|https://www.dofy.in/in-en/india/sell-old-phone/samsung/samsung-galaxy-m11|Verified
Samsung|Galaxy M11|64 GB / 4 GB RAM|64 GB|4 GB|₹3,580|India|Dofy.in|https://www.dofy.in/in-en/india/sell-old-phone/samsung/samsung-galaxy-m11|Verified
Samsung|Galaxy M12|64 GB / 4 GB RAM|64 GB|4 GB|₹4,680|India|Dofy.in|https://www.dofy.in/in-en/india/sell-old-phone/samsung/samsung-galaxy-m12|Verified
Samsung|Galaxy M12|128 GB / 6 GB RAM|128 GB|6 GB|₹5,000|India|Dofy.in|https://www.dofy.in/in-en/india/sell-old-phone/samsung/samsung-galaxy-m12|Verified
Samsung|Galaxy M13|64 GB / 4 GB RAM|64 GB|4 GB|₹4,940|India|Dofy.in|https://www.dofy.in/in-en/india/sell-old-phone/samsung/samsung-galaxy-m13|Verified
Samsung|Galaxy M13|128 GB / 6 GB RAM|128 GB|6 GB|₹5,560|India|Dofy.in|https://www.dofy.in/in-en/india/sell-old-phone/samsung/samsung-galaxy-m13|Verified
Samsung|Galaxy M14 4G|64 GB / 4 GB RAM|64 GB|4 GB|₹5,000|India|Dofy.in|https://www.dofy.in/in-en/india/sell-old-phone/samsung/samsung-galaxy-m14-4g|Verified
Samsung|Galaxy M14 4G|128 GB / 6 GB RAM|128 GB|6 GB|₹6,130|India|Dofy.in|https://www.dofy.in/in-en/india/sell-old-phone/samsung/samsung-galaxy-m14-4g|Verified
Samsung|Galaxy M14 5G|128 GB / 4 GB RAM|128 GB|4 GB|₹7,450|India|Dofy.in|https://www.dofy.in/in-en/india/sell-old-phone/samsung/samsung-galaxy-m14-5g|Verified
Samsung|Galaxy M14 5G|128 GB / 6 GB RAM|128 GB|6 GB|₹7,710|India|Dofy.in|https://www.dofy.in/in-en/india/sell-old-phone/samsung/samsung-galaxy-m14-5g|Verified
Samsung|Galaxy M15|128 GB / 4 GB RAM|128 GB|4 GB|₹7,420|India|Dofy.in|https://www.dofy.in/in-en/india/sell-old-phone/samsung/samsung-galaxy-m15|Verified
Samsung|Galaxy M15|128 GB / 6 GB RAM|128 GB|6 GB|₹8,050|India|Dofy.in|https://www.dofy.in/in-en/india/sell-old-phone/samsung/samsung-galaxy-m15|Verified
Samsung|Galaxy M15|128 GB / 8 GB RAM|128 GB|8 GB|₹8,280|India|Dofy.in|https://www.dofy.in/in-en/india/sell-old-phone/samsung/samsung-galaxy-m15|Verified
Samsung|Galaxy M15 5G Prime Edition|128 GB / 4 GB RAM|128 GB|4 GB|₹7,420|India|Dofy.in|https://www.dofy.in/in-en/india/sell-old-phone/samsung/samsung-galaxy-m15-5g-prime-edition|Verified
Samsung|Galaxy M15 5G Prime Edition|128 GB / 6 GB RAM|128 GB|6 GB|₹8,050|India|Dofy.in|https://www.dofy.in/in-en/india/sell-old-phone/samsung/samsung-galaxy-m15-5g-prime-edition|Verified
Samsung|Galaxy M15 5G Prime Edition|128 GB / 8 GB RAM|128 GB|8 GB|₹8,400|India|Dofy.in|https://www.dofy.in/in-en/india/sell-old-phone/samsung/samsung-galaxy-m15-5g-prime-edition|Verified
Samsung|Galaxy M16 5G|128 GB / 4 GB RAM|128 GB|4 GB|₹7,560|India|Dofy.in|https://www.dofy.in/in-en/india/sell-old-phone/samsung/samsung-galaxy-m16-5g|Verified
Samsung|Galaxy M16 5G|128 GB / 6 GB RAM|128 GB|6 GB|₹8,160|India|Dofy.in|https://www.dofy.in/in-en/india/sell-old-phone/samsung/samsung-galaxy-m16-5g|Verified
Samsung|Galaxy M16 5G|128 GB / 8 GB RAM|128 GB|8 GB|₹9,420|India|Dofy.in|https://www.dofy.in/in-en/india/sell-old-phone/samsung/samsung-galaxy-m16-5g|Verified
Samsung|Galaxy M17 5G|128 GB / 4 GB RAM|128 GB|4 GB|₹8,730|India|Dofy.in|https://www.dofy.in/in-en/india/sell-old-phone/samsung/samsung-galaxy-m17-5g|Verified
Samsung|Galaxy M17 5G|128 GB / 6 GB RAM|128 GB|6 GB|₹10,400|India|Dofy.in|https://www.dofy.in/in-en/india/sell-old-phone/samsung/samsung-galaxy-m17-5g|Verified
Samsung|Galaxy M17 5G|128 GB / 8 GB RAM|128 GB|8 GB|₹10,940|India|Dofy.in|https://www.dofy.in/in-en/india/sell-old-phone/samsung/samsung-galaxy-m17-5g|Verified
Samsung|Galaxy M17e 5G|128 GB / 4 GB RAM|128 GB|4 GB|₹8,760|India|Dofy.in|https://www.dofy.in/in-en/india/sell-old-phone/samsung/samsung-galaxy-m17e-5g|Verified
Samsung|Galaxy M17e 5G|128 GB / 6 GB RAM|128 GB|6 GB|₹10,190|India|Dofy.in|https://www.dofy.in/in-en/india/sell-old-phone/samsung/samsung-galaxy-m17e-5g|Verified
Samsung|Galaxy M20|32 GB / 3 GB RAM|32 GB|3 GB|₹2,620|India|Dofy.in|https://www.dofy.in/in-en/india/sell-old-phone/samsung/samsung-galaxy-m20|Verified
Samsung|Galaxy M20|64 GB / 4 GB RAM|64 GB|4 GB|₹3,210|India|Dofy.in|https://www.dofy.in/in-en/india/sell-old-phone/samsung/samsung-galaxy-m20|Verified
Samsung|Galaxy M21|64 GB / 4 GB RAM|64 GB|4 GB|₹3,000|India|Dofy.in|https://www.dofy.in/in-en/india/sell-old-phone/samsung/samsung-galaxy-m21|Verified
Samsung|Galaxy M21|128 GB / 6 GB RAM|128 GB|6 GB|₹3,300|India|Dofy.in|https://www.dofy.in/in-en/india/sell-old-phone/samsung/samsung-galaxy-m21|Verified
Samsung|Galaxy M30|32 GB / 3 GB RAM|32 GB|3 GB|₹3,160|India|Dofy.in|https://www.dofy.in/in-en/india/sell-old-phone/samsung/samsung-galaxy-m30|Verified
Samsung|Galaxy M30|64 GB / 4 GB RAM|64 GB|4 GB|₹3,510|India|Dofy.in|https://www.dofy.in/in-en/india/sell-old-phone/samsung/samsung-galaxy-m30|Verified
Samsung|Galaxy M30|128 GB / 6 GB RAM|128 GB|6 GB|₹3,750|India|Dofy.in|https://www.dofy.in/in-en/india/sell-old-phone/samsung/samsung-galaxy-m30|Verified
Samsung|Galaxy M30s|64 GB / 4 GB RAM|64 GB|4 GB|₹2,500|India|Dofy.in|https://www.dofy.in/in-en/india/sell-old-phone/samsung/samsung-galaxy-m30s|Verified
Samsung|Galaxy M30s|128 GB / 4 GB RAM|128 GB|4 GB|₹2,700|India|Dofy.in|https://www.dofy.in/in-en/india/sell-old-phone/samsung/samsung-galaxy-m30s|Verified
Samsung|Galaxy M30s|128 GB / 6 GB RAM|128 GB|6 GB|₹3,000|India|Dofy.in|https://www.dofy.in/in-en/india/sell-old-phone/samsung/samsung-galaxy-m30s|Verified
Samsung|Galaxy M31|64 GB / 6 GB RAM|64 GB|6 GB|₹2,500|India|Dofy.in|https://www.dofy.in/in-en/india/sell-old-phone/samsung/samsung-galaxy-m31|Verified
Samsung|Galaxy M31|128 GB / 6 GB RAM|128 GB|6 GB|₹2,700|India|Dofy.in|https://www.dofy.in/in-en/india/sell-old-phone/samsung/samsung-galaxy-m31|Verified
Samsung|Galaxy M31|128 GB / 8 GB RAM|128 GB|8 GB|₹3,000|India|Dofy.in|https://www.dofy.in/in-en/india/sell-old-phone/samsung/samsung-galaxy-m31|Verified
Samsung|Galaxy M31s|128 GB / 6 GB RAM|128 GB|6 GB|₹3,000|India|Dofy.in|https://www.dofy.in/in-en/india/sell-old-phone/samsung/samsung-galaxy-m31s|Verified
Samsung|Galaxy M31s|128 GB / 8 GB RAM|128 GB|8 GB|₹3,500|India|Dofy.in|https://www.dofy.in/in-en/india/sell-old-phone/samsung/samsung-galaxy-m31s|Verified
Samsung|Galaxy M32|64 GB / 4 GB RAM|64 GB|4 GB|₹4,340|India|Dofy.in|https://www.dofy.in/in-en/india/sell-old-phone/samsung/samsung-galaxy-m32|Verified
Samsung|Galaxy M32|128 GB / 6 GB RAM|128 GB|6 GB|₹5,160|India|Dofy.in|https://www.dofy.in/in-en/india/sell-old-phone/samsung/samsung-galaxy-m32|Verified
Samsung|Galaxy M32 5G|128 GB / 6 GB RAM|128 GB|6 GB|₹7,510|India|Dofy.in|https://www.dofy.in/in-en/india/sell-old-phone/samsung/samsung-galaxy-m32-5g|Verified
Samsung|Galaxy M32 5G|128 GB / 8 GB RAM|128 GB|8 GB|₹8,140|India|Dofy.in|https://www.dofy.in/in-en/india/sell-old-phone/samsung/samsung-galaxy-m32-5g|Verified
Samsung|Galaxy M33 5G|128 GB / 6 GB RAM|128 GB|6 GB|₹7,690|India|Dofy.in|https://www.dofy.in/in-en/india/sell-old-phone/samsung/samsung-galaxy-m33-5g|Verified
Samsung|Galaxy M33 5G|128 GB / 8 GB RAM|128 GB|8 GB|₹8,410|India|Dofy.in|https://www.dofy.in/in-en/india/sell-old-phone/samsung/samsung-galaxy-m33-5g|Verified
Samsung|Galaxy M34 5G|128 GB / 6 GB RAM|128 GB|6 GB|₹8,550|India|Dofy.in|https://www.dofy.in/in-en/india/sell-old-phone/samsung/samsung-galaxy-m34-5g|Verified
Samsung|Galaxy M34 5G|128 GB / 8 GB RAM|128 GB|8 GB|₹8,970|India|Dofy.in|https://www.dofy.in/in-en/india/sell-old-phone/samsung/samsung-galaxy-m34-5g|Verified
Samsung|Galaxy M34 5G|256 GB / 8 GB RAM|256 GB|8 GB|₹9,400|India|Dofy.in|https://www.dofy.in/in-en/india/sell-old-phone/samsung/samsung-galaxy-m34-5g|Verified
Samsung|Galaxy M35 5G|128 GB / 6 GB RAM|128 GB|6 GB|₹9,490|India|Dofy.in|https://www.dofy.in/in-en/india/sell-old-phone/samsung/samsung-galaxy-m35-5g|Verified
Samsung|Galaxy M35 5G|128 GB / 8 GB RAM|128 GB|8 GB|₹9,970|India|Dofy.in|https://www.dofy.in/in-en/india/sell-old-phone/samsung/samsung-galaxy-m35-5g|Verified
Samsung|Galaxy M35 5G|256 GB / 8 GB RAM|256 GB|8 GB|₹10,250|India|Dofy.in|https://www.dofy.in/in-en/india/sell-old-phone/samsung/samsung-galaxy-m35-5g|Verified
Samsung|Galaxy M36 5G|128 GB / 6 GB RAM|128 GB|6 GB|₹9,940|India|Dofy.in|https://www.dofy.in/in-en/india/sell-old-phone/samsung/samsung-galaxy-m36-5g|Verified
Samsung|Galaxy M36 5G|128 GB / 8 GB RAM|128 GB|8 GB|₹11,710|India|Dofy.in|https://www.dofy.in/in-en/india/sell-old-phone/samsung/samsung-galaxy-m36-5g|Verified
Samsung|Galaxy M36 5G|256 GB / 8 GB RAM|256 GB|8 GB|₹12,780|India|Dofy.in|https://www.dofy.in/in-en/india/sell-old-phone/samsung/samsung-galaxy-m36-5g|Verified
Samsung|Galaxy M40|128 GB / 6 GB RAM|128 GB|6 GB|₹4,170|India|Dofy.in|https://www.dofy.in/in-en/india/sell-old-phone/samsung/samsung-galaxy-m40|Single configuration listed
Samsung|Galaxy M42 5G|128 GB / 6 GB RAM|128 GB|6 GB|₹7,790|India|Dofy.in|https://www.dofy.in/in-en/india/sell-old-phone/samsung/samsung-galaxy-m42-5g|Verified
Samsung|Galaxy M42 5G|128 GB / 8 GB RAM|128 GB|8 GB|₹8,520|India|Dofy.in|https://www.dofy.in/in-en/india/sell-old-phone/samsung/samsung-galaxy-m42-5g|Verified
Samsung|Galaxy M47 5G|128 GB / 6 GB RAM|128 GB|6 GB|₹14,680|India|Dofy.in|https://www.dofy.in/in-en/india/sell-old-phone/samsung/samsung-galaxy-m47-5g|Verified
Samsung|Galaxy M47 5G|128 GB / 8 GB RAM|128 GB|8 GB|₹16,600|India|Dofy.in|https://www.dofy.in/in-en/india/sell-old-phone/samsung/samsung-galaxy-m47-5g|Verified
Samsung|Galaxy M47 5G|256 GB / 8 GB RAM|256 GB|8 GB|₹21,600|India|Dofy.in|https://www.dofy.in/in-en/india/sell-old-phone/samsung/samsung-galaxy-m47-5g|Verified
Samsung|Galaxy M51|128 GB / 6 GB RAM|128 GB|6 GB|₹5,520|India|Dofy.in|https://www.dofy.in/in-en/india/sell-old-phone/samsung/samsung-galaxy-m51|Verified
Samsung|Galaxy M51|128 GB / 8 GB RAM|128 GB|8 GB|₹5,860|India|Dofy.in|https://www.dofy.in/in-en/india/sell-old-phone/samsung/samsung-galaxy-m51|Verified
Samsung|Galaxy M52 5G|128 GB / 6 GB RAM|128 GB|6 GB|₹9,000|India|Dofy.in|https://www.dofy.in/in-en/india/sell-old-phone/samsung/samsung-galaxy-m52-5g|Verified
Samsung|Galaxy M52 5G|128 GB / 8 GB RAM|128 GB|8 GB|₹9,260|India|Dofy.in|https://www.dofy.in/in-en/india/sell-old-phone/samsung/samsung-galaxy-m52-5g|Verified
Samsung|Galaxy M53 5G|128 GB / 6 GB RAM|128 GB|6 GB|₹9,220|India|Dofy.in|https://www.dofy.in/in-en/india/sell-old-phone/samsung/samsung-galaxy-m53-5g|Verified
Samsung|Galaxy M53 5G|128 GB / 8 GB RAM|128 GB|8 GB|₹9,840|India|Dofy.in|https://www.dofy.in/in-en/india/sell-old-phone/samsung/samsung-galaxy-m53-5g|Verified
Samsung|Galaxy M55|128 GB / 8 GB RAM|128 GB|8 GB|₹12,700|India|Dofy.in|https://www.dofy.in/in-en/india/sell-old-phone/samsung/samsung-galaxy-m55|Verified
Samsung|Galaxy M55|256 GB / 8 GB RAM|256 GB|8 GB|₹13,870|India|Dofy.in|https://www.dofy.in/in-en/india/sell-old-phone/samsung/samsung-galaxy-m55|Verified
Samsung|Galaxy M55|256 GB / 12 GB RAM|256 GB|12 GB|₹14,820|India|Dofy.in|https://www.dofy.in/in-en/india/sell-old-phone/samsung/samsung-galaxy-m55|Verified
Samsung|Galaxy M55s|128 GB / 8 GB RAM|128 GB|8 GB|₹10,990|India|Dofy.in|https://www.dofy.in/in-en/india/sell-old-phone/samsung/samsung-galaxy-m55s|Verified
Samsung|Galaxy M55s|256 GB / 8 GB RAM|256 GB|8 GB|₹12,420|India|Dofy.in|https://www.dofy.in/in-en/india/sell-old-phone/samsung/samsung-galaxy-m55s|Verified
Samsung|Galaxy M56 5G|128 GB / 8 GB RAM|128 GB|8 GB|₹11,610|India|Dofy.in|https://www.dofy.in/in-en/india/sell-old-phone/samsung/samsung-galaxy-m56-5g|Verified
Samsung|Galaxy M56 5G|256 GB / 8 GB RAM|256 GB|8 GB|₹14,080|India|Dofy.in|https://www.dofy.in/in-en/india/sell-old-phone/samsung/samsung-galaxy-m56-5g|Verified
Samsung|Galaxy S20|128 GB / 8 GB RAM|128 GB|8 GB|₹12,500|India|Dofy.in|https://www.dofy.in/in-en/india/sell-old-phone/samsung/samsung-galaxy-s20|Single configuration listed
Samsung|Galaxy S20 FE|128 GB|128 GB|—|₹7,500|India|Dofy.in|https://www.dofy.in/in-en/india/sell-old-phone/samsung/samsung-galaxy-s20-fe|Verified
Samsung|Galaxy S20 FE|256 GB|256 GB|—|₹8,000|India|Dofy.in|https://www.dofy.in/in-en/india/sell-old-phone/samsung/samsung-galaxy-s20-fe|Verified
Samsung|Galaxy S20 FE 5G|128 GB / 8 GB RAM|128 GB|8 GB|₹7,920|India|Dofy.in|https://www.dofy.in/in-en/india/sell-old-phone/samsung/samsung-galaxy-s20-fe-5g|Single configuration listed
Samsung|Galaxy S20 Ultra|128 GB / 12 GB RAM|128 GB|12 GB|₹12,000|India|Dofy.in|https://www.dofy.in/in-en/india/sell-old-phone/samsung/samsung-galaxy-s20-ultra|Single configuration listed
Samsung|Galaxy S20 Ultra 5G|128 GB / 12 GB RAM|128 GB|12 GB|₹12,000|India|Dofy.in|https://www.dofy.in/in-en/india/sell-old-phone/samsung/samsung-galaxy-s20-ultra-5g|Single configuration listed
Samsung|Galaxy S21 FE 5G|128 GB|128 GB|—|₹10,450|India|Dofy.in|https://www.dofy.in/in-en/india/sell-old-phone/samsung/samsung-galaxy-s21-fe-5g|Verified
Samsung|Galaxy S21 FE 5G|256 GB|256 GB|—|₹13,040|India|Dofy.in|https://www.dofy.in/in-en/india/sell-old-phone/samsung/samsung-galaxy-s21-fe-5g|Verified
Samsung|Galaxy S21 Ultra 5G|256 GB / 12 GB RAM|256 GB|12 GB|₹13,000|India|Dofy.in|https://www.dofy.in/in-en/india/sell-old-phone/samsung/samsung-galaxy-s21-ultra-5g|Verified
Samsung|Galaxy S21 Ultra 5G|512 GB / 16 GB RAM|512 GB|16 GB|₹13,500|India|Dofy.in|https://www.dofy.in/in-en/india/sell-old-phone/samsung/samsung-galaxy-s21-ultra-5g|Verified
Samsung|Galaxy S22 5G|128 GB / 8 GB RAM|128 GB|8 GB|₹18,060|India|Dofy.in|https://www.dofy.in/in-en/india/sell-old-phone/samsung/samsung-galaxy-s22-5g|Verified
Samsung|Galaxy S22 5G|256 GB / 8 GB RAM|256 GB|8 GB|₹19,780|India|Dofy.in|https://www.dofy.in/in-en/india/sell-old-phone/samsung/samsung-galaxy-s22-5g|Verified
Samsung|Galaxy S22 Plus 5G|128 GB / 8 GB RAM|128 GB|8 GB|₹20,360|India|Dofy.in|https://www.dofy.in/in-en/india/sell-old-phone/samsung/samsung-galaxy-s22-plus-5g|Verified
Samsung|Galaxy S22 Plus 5G|256 GB / 8 GB RAM|256 GB|8 GB|₹20,760|India|Dofy.in|https://www.dofy.in/in-en/india/sell-old-phone/samsung/samsung-galaxy-s22-plus-5g|Verified
Samsung|Galaxy S22 Ultra 5G|256 GB / 12 GB RAM|256 GB|12 GB|₹28,570|India|Dofy.in|https://www.dofy.in/in-en/india/sell-old-phone/samsung/samsung-galaxy-s22-ultra-5g|Verified
Samsung|Galaxy S22 Ultra 5G|512 GB / 12 GB RAM|512 GB|12 GB|₹28,460|India|Dofy.in|https://www.dofy.in/in-en/india/sell-old-phone/samsung/samsung-galaxy-s22-ultra-5g|Verified
Samsung|Galaxy S22 Ultra 5G|1 TB / 12 GB RAM|1 TB|12 GB|₹30,830|India|Dofy.in|https://www.dofy.in/in-en/india/sell-old-phone/samsung/samsung-galaxy-s22-ultra-5g|Verified
Samsung|Galaxy S23 5G|256 GB / 8 GB RAM|256 GB|8 GB|₹27,430|India|Dofy.in|https://www.dofy.in/in-en/india/sell-old-phone/samsung/samsung-galaxy-s23-5g|Verified
Samsung|Galaxy S23 5G|128 GB / 8 GB RAM|128 GB|8 GB|₹26,710|India|Dofy.in|https://www.dofy.in/in-en/india/sell-old-phone/samsung/samsung-galaxy-s23-5g|Verified
Samsung|Galaxy S23 FE 5G|128 GB / 8 GB RAM|128 GB|8 GB|₹23,750|India|Dofy.in|https://www.dofy.in/in-en/india/sell-old-phone/samsung/samsung-galaxy-s23-fe-5g|Verified
Samsung|Galaxy S23 FE 5G|256 GB / 8 GB RAM|256 GB|8 GB|₹24,400|India|Dofy.in|https://www.dofy.in/in-en/india/sell-old-phone/samsung/samsung-galaxy-s23-fe-5g|Verified
Samsung|Galaxy S23 Plus 5G|256 GB / 8 GB RAM|256 GB|8 GB|₹31,760|India|Dofy.in|https://www.dofy.in/in-en/india/sell-old-phone/samsung/samsung-galaxy-s23-plus-5g|Verified
Samsung|Galaxy S23 Plus 5G|512 GB / 8 GB RAM|512 GB|8 GB|₹32,330|India|Dofy.in|https://www.dofy.in/in-en/india/sell-old-phone/samsung/samsung-galaxy-s23-plus-5g|Verified
Samsung|Galaxy S23 Ultra 5G|256 GB / 12 GB RAM|256 GB|12 GB|₹46,210|India|Dofy.in|https://www.dofy.in/in-en/india/sell-old-phone/samsung/samsung-galaxy-s23-ultra-5g|Verified
Samsung|Galaxy S23 Ultra 5G|512 GB / 12 GB RAM|512 GB|12 GB|₹47,030|India|Dofy.in|https://www.dofy.in/in-en/india/sell-old-phone/samsung/samsung-galaxy-s23-ultra-5g|Verified
Samsung|Galaxy S23 Ultra 5G|1 TB / 12 GB RAM|1 TB|12 GB|₹49,510|India|Dofy.in|https://www.dofy.in/in-en/india/sell-old-phone/samsung/samsung-galaxy-s23-ultra-5g|Verified
Samsung|Galaxy S24|512 GB / 8 GB RAM|512 GB|8 GB|₹35,950|India|Dofy.in|https://www.dofy.in/in-en/india/sell-old-phone/samsung/samsung-galaxy-s24|Verified
Samsung|Galaxy S24|256 GB / 8 GB RAM|256 GB|8 GB|₹34,910|India|Dofy.in|https://www.dofy.in/in-en/india/sell-old-phone/samsung/samsung-galaxy-s24|Verified
Samsung|Galaxy S24|128 GB / 8 GB RAM|128 GB|8 GB|₹32,160|India|Dofy.in|https://www.dofy.in/in-en/india/sell-old-phone/samsung/samsung-galaxy-s24|Verified
Samsung|Galaxy S24 FE|128 GB / 8 GB RAM|128 GB|8 GB|₹23,450|India|Dofy.in|https://www.dofy.in/in-en/india/sell-old-phone/samsung/samsung-galaxy-s24-fe|Verified
Samsung|Galaxy S24 FE|256 GB / 8 GB RAM|256 GB|8 GB|₹25,060|India|Dofy.in|https://www.dofy.in/in-en/india/sell-old-phone/samsung/samsung-galaxy-s24-fe|Verified
Samsung|Galaxy S24 Plus|512 GB / 12 GB RAM|512 GB|12 GB|₹36,120|India|Dofy.in|https://www.dofy.in/in-en/india/sell-old-phone/samsung/samsung-galaxy-s24-plus|Verified
Samsung|Galaxy S24 Plus|256 GB / 12 GB RAM|256 GB|12 GB|₹36,930|India|Dofy.in|https://www.dofy.in/in-en/india/sell-old-phone/samsung/samsung-galaxy-s24-plus|Verified
Samsung|Galaxy S24 Ultra|1 TB / 12 GB RAM|1 TB|12 GB|₹67,080|India|Dofy.in|https://www.dofy.in/in-en/india/sell-old-phone/samsung/samsung-galaxy-s24-ultra|Verified
Samsung|Galaxy S24 Ultra|512 GB / 12 GB RAM|512 GB|12 GB|₹66,460|India|Dofy.in|https://www.dofy.in/in-en/india/sell-old-phone/samsung/samsung-galaxy-s24-ultra|Verified
Samsung|Galaxy S24 Ultra|256 GB / 12 GB RAM|256 GB|12 GB|₹65,420|India|Dofy.in|https://www.dofy.in/in-en/india/sell-old-phone/samsung/samsung-galaxy-s24-ultra|Verified
Samsung|Galaxy S25|256 GB / 12 GB RAM|256 GB|12 GB|₹41,980|India|Dofy.in|https://www.dofy.in/in-en/india/sell-old-phone/samsung/samsung-galaxy-s25|Verified
Samsung|Galaxy S25|512 GB / 12 GB RAM|512 GB|12 GB|₹43,660|India|Dofy.in|https://www.dofy.in/in-en/india/sell-old-phone/samsung/samsung-galaxy-s25|Verified
Samsung|Galaxy S25 Edge|256 GB / 12 GB RAM|256 GB|12 GB|₹38,380|India|Dofy.in|https://www.dofy.in/in-en/india/sell-old-phone/samsung/samsung-galaxy-s25-edge|Verified
Samsung|Galaxy S25 Edge|512 GB / 12 GB RAM|512 GB|12 GB|₹41,850|India|Dofy.in|https://www.dofy.in/in-en/india/sell-old-phone/samsung/samsung-galaxy-s25-edge|Verified
Samsung|Galaxy S25 FE|128 GB / 8 GB RAM|128 GB|8 GB|₹24,000|India|Dofy.in|https://www.dofy.in/in-en/india/sell-old-phone/samsung/samsung-galaxy-s25-fe|Verified
Samsung|Galaxy S25 FE|256 GB / 8 GB RAM|256 GB|8 GB|₹28,430|India|Dofy.in|https://www.dofy.in/in-en/india/sell-old-phone/samsung/samsung-galaxy-s25-fe|Verified
Samsung|Galaxy S25 FE|512 GB / 8 GB RAM|512 GB|8 GB|₹30,380|India|Dofy.in|https://www.dofy.in/in-en/india/sell-old-phone/samsung/samsung-galaxy-s25-fe|Verified
Samsung|Galaxy S25 Plus|256 GB / 12 GB RAM|256 GB|12 GB|₹40,720|India|Dofy.in|https://www.dofy.in/in-en/india/sell-old-phone/samsung/samsung-galaxy-s25-plus|Verified
Samsung|Galaxy S25 Plus|512 GB / 12 GB RAM|512 GB|12 GB|₹43,500|India|Dofy.in|https://www.dofy.in/in-en/india/sell-old-phone/samsung/samsung-galaxy-s25-plus|Verified
Samsung|Galaxy S25 Ultra|256 GB / 12 GB RAM|256 GB|12 GB|₹64,520|India|Dofy.in|https://www.dofy.in/in-en/india/sell-old-phone/samsung/samsung-galaxy-s25-ultra|Verified
Samsung|Galaxy S25 Ultra|512 GB / 12 GB RAM|512 GB|12 GB|₹69,810|India|Dofy.in|https://www.dofy.in/in-en/india/sell-old-phone/samsung/samsung-galaxy-s25-ultra|Verified
Samsung|Galaxy S25 Ultra|1 TB / 12 GB RAM|1 TB|12 GB|₹72,440|India|Dofy.in|https://www.dofy.in/in-en/india/sell-old-phone/samsung/samsung-galaxy-s25-ultra|Verified
Samsung|Galaxy S26|256 GB / 12 GB RAM|256 GB|12 GB|₹48,900|India|Dofy.in|https://www.dofy.in/in-en/india/sell-old-phone/samsung/samsung-galaxy-s26|Verified
Samsung|Galaxy S26|512 GB / 12 GB RAM|512 GB|12 GB|₹59,370|India|Dofy.in|https://www.dofy.in/in-en/india/sell-old-phone/samsung/samsung-galaxy-s26|Verified
Samsung|Galaxy S26 Plus|256 GB / 12 GB RAM|256 GB|12 GB|₹41,500|India|Dofy.in|https://www.dofy.in/in-en/india/sell-old-phone/samsung/samsung-galaxy-s26-plus|Verified
Samsung|Galaxy S26 Plus|512 GB / 12 GB RAM|512 GB|12 GB|₹50,360|India|Dofy.in|https://www.dofy.in/in-en/india/sell-old-phone/samsung/samsung-galaxy-s26-plus|Verified
Samsung|Galaxy S26 Ultra|256 GB / 12 GB RAM|256 GB|12 GB|₹82,670|India|Dofy.in|https://www.dofy.in/in-en/india/sell-old-phone/samsung/samsung-galaxy-s26-ultra|Verified
Samsung|Galaxy S26 Ultra|512 GB / 12 GB RAM|512 GB|12 GB|₹87,590|India|Dofy.in|https://www.dofy.in/in-en/india/sell-old-phone/samsung/samsung-galaxy-s26-ultra|Verified
Samsung|Galaxy S26 Ultra|1 TB / 12 GB RAM|1 TB|12 GB|₹103,340|India|Dofy.in|https://www.dofy.in/in-en/india/sell-old-phone/samsung/samsung-galaxy-s26-ultra|Verified
Samsung|Galaxy Z Flip|256 GB / 8 GB RAM|256 GB|8 GB|₹4,420|India|Dofy.in|https://www.dofy.in/in-en/india/sell-old-phone/samsung/samsung-galaxy-z-flip|Single configuration listed
Samsung|Galaxy Z Flip 4|128 GB / 8 GB RAM|128 GB|8 GB|₹19,100|India|Dofy.in|https://www.dofy.in/in-en/india/sell-old-phone/samsung/samsung-galaxy-z-flip-4|Verified
Samsung|Galaxy Z Flip 4|256 GB / 8 GB RAM|256 GB|8 GB|₹19,950|India|Dofy.in|https://www.dofy.in/in-en/india/sell-old-phone/samsung/samsung-galaxy-z-flip-4|Verified
Samsung|Galaxy Z Flip 6 5G|256 GB / 12 GB RAM|256 GB|12 GB|₹31,280|India|Dofy.in|https://www.dofy.in/in-en/india/sell-old-phone/samsung/samsung-galaxy-z-flip-6-5g|Verified
Samsung|Galaxy Z Flip 6 5G|512 GB / 12 GB RAM|512 GB|12 GB|₹32,060|India|Dofy.in|https://www.dofy.in/in-en/india/sell-old-phone/samsung/samsung-galaxy-z-flip-6-5g|Verified
Samsung|Galaxy Z Flip 7|256 GB / 12 GB RAM|256 GB|12 GB|₹38,940|India|Dofy.in|https://www.dofy.in/in-en/india/sell-old-phone/samsung/samsung-galaxy-z-flip-7|Verified
Samsung|Galaxy Z Flip 7|512 GB / 12 GB RAM|512 GB|12 GB|₹37,120|India|Dofy.in|https://www.dofy.in/in-en/india/sell-old-phone/samsung/samsung-galaxy-z-flip-7|Verified
Samsung|Galaxy Z Flip 7 FE|128 GB / 8 GB RAM|128 GB|8 GB|₹39,100|India|Dofy.in|https://www.dofy.in/in-en/india/sell-old-phone/samsung/samsung-galaxy-z-flip-7-fe|Verified
Samsung|Galaxy Z Flip 7 FE|256 GB / 8 GB RAM|256 GB|8 GB|₹42,400|India|Dofy.in|https://www.dofy.in/in-en/india/sell-old-phone/samsung/samsung-galaxy-z-flip-7-fe|Verified
Samsung|Galaxy Z Flip 8|256 GB / 12 GB RAM|256 GB|12 GB|₹67,850|India|Dofy.in|https://www.dofy.in/in-en/india/sell-old-phone/samsung/samsung-galaxy-z-flip-8|Verified
Samsung|Galaxy Z Flip 8|512 GB / 12 GB RAM|512 GB|12 GB|₹73,720|India|Dofy.in|https://www.dofy.in/in-en/india/sell-old-phone/samsung/samsung-galaxy-z-flip-8|Verified
Samsung|Galaxy Z Flip3 5G|128 GB|128 GB|—|₹10,000|India|Dofy.in|https://www.dofy.in/in-en/india/sell-old-phone/samsung/samsung-galaxy-z-flip3-5g|Verified
Samsung|Galaxy Z Flip3 5G|256 GB|256 GB|—|₹12,000|India|Dofy.in|https://www.dofy.in/in-en/india/sell-old-phone/samsung/samsung-galaxy-z-flip3-5g|Verified
Samsung|Galaxy Z Flip5|256 GB / 8 GB RAM|256 GB|8 GB|₹25,690|India|Dofy.in|https://www.dofy.in/in-en/india/sell-old-phone/samsung/samsung-galaxy-z-flip5|Verified
Samsung|Galaxy Z Flip5|512 GB / 8 GB RAM|512 GB|8 GB|₹27,530|India|Dofy.in|https://www.dofy.in/in-en/india/sell-old-phone/samsung/samsung-galaxy-z-flip5|Verified
Samsung|Galaxy Z Fold 4|256 GB / 12 GB RAM|256 GB|12 GB|₹25,220|India|Dofy.in|https://www.dofy.in/in-en/india/sell-old-phone/samsung/samsung-galaxy-z-fold-4|Verified
Samsung|Galaxy Z Fold 4|512 GB / 12 GB RAM|512 GB|12 GB|₹26,720|India|Dofy.in|https://www.dofy.in/in-en/india/sell-old-phone/samsung/samsung-galaxy-z-fold-4|Verified
Samsung|Galaxy Z Fold 4|1 TB / 12 GB RAM|1 TB|12 GB|₹28,150|India|Dofy.in|https://www.dofy.in/in-en/india/sell-old-phone/samsung/samsung-galaxy-z-fold-4|Verified
Samsung|Galaxy Z Fold 6|256 GB / 12 GB RAM|256 GB|12 GB|₹63,560|India|Dofy.in|https://www.dofy.in/in-en/india/sell-old-phone/samsung/samsung-galaxy-z-fold-6|Verified
Samsung|Galaxy Z Fold 6|512 GB / 12 GB RAM|512 GB|12 GB|₹64,240|India|Dofy.in|https://www.dofy.in/in-en/india/sell-old-phone/samsung/samsung-galaxy-z-fold-6|Verified
Samsung|Galaxy Z Fold 6|1 TB / 12 GB RAM|1 TB|12 GB|₹67,310|India|Dofy.in|https://www.dofy.in/in-en/india/sell-old-phone/samsung/samsung-galaxy-z-fold-6|Verified
Samsung|Galaxy Z Fold 7|256 GB / 12 GB RAM|256 GB|12 GB|₹89,030|India|Dofy.in|https://www.dofy.in/in-en/india/sell-old-phone/samsung/samsung-galaxy-z-fold-7|Verified
Samsung|Galaxy Z Fold 7|512 GB / 12 GB RAM|512 GB|12 GB|₹90,200|India|Dofy.in|https://www.dofy.in/in-en/india/sell-old-phone/samsung/samsung-galaxy-z-fold-7|Verified
Samsung|Galaxy Z Fold 7|1 TB / 16 GB RAM|1 TB|16 GB|₹93,000|India|Dofy.in|https://www.dofy.in/in-en/india/sell-old-phone/samsung/samsung-galaxy-z-fold-7|Verified
Samsung|Galaxy Z Fold 8|256 GB / 12 GB RAM|256 GB|12 GB|₹93,450|India|Dofy.in|https://www.dofy.in/in-en/india/sell-old-phone/samsung/samsung-galaxy-z-fold-8|Verified
Samsung|Galaxy Z Fold 8|512 GB / 12 GB RAM|512 GB|12 GB|₹97,000|India|Dofy.in|https://www.dofy.in/in-en/india/sell-old-phone/samsung/samsung-galaxy-z-fold-8|Verified
Samsung|Galaxy Z Fold 8|1 TB / 16 GB RAM|1 TB|16 GB|₹108,160|India|Dofy.in|https://www.dofy.in/in-en/india/sell-old-phone/samsung/samsung-galaxy-z-fold-8|Verified
Samsung|Galaxy Z Fold 8 Ultra|256 GB / 12 GB RAM|256 GB|12 GB|₹112,000|India|Dofy.in|https://www.dofy.in/in-en/india/sell-old-phone/samsung/samsung-galaxy-z-fold-8-ultra|Verified
Samsung|Galaxy Z Fold 8 Ultra|512 GB / 12 GB RAM|512 GB|12 GB|₹116,000|India|Dofy.in|https://www.dofy.in/in-en/india/sell-old-phone/samsung/samsung-galaxy-z-fold-8-ultra|Verified
Samsung|Galaxy Z Fold 8 Ultra|1 TB / 16 GB RAM|1 TB|16 GB|₹126,000|India|Dofy.in|https://www.dofy.in/in-en/india/sell-old-phone/samsung/samsung-galaxy-z-fold-8-ultra|Verified
Samsung|Galaxy Z Fold2 5G|256 GB / 12 GB RAM|256 GB|12 GB|₹15,000|India|Dofy.in|https://www.dofy.in/in-en/india/sell-old-phone/samsung/samsung-galaxy-z-fold2-5g|Single configuration listed
Samsung|Galaxy Z Fold3 5G|256 GB|256 GB|—|₹23,650|India|Dofy.in|https://www.dofy.in/in-en/india/sell-old-phone/samsung/samsung-galaxy-z-fold3-5g|Verified
Samsung|Galaxy Z Fold3 5G|512 GB|512 GB|—|₹27,000|India|Dofy.in|https://www.dofy.in/in-en/india/sell-old-phone/samsung/samsung-galaxy-z-fold3-5g|Verified
Samsung|Galaxy Z Fold5|256 GB / 12 GB RAM|256 GB|12 GB|₹47,490|India|Dofy.in|https://www.dofy.in/in-en/india/sell-old-phone/samsung/samsung-galaxy-z-fold5|Verified
Samsung|Galaxy Z Fold5|512 GB / 12 GB RAM|512 GB|12 GB|₹47,520|India|Dofy.in|https://www.dofy.in/in-en/india/sell-old-phone/samsung/samsung-galaxy-z-fold5|Verified
Samsung|Galaxy Z Fold5|1 TB / 12 GB RAM|1 TB|12 GB|₹50,090|India|Dofy.in|https://www.dofy.in/in-en/india/sell-old-phone/samsung/samsung-galaxy-z-fold5|Verified
Samsung|M13 5G|64 GB / 4 GB RAM|64 GB|4 GB|₹6,360|India|Dofy.in|https://www.dofy.in/in-en/india/sell-old-phone/samsung/samsung-m13-5g|Verified
Samsung|M13 5G|128 GB / 6 GB RAM|128 GB|6 GB|₹7,200|India|Dofy.in|https://www.dofy.in/in-en/india/sell-old-phone/samsung/samsung-m13-5g|Verified
Tecno|Camon 12 Air|32 GB / 3 GB RAM|32 GB|3 GB|₹2,710|India|Dofy.in|https://www.dofy.in/in-en/india/sell-old-phone/tecno/tecno-camon-12-air|Verified
Tecno|Camon 12 Air|64 GB / 4 GB RAM|64 GB|4 GB|₹2,890|India|Dofy.in|https://www.dofy.in/in-en/india/sell-old-phone/tecno/tecno-camon-12-air|Verified
Tecno|Camon 15|64 GB / 4 GB RAM|64 GB|4 GB|₹3,330|India|Dofy.in|https://www.dofy.in/in-en/india/sell-old-phone/tecno/tecno-camon-15|Single configuration listed
Tecno|Camon 15 Pro|128 GB / 6 GB RAM|128 GB|6 GB|₹3,610|India|Dofy.in|https://www.dofy.in/in-en/india/sell-old-phone/tecno/tecno-camon-15-pro|Single configuration listed
Tecno|Camon 16|64 GB / 4 GB RAM|64 GB|4 GB|₹3,610|India|Dofy.in|https://www.dofy.in/in-en/india/sell-old-phone/tecno/tecno-camon-16|Single configuration listed
Tecno|Camon 16 Premier|128 GB / 8 GB RAM|128 GB|8 GB|₹4,970|India|Dofy.in|https://www.dofy.in/in-en/india/sell-old-phone/tecno/tecno-camon-16-premier|Single configuration listed
Tecno|Camon 17|128 GB / 6 GB RAM|128 GB|6 GB|₹5,420|India|Dofy.in|https://www.dofy.in/in-en/india/sell-old-phone/tecno/tecno-camon-17|Single configuration listed
Tecno|Camon 17 Pro|128 GB / 6 GB RAM|128 GB|6 GB|₹7,040|India|Dofy.in|https://www.dofy.in/in-en/india/sell-old-phone/tecno/tecno-camon-17-pro|Single configuration listed
Tecno|Camon 18|128 GB / 4 GB RAM|128 GB|4 GB|₹4,810|India|Dofy.in|https://www.dofy.in/in-en/india/sell-old-phone/tecno/tecno-camon-18|Single configuration listed
Tecno|Camon 19|128 GB / 6 GB RAM|128 GB|6 GB|₹4,030|India|Dofy.in|https://www.dofy.in/in-en/india/sell-old-phone/tecno/tecno-camon-19|Single configuration listed
Tecno|Camon 19 Neo|128 GB / 6 GB RAM|128 GB|6 GB|₹3,220|India|Dofy.in|https://www.dofy.in/in-en/india/sell-old-phone/tecno/tecno-camon-19-neo|Single configuration listed
Tecno|Camon 19 Pro 5G|128 GB / 8 GB RAM|128 GB|8 GB|₹5,360|India|Dofy.in|https://www.dofy.in/in-en/india/sell-old-phone/tecno/tecno-camon-19-pro-5g|Single configuration listed
Tecno|Camon 19 Pro Mondrian Edtion|128 GB / 8 GB RAM|128 GB|8 GB|₹5,360|India|Dofy.in|https://www.dofy.in/in-en/india/sell-old-phone/tecno/tecno-camon-19-pro-mondrian-edtion|Single configuration listed
Tecno|Camon 20|256 GB / 8 GB RAM|256 GB|8 GB|₹4,810|India|Dofy.in|https://www.dofy.in/in-en/india/sell-old-phone/tecno/tecno-camon-20|Single configuration listed
Tecno|Camon 20 Avocado Art Edition|256 GB / 8 GB RAM|256 GB|8 GB|₹4,790|India|Dofy.in|https://www.dofy.in/in-en/india/sell-old-phone/tecno/tecno-camon-20-avocado-art-edition|Single configuration listed
Tecno|Camon 20 Premier 5G|512 GB / 8 GB RAM|512 GB|8 GB|₹9,080|India|Dofy.in|https://www.dofy.in/in-en/india/sell-old-phone/tecno/tecno-camon-20-premier-5g|Single configuration listed
Tecno|Camon 20 Pro 5G|128 GB / 8 GB RAM|128 GB|8 GB|₹6,630|India|Dofy.in|https://www.dofy.in/in-en/india/sell-old-phone/tecno/tecno-camon-20-pro-5g|Verified
Tecno|Camon 20 Pro 5G|256 GB / 8 GB RAM|256 GB|8 GB|₹6,750|India|Dofy.in|https://www.dofy.in/in-en/india/sell-old-phone/tecno/tecno-camon-20-pro-5g|Verified
Tecno|Camon 30 5G|512 GB / 12 GB RAM|512 GB|12 GB|₹9,630|India|Dofy.in|https://www.dofy.in/in-en/india/sell-old-phone/tecno/tecno-camon-30-5g|Verified
Tecno|Camon 30 5G|256 GB / 8 GB RAM|256 GB|8 GB|₹8,650|India|Dofy.in|https://www.dofy.in/in-en/india/sell-old-phone/tecno/tecno-camon-30-5g|Verified
Tecno|Camon 30 Premier 5G|512 GB / 12 GB RAM|512 GB|12 GB|₹13,680|India|Dofy.in|https://www.dofy.in/in-en/india/sell-old-phone/tecno/tecno-camon-30-premier-5g|Single configuration listed
Tecno|Camon 30S Pro|256 GB / 8 GB RAM|256 GB|8 GB|₹9,720|India|Dofy.in|https://www.dofy.in/in-en/india/sell-old-phone/tecno/tecno-camon-30s-pro|Single configuration listed
Tecno|Camon 40 Premier|256 GB / 12 GB RAM|256 GB|12 GB|₹23,390|India|Dofy.in|https://www.dofy.in/in-en/india/sell-old-phone/tecno/tecno-camon-40-premier|Single configuration listed
Tecno|Camon 50 Ultra 5G|256 GB / 8 GB RAM|256 GB|8 GB|₹26,000|India|Dofy.in|https://www.dofy.in/in-en/india/sell-old-phone/tecno/tecno-camon-50-ultra-5g|Single configuration listed
Tecno|Camon i 2x|64 GB / 4 GB RAM|64 GB|4 GB|₹2,080|India|Dofy.in|https://www.dofy.in/in-en/india/sell-old-phone/tecno/tecno-camon-i-2x|Single configuration listed
Tecno|Camon I Air 2+|32 GB / 2 GB RAM|32 GB|2 GB|₹1,810|India|Dofy.in|https://www.dofy.in/in-en/india/sell-old-phone/tecno/tecno-camon-i-air-2|Single configuration listed
Tecno|Camon i Click|64 GB / 4 GB RAM|64 GB|4 GB|₹1,810|India|Dofy.in|https://www.dofy.in/in-en/india/sell-old-phone/tecno/tecno-camon-i-click|Single configuration listed
Tecno|Camon I Click 2|64 GB / 4 GB RAM|64 GB|4 GB|₹2,260|India|Dofy.in|https://www.dofy.in/in-en/india/sell-old-phone/tecno/tecno-camon-i-click-2|Single configuration listed
Tecno|Camon i Sky 3|32 GB / 2 GB RAM|32 GB|2 GB|₹1,360|India|Dofy.in|https://www.dofy.in/in-en/india/sell-old-phone/tecno/tecno-camon-i-sky-3|Single configuration listed
Tecno|Camon i2|32 GB / 3 GB RAM|32 GB|3 GB|₹1,990|India|Dofy.in|https://www.dofy.in/in-en/india/sell-old-phone/tecno/tecno-camon-i2|Single configuration listed
Tecno|Camon i4|32 GB / 2 GB RAM|32 GB|2 GB|₹1,810|India|Dofy.in|https://www.dofy.in/in-en/india/sell-old-phone/tecno/tecno-camon-i4|Verified
Tecno|Camon i4|32 GB / 4 GB RAM|32 GB|4 GB|₹1,990|India|Dofy.in|https://www.dofy.in/in-en/india/sell-old-phone/tecno/tecno-camon-i4|Verified
Tecno|Camon i4|64 GB / 4 GB RAM|64 GB|4 GB|₹2,260|India|Dofy.in|https://www.dofy.in/in-en/india/sell-old-phone/tecno/tecno-camon-i4|Verified
Tecno|Phantom 9|128 GB / 6 GB RAM|128 GB|6 GB|₹2,800|India|Dofy.in|https://www.dofy.in/in-en/india/sell-old-phone/tecno/tecno-phantom-9|Single configuration listed
Tecno|Phantom V Flip|256 GB / 8 GB RAM|256 GB|8 GB|₹13,860|India|Dofy.in|https://www.dofy.in/in-en/india/sell-old-phone/tecno/tecno-phantom-v-flip|Single configuration listed
Tecno|Phantom V Flip 2|256 GB / 8 GB RAM|256 GB|8 GB|₹23,400|India|Dofy.in|https://www.dofy.in/in-en/india/sell-old-phone/tecno/tecno-phantom-v-flip-2|Single configuration listed
Tecno|Phantom V Fold|256 GB / 12 GB RAM|256 GB|12 GB|₹21,380|India|Dofy.in|https://www.dofy.in/in-en/india/sell-old-phone/tecno/tecno-phantom-v-fold|Single configuration listed
Tecno|Phantom V Fold 2|512 GB / 12 GB RAM|512 GB|12 GB|₹30,350|India|Dofy.in|https://www.dofy.in/in-en/india/sell-old-phone/tecno/tecno-phantom-v-fold-2|Single configuration listed
Tecno|Phantom X|256 GB / 8 GB RAM|256 GB|8 GB|₹6,770|India|Dofy.in|https://www.dofy.in/in-en/india/sell-old-phone/tecno/tecno-phantom-x|Single configuration listed
Tecno|Phantom X2|256 GB / 8 GB RAM|256 GB|8 GB|₹11,250|India|Dofy.in|https://www.dofy.in/in-en/india/sell-old-phone/tecno/tecno-phantom-x2|Single configuration listed
Tecno|Phantom X2 Pro|256 GB / 12 GB RAM|256 GB|12 GB|₹11,810|India|Dofy.in|https://www.dofy.in/in-en/india/sell-old-phone/tecno/tecno-phantom-x2-pro|Single configuration listed
Tecno|Pop 5 Lite|32 GB / 2 GB RAM|32 GB|2 GB|₹1,980|India|Dofy.in|https://www.dofy.in/in-en/india/sell-old-phone/tecno/tecno-pop-5-lite|Single configuration listed
Tecno|Pop 5 Pro|32 GB / 3 GB RAM|32 GB|3 GB|₹2,610|India|Dofy.in|https://www.dofy.in/in-en/india/sell-old-phone/tecno/tecno-pop-5-pro|Single configuration listed
Tecno|Pop 6 Pro|32 GB / 2 GB RAM|32 GB|2 GB|₹1,980|India|Dofy.in|https://www.dofy.in/in-en/india/sell-old-phone/tecno/tecno-pop-6-pro|Single configuration listed
Tecno|Pop 7 Pro|64 GB / 2 GB RAM|64 GB|2 GB|₹2,070|India|Dofy.in|https://www.dofy.in/in-en/india/sell-old-phone/tecno/tecno-pop-7-pro|Verified
Tecno|Pop 7 Pro|64 GB / 3 GB RAM|64 GB|3 GB|₹2,080|India|Dofy.in|https://www.dofy.in/in-en/india/sell-old-phone/tecno/tecno-pop-7-pro|Verified
Tecno|Pop 8|64 GB / 4 GB RAM|64 GB|4 GB|₹2,740|India|Dofy.in|https://www.dofy.in/in-en/india/sell-old-phone/tecno/tecno-pop-8|Single configuration listed
Tecno|Pop 9 5G|64 GB / 4 GB RAM|64 GB|4 GB|₹4,000|India|Dofy.in|https://www.dofy.in/in-en/india/sell-old-phone/tecno/tecno-pop-9-5g|Verified
Tecno|Pop 9 5G|128 GB / 4 GB RAM|128 GB|4 GB|₹4,500|India|Dofy.in|https://www.dofy.in/in-en/india/sell-old-phone/tecno/tecno-pop-9-5g|Verified
Tecno|Pop 9 5G|128 GB / 8 GB RAM|128 GB|8 GB|₹5,000|India|Dofy.in|https://www.dofy.in/in-en/india/sell-old-phone/tecno/tecno-pop-9-5g|Verified
Tecno|Pop X 4G|64 GB / 4 GB RAM|64 GB|4 GB|₹5,410|India|Dofy.in|https://www.dofy.in/in-en/india/sell-old-phone/tecno/tecno-pop-x-4g|Single configuration listed
Tecno|Pop X 5G|128 GB / 4 GB RAM|128 GB|4 GB|₹10,400|India|Dofy.in|https://www.dofy.in/in-en/india/sell-old-phone/tecno/tecno-pop-x-5g|Verified
Tecno|Pop X 5G|128 GB / 6 GB RAM|128 GB|6 GB|₹11,700|India|Dofy.in|https://www.dofy.in/in-en/india/sell-old-phone/tecno/tecno-pop-x-5g|Verified
Tecno|Pova|64 GB / 4 GB RAM|64 GB|4 GB|₹2,380|India|Dofy.in|https://www.dofy.in/in-en/india/sell-old-phone/tecno/tecno-pova|Verified
Tecno|Pova|128 GB / 6 GB RAM|128 GB|6 GB|₹2,570|India|Dofy.in|https://www.dofy.in/in-en/india/sell-old-phone/tecno/tecno-pova|Verified
Tecno|Pova 2|64 GB / 4 GB RAM|64 GB|4 GB|₹2,660|India|Dofy.in|https://www.dofy.in/in-en/india/sell-old-phone/tecno/tecno-pova-2|Verified
Tecno|Pova 2|128 GB / 6 GB RAM|128 GB|6 GB|₹3,330|India|Dofy.in|https://www.dofy.in/in-en/india/sell-old-phone/tecno/tecno-pova-2|Verified
Tecno|Pova 3|64 GB / 4 GB RAM|64 GB|4 GB|₹2,760|India|Dofy.in|https://www.dofy.in/in-en/india/sell-old-phone/tecno/tecno-pova-3|Single configuration listed
Tecno|Pova 4|128 GB / 8 GB RAM|128 GB|8 GB|₹3,140|India|Dofy.in|https://www.dofy.in/in-en/india/sell-old-phone/tecno/tecno-pova-4|Single configuration listed
Tecno|Pova 4 Pro|256 GB / 8 GB RAM|256 GB|8 GB|₹5,230|India|Dofy.in|https://www.dofy.in/in-en/india/sell-old-phone/tecno/tecno-pova-4-pro|Single configuration listed
Tecno|Pova 5 4G|128 GB / 8 GB RAM|128 GB|8 GB|₹3,800|India|Dofy.in|https://www.dofy.in/in-en/india/sell-old-phone/tecno/tecno-pova-5-4g|Single configuration listed
Tecno|Pova 5 Pro|128 GB / 8 GB RAM|128 GB|8 GB|₹4,940|India|Dofy.in|https://www.dofy.in/in-en/india/sell-old-phone/tecno/tecno-pova-5-pro|Verified
Tecno|Pova 5 Pro|256 GB / 8 GB RAM|256 GB|8 GB|₹5,230|India|Dofy.in|https://www.dofy.in/in-en/india/sell-old-phone/tecno/tecno-pova-5-pro|Verified
Tecno|Pova 5G|128 GB / 8 GB RAM|128 GB|8 GB|₹4,280|India|Dofy.in|https://www.dofy.in/in-en/india/sell-old-phone/tecno/tecno-pova-5g|Single configuration listed
Tecno|Pova 6 Neo 5G|128 GB / 6 GB RAM|128 GB|6 GB|₹5,700|India|Dofy.in|https://www.dofy.in/in-en/india/sell-old-phone/tecno/tecno-pova-6-neo-5g|Verified
Tecno|Pova 6 Neo 5G|256 GB / 8 GB RAM|256 GB|8 GB|₹5,890|India|Dofy.in|https://www.dofy.in/in-en/india/sell-old-phone/tecno/tecno-pova-6-neo-5g|Verified
Tecno|Pova 6 Pro 5G|256 GB / 12 GB RAM|256 GB|12 GB|₹6,790|India|Dofy.in|https://www.dofy.in/in-en/india/sell-old-phone/tecno/tecno-pova-6-pro-5g|Single configuration listed
Tecno|Pova 7 5G|128 GB / 8 GB RAM|128 GB|8 GB|₹7,710|India|Dofy.in|https://www.dofy.in/in-en/india/sell-old-phone/tecno/tecno-pova-7-5g|Verified
Tecno|Pova 7 5G|256 GB / 8 GB RAM|256 GB|8 GB|₹8,660|India|Dofy.in|https://www.dofy.in/in-en/india/sell-old-phone/tecno/tecno-pova-7-5g|Verified
Tecno|Pova 7 Pro 5G|128 GB / 8 GB RAM|128 GB|8 GB|₹10,450|India|Dofy.in|https://www.dofy.in/in-en/india/sell-old-phone/tecno/tecno-pova-7-pro-5g|Verified
Tecno|Pova 7 Pro 5G|256 GB / 8 GB RAM|256 GB|8 GB|₹11,000|India|Dofy.in|https://www.dofy.in/in-en/india/sell-old-phone/tecno/tecno-pova-7-pro-5g|Verified
Tecno|Pova 8 5G|128 GB / 6 GB RAM|128 GB|6 GB|₹19,500|India|Dofy.in|https://www.dofy.in/in-en/india/sell-old-phone/tecno/tecno-pova-8-5g|Verified
Tecno|Pova 8 5G|128 GB / 8 GB RAM|128 GB|8 GB|₹20,800|India|Dofy.in|https://www.dofy.in/in-en/india/sell-old-phone/tecno/tecno-pova-8-5g|Verified
Tecno|Pova Curve 2 5G|128 GB / 8 GB RAM|128 GB|8 GB|₹14,500|India|Dofy.in|https://www.dofy.in/in-en/india/sell-old-phone/tecno/tecno-pova-curve-2-5g|Verified
Tecno|Pova Curve 2 5G|256 GB / 8 GB RAM|256 GB|8 GB|₹16,500|India|Dofy.in|https://www.dofy.in/in-en/india/sell-old-phone/tecno/tecno-pova-curve-2-5g|Verified
Tecno|Pova Curve 5G|128 GB / 6 GB RAM|128 GB|6 GB|₹8,000|India|Dofy.in|https://www.dofy.in/in-en/india/sell-old-phone/tecno/tecno-pova-curve-5g|Verified
Tecno|Pova Curve 5G|128 GB / 8 GB RAM|128 GB|8 GB|₹8,500|India|Dofy.in|https://www.dofy.in/in-en/india/sell-old-phone/tecno/tecno-pova-curve-5g|Verified
Tecno|Pova Neo|128 GB / 6 GB RAM|128 GB|6 GB|₹3,180|India|Dofy.in|https://www.dofy.in/in-en/india/sell-old-phone/tecno/tecno-pova-neo|Single configuration listed
Tecno|Pova Neo2|128 GB / 6 GB RAM|128 GB|6 GB|₹4,750|India|Dofy.in|https://www.dofy.in/in-en/india/sell-old-phone/tecno/tecno-pova-neo2|Single configuration listed
Tecno|Pova Slim 5G|128 GB / 8 GB RAM|128 GB|8 GB|₹11,000|India|Dofy.in|https://www.dofy.in/in-en/india/sell-old-phone/tecno/tecno-pova-slim-5g|Single configuration listed
Tecno|Spark 10 4G|128 GB / 8 GB RAM|128 GB|8 GB|₹3,220|India|Dofy.in|https://www.dofy.in/in-en/india/sell-old-phone/tecno/tecno-spark-10-4g|Single configuration listed
Tecno|Spark 10 5G|64 GB / 6 GB RAM|64 GB|6 GB|₹4,680|India|Dofy.in|https://www.dofy.in/in-en/india/sell-old-phone/tecno/tecno-spark-10-5g|Verified
Tecno|Spark 10 5G|128 GB / 8 GB RAM|128 GB|8 GB|₹4,850|India|Dofy.in|https://www.dofy.in/in-en/india/sell-old-phone/tecno/tecno-spark-10-5g|Verified
Tecno|Spark 10 5G|256 GB / 8 GB RAM|256 GB|8 GB|₹5,070|India|Dofy.in|https://www.dofy.in/in-en/india/sell-old-phone/tecno/tecno-spark-10-5g|Verified
Tecno|Spark 10 Pro|128 GB / 8 GB RAM|128 GB|8 GB|₹3,390|India|Dofy.in|https://www.dofy.in/in-en/india/sell-old-phone/tecno/tecno-spark-10-pro|Single configuration listed
Tecno|Spark 10 Pro Moon Explorer Edition|128 GB / 8 GB RAM|128 GB|8 GB|₹3,390|India|Dofy.in|https://www.dofy.in/in-en/india/sell-old-phone/tecno/tecno-spark-10-pro-moon-explorer-edition|Single configuration listed
Tecno|Spark 10C|128 GB / 8 GB RAM|128 GB|8 GB|₹2,900|India|Dofy.in|https://www.dofy.in/in-en/india/sell-old-phone/tecno/tecno-spark-10c|Single configuration listed
Tecno|Spark 20|128 GB / 8 GB RAM|128 GB|8 GB|₹3,190|India|Dofy.in|https://www.dofy.in/in-en/india/sell-old-phone/tecno/tecno-spark-20|Verified
Tecno|Spark 20|256 GB / 8 GB RAM|256 GB|8 GB|₹3,390|India|Dofy.in|https://www.dofy.in/in-en/india/sell-old-phone/tecno/tecno-spark-20|Verified
Tecno|Spark 20 Pro|256 GB / 8 GB RAM|256 GB|8 GB|₹4,890|India|Dofy.in|https://www.dofy.in/in-en/india/sell-old-phone/tecno/tecno-spark-20-pro|Single configuration listed
Tecno|Spark 20 Pro Plus|256 GB / 8 GB RAM|256 GB|8 GB|₹6,770|India|Dofy.in|https://www.dofy.in/in-en/india/sell-old-phone/tecno/tecno-spark-20-pro-plus|Single configuration listed
Tecno|Spark 20C|128 GB / 8 GB RAM|128 GB|8 GB|₹2,860|India|Dofy.in|https://www.dofy.in/in-en/india/sell-old-phone/tecno/tecno-spark-20c|Single configuration listed
Tecno|Spark 30C 5G|64 GB / 4 GB RAM|64 GB|4 GB|₹4,750|India|Dofy.in|https://www.dofy.in/in-en/india/sell-old-phone/tecno/tecno-spark-30c-5g|Verified
Tecno|Spark 30C 5G|128 GB / 4 GB RAM|128 GB|4 GB|₹5,230|India|Dofy.in|https://www.dofy.in/in-en/india/sell-old-phone/tecno/tecno-spark-30c-5g|Verified
Tecno|Spark 4|32 GB / 3 GB RAM|32 GB|3 GB|₹2,010|India|Dofy.in|https://www.dofy.in/in-en/india/sell-old-phone/tecno/tecno-spark-4|Verified
Tecno|Spark 4|64 GB / 4 GB RAM|64 GB|4 GB|₹1,980|India|Dofy.in|https://www.dofy.in/in-en/india/sell-old-phone/tecno/tecno-spark-4|Verified
Tecno|Spark 4 Air|32 GB / 3 GB RAM|32 GB|3 GB|₹1,300|India|Dofy.in|https://www.dofy.in/in-en/india/sell-old-phone/tecno/tecno-spark-4-air|Single configuration listed
Tecno|Spark 5|32 GB / 2 GB RAM|32 GB|2 GB|₹1,920|India|Dofy.in|https://www.dofy.in/in-en/india/sell-old-phone/tecno/tecno-spark-5|Single configuration listed
Tecno|Spark 5 Pro|64 GB / 4 GB RAM|64 GB|4 GB|₹2,600|India|Dofy.in|https://www.dofy.in/in-en/india/sell-old-phone/tecno/tecno-spark-5-pro|Single configuration listed
Tecno|Spark 6 Air|32 GB / 2 GB RAM|32 GB|2 GB|₹2,600|India|Dofy.in|https://www.dofy.in/in-en/india/sell-old-phone/tecno/tecno-spark-6-air|Verified
Tecno|Spark 6 Air|32 GB / 3 GB RAM|32 GB|3 GB|₹2,660|India|Dofy.in|https://www.dofy.in/in-en/india/sell-old-phone/tecno/tecno-spark-6-air|Verified
Tecno|Spark 6 Air|64 GB / 3 GB RAM|64 GB|3 GB|₹2,800|India|Dofy.in|https://www.dofy.in/in-en/india/sell-old-phone/tecno/tecno-spark-6-air|Verified
Tecno|Spark 6 Go|32 GB / 3 GB RAM|32 GB|3 GB|₹2,200|India|Dofy.in|https://www.dofy.in/in-en/india/sell-old-phone/tecno/tecno-spark-6-go|Single configuration listed
Tecno|Spark 7|32 GB / 2 GB RAM|32 GB|2 GB|₹2,260|India|Dofy.in|https://www.dofy.in/in-en/india/sell-old-phone/tecno/tecno-spark-7|Verified
Tecno|Spark 7|64 GB / 3 GB RAM|64 GB|3 GB|₹2,340|India|Dofy.in|https://www.dofy.in/in-en/india/sell-old-phone/tecno/tecno-spark-7|Verified
Tecno|Spark 7 Pro|64 GB / 4 GB RAM|64 GB|4 GB|₹2,600|India|Dofy.in|https://www.dofy.in/in-en/india/sell-old-phone/tecno/tecno-spark-7-pro|Verified
Tecno|Spark 7 Pro|64 GB / 6 GB RAM|64 GB|6 GB|₹3,080|India|Dofy.in|https://www.dofy.in/in-en/india/sell-old-phone/tecno/tecno-spark-7-pro|Verified
Tecno|Spark 7T|64 GB|64 GB|—|₹2,600|India|Dofy.in|https://www.dofy.in/in-en/india/sell-old-phone/tecno/tecno-spark-7t|Verified
Tecno|Spark 7T|128 GB|128 GB|—|₹2,800|India|Dofy.in|https://www.dofy.in/in-en/india/sell-old-phone/tecno/tecno-spark-7t|Verified
Tecno|Spark 8|64 GB / 2 GB RAM|64 GB|2 GB|₹2,600|India|Dofy.in|https://www.dofy.in/in-en/india/sell-old-phone/tecno/tecno-spark-8|Single configuration listed
Tecno|Spark 8 Pro|64 GB / 4 GB RAM|64 GB|4 GB|₹2,550|India|Dofy.in|https://www.dofy.in/in-en/india/sell-old-phone/tecno/tecno-spark-8-pro|Single configuration listed
Tecno|Spark 8C|64 GB / 3 GB RAM|64 GB|3 GB|₹2,640|India|Dofy.in|https://www.dofy.in/in-en/india/sell-old-phone/tecno/tecno-spark-8c|Verified
Tecno|Spark 8C|64 GB / 4 GB RAM|64 GB|4 GB|₹2,830|India|Dofy.in|https://www.dofy.in/in-en/india/sell-old-phone/tecno/tecno-spark-8c|Verified
Tecno|Spark 8P|64 GB / 4 GB RAM|64 GB|4 GB|₹3,110|India|Dofy.in|https://www.dofy.in/in-en/india/sell-old-phone/tecno/tecno-spark-8p|Single configuration listed
Tecno|Spark 8T|64 GB / 4 GB RAM|64 GB|4 GB|₹2,900|India|Dofy.in|https://www.dofy.in/in-en/india/sell-old-phone/tecno/tecno-spark-8t|Single configuration listed
Tecno|Spark 9|64 GB / 3 GB RAM|64 GB|3 GB|₹2,380|India|Dofy.in|https://www.dofy.in/in-en/india/sell-old-phone/tecno/tecno-spark-9|Verified
Tecno|Spark 9|64 GB / 4 GB RAM|64 GB|4 GB|₹2,640|India|Dofy.in|https://www.dofy.in/in-en/india/sell-old-phone/tecno/tecno-spark-9|Verified
Tecno|Spark 9|128 GB / 6 GB RAM|128 GB|6 GB|₹2,760|India|Dofy.in|https://www.dofy.in/in-en/india/sell-old-phone/tecno/tecno-spark-9|Verified
Tecno|Spark 9T|64 GB / 4 GB RAM|64 GB|4 GB|₹2,320|India|Dofy.in|https://www.dofy.in/in-en/india/sell-old-phone/tecno/tecno-spark-9t|Single configuration listed
Tecno|Spark Go|16 GB / 2 GB RAM|16 GB|2 GB|₹1,100|India|Dofy.in|https://www.dofy.in/in-en/india/sell-old-phone/tecno/tecno-spark-go|Single configuration listed
Tecno|Spark Go 1S|64 GB / 3 GB RAM|64 GB|3 GB|₹4,940|India|Dofy.in|https://www.dofy.in/in-en/india/sell-old-phone/tecno/tecno-spark-go-1s|Single configuration listed
Tecno|Spark Go 2020|32 GB / 2 GB RAM|32 GB|2 GB|₹1,500|India|Dofy.in|https://www.dofy.in/in-en/india/sell-old-phone/tecno/tecno-spark-go-2020|Single configuration listed
Tecno|Spark Go 2021|32 GB / 2 GB RAM|32 GB|2 GB|₹2,050|India|Dofy.in|https://www.dofy.in/in-en/india/sell-old-phone/tecno/tecno-spark-go-2021|Single configuration listed
Tecno|Spark Go 2022|32 GB / 2 GB RAM|32 GB|2 GB|₹2,080|India|Dofy.in|https://www.dofy.in/in-en/india/sell-old-phone/tecno/tecno-spark-go-2022|Single configuration listed
Tecno|Spark Go 2023|32 GB / 3 GB RAM|32 GB|3 GB|₹2,260|India|Dofy.in|https://www.dofy.in/in-en/india/sell-old-phone/tecno/tecno-spark-go-2023|Single configuration listed
Tecno|Spark Go 2024|64 GB / 3 GB RAM|64 GB|3 GB|₹2,600|India|Dofy.in|https://www.dofy.in/in-en/india/sell-old-phone/tecno/tecno-spark-go-2024|Verified
Tecno|Spark Go 2024|64 GB / 4 GB RAM|64 GB|4 GB|₹2,710|India|Dofy.in|https://www.dofy.in/in-en/india/sell-old-phone/tecno/tecno-spark-go-2024|Verified
Tecno|Spark Go 5G|128 GB / 4 GB RAM|128 GB|4 GB|₹5,500|India|Dofy.in|https://www.dofy.in/in-en/india/sell-old-phone/tecno/tecno-spark-go-5g|Single configuration listed
Tecno|Spark Go Plus|32 GB / 2 GB RAM|32 GB|2 GB|₹1,620|India|Dofy.in|https://www.dofy.in/in-en/india/sell-old-phone/tecno/tecno-spark-go-plus|Single configuration listed
Tecno|Spark Go1|64 GB / 4 GB RAM|64 GB|4 GB|₹3,130|India|Dofy.in|https://www.dofy.in/in-en/india/sell-old-phone/tecno/tecno-spark-go1|Single configuration listed
Tecno|Spark Power|64 GB / 4 GB RAM|64 GB|4 GB|₹2,440|India|Dofy.in|https://www.dofy.in/in-en/india/sell-old-phone/tecno/tecno-spark-power|Single configuration listed
Tecno|Spark Power 2|32 GB / 2 GB RAM|32 GB|2 GB|₹1,950|India|Dofy.in|https://www.dofy.in/in-en/india/sell-old-phone/tecno/tecno-spark-power-2|Single configuration listed
Tecno|Spark Power 2 Air|64 GB / 4 GB RAM|64 GB|4 GB|₹2,270|India|Dofy.in|https://www.dofy.in/in-en/india/sell-old-phone/tecno/tecno-spark-power-2-air|Single configuration listed
Vivo|NEX|128 GB / 8 GB RAM|128 GB|8 GB|₹6,000|India|Dofy.in|https://www.dofy.in/in-en/india/sell-old-phone/vivo/vivo-nex|Single configuration listed
Vivo|S1|64 GB / 6 GB RAM|64 GB|6 GB|₹5,520|India|Dofy.in|https://www.dofy.in/in-en/india/sell-old-phone/vivo/vivo-s1|Verified
Vivo|S1|128 GB / 6 GB RAM|128 GB|6 GB|₹5,820|India|Dofy.in|https://www.dofy.in/in-en/india/sell-old-phone/vivo/vivo-s1|Verified
Vivo|S1|128 GB / 4 GB RAM|128 GB|4 GB|₹5,740|India|Dofy.in|https://www.dofy.in/in-en/india/sell-old-phone/vivo/vivo-s1|Verified
Vivo|S1 Pro|128 GB / 8 GB RAM|128 GB|8 GB|₹6,350|India|Dofy.in|https://www.dofy.in/in-en/india/sell-old-phone/vivo/vivo-s1-pro|Single configuration listed
Vivo|S2 5G|128 GB / 8 GB RAM|128 GB|8 GB|₹24,000|India|Dofy.in|https://www.dofy.in/in-en/india/sell-old-phone/vivo/vivo-s2-5g|Verified
Vivo|S2 5G|256 GB / 8 GB RAM|256 GB|8 GB|₹27,000|India|Dofy.in|https://www.dofy.in/in-en/india/sell-old-phone/vivo/vivo-s2-5g|Verified
Vivo|T1|128 GB / 4 GB RAM|128 GB|4 GB|₹7,390|India|Dofy.in|https://www.dofy.in/in-en/india/sell-old-phone/vivo/vivo-t1|Verified
Vivo|T1|128 GB / 6 GB RAM|128 GB|6 GB|₹7,580|India|Dofy.in|https://www.dofy.in/in-en/india/sell-old-phone/vivo/vivo-t1|Verified
Vivo|T1|128 GB / 8 GB RAM|128 GB|8 GB|₹7,880|India|Dofy.in|https://www.dofy.in/in-en/india/sell-old-phone/vivo/vivo-t1|Verified
Vivo|T1 5G|128 GB / 4 GB RAM|128 GB|4 GB|₹8,770|India|Dofy.in|https://www.dofy.in/in-en/india/sell-old-phone/vivo/vivo-t1-5g|Verified
Vivo|T1 5G|128 GB / 6 GB RAM|128 GB|6 GB|₹8,870|India|Dofy.in|https://www.dofy.in/in-en/india/sell-old-phone/vivo/vivo-t1-5g|Verified
Vivo|T1 5G|128 GB / 8 GB RAM|128 GB|8 GB|₹9,210|India|Dofy.in|https://www.dofy.in/in-en/india/sell-old-phone/vivo/vivo-t1-5g|Verified
Vivo|T1 Pro|128 GB / 6 GB RAM|128 GB|6 GB|₹10,640|India|Dofy.in|https://www.dofy.in/in-en/india/sell-old-phone/vivo/vivo-t1-pro|Verified
Vivo|T1 Pro|128 GB / 8 GB RAM|128 GB|8 GB|₹10,940|India|Dofy.in|https://www.dofy.in/in-en/india/sell-old-phone/vivo/vivo-t1-pro|Verified
Vivo|T1X|64 GB / 4 GB RAM|64 GB|4 GB|₹5,860|India|Dofy.in|https://www.dofy.in/in-en/india/sell-old-phone/vivo/vivo-t1x|Verified
Vivo|T1X|128 GB / 4 GB RAM|128 GB|4 GB|₹6,300|India|Dofy.in|https://www.dofy.in/in-en/india/sell-old-phone/vivo/vivo-t1x|Verified
Vivo|T1X|128 GB / 6 GB RAM|128 GB|6 GB|₹6,890|India|Dofy.in|https://www.dofy.in/in-en/india/sell-old-phone/vivo/vivo-t1x|Verified
Vivo|T2 5G|128 GB / 6 GB RAM|128 GB|6 GB|₹10,090|India|Dofy.in|https://www.dofy.in/in-en/india/sell-old-phone/vivo/vivo-t2-5g|Verified
Vivo|T2 5G|128 GB / 8 GB RAM|128 GB|8 GB|₹10,630|India|Dofy.in|https://www.dofy.in/in-en/india/sell-old-phone/vivo/vivo-t2-5g|Verified
Vivo|T2 Pro 5G|128 GB / 8 GB RAM|128 GB|8 GB|₹15,590|India|Dofy.in|https://www.dofy.in/in-en/india/sell-old-phone/vivo/vivo-t2-pro-5g|Verified
Vivo|T2 Pro 5G|256 GB / 8 GB RAM|256 GB|8 GB|₹15,970|India|Dofy.in|https://www.dofy.in/in-en/india/sell-old-phone/vivo/vivo-t2-pro-5g|Verified
Vivo|T2X 5G|128 GB / 4 GB RAM|128 GB|4 GB|₹8,400|India|Dofy.in|https://www.dofy.in/in-en/india/sell-old-phone/vivo/vivo-t2x-5g|Verified
Vivo|T2X 5G|128 GB / 6 GB RAM|128 GB|6 GB|₹9,390|India|Dofy.in|https://www.dofy.in/in-en/india/sell-old-phone/vivo/vivo-t2x-5g|Verified
Vivo|T2X 5G|128 GB / 8 GB RAM|128 GB|8 GB|₹10,070|India|Dofy.in|https://www.dofy.in/in-en/india/sell-old-phone/vivo/vivo-t2x-5g|Verified
Vivo|T3 5G|128 GB / 8 GB RAM|128 GB|8 GB|₹11,620|India|Dofy.in|https://www.dofy.in/in-en/india/sell-old-phone/vivo/vivo-t3-5g|Verified
Vivo|T3 5G|256 GB / 8 GB RAM|256 GB|8 GB|₹11,800|India|Dofy.in|https://www.dofy.in/in-en/india/sell-old-phone/vivo/vivo-t3-5g|Verified
Vivo|T3 Lite 5G|128 GB / 4 GB RAM|128 GB|4 GB|₹6,180|India|Dofy.in|https://www.dofy.in/in-en/india/sell-old-phone/vivo/vivo-t3-lite-5g|Verified
Vivo|T3 Lite 5G|128 GB / 6 GB RAM|128 GB|6 GB|₹7,320|India|Dofy.in|https://www.dofy.in/in-en/india/sell-old-phone/vivo/vivo-t3-lite-5g|Verified
Vivo|T3 Pro 5G|128 GB / 8 GB RAM|128 GB|8 GB|₹14,880|India|Dofy.in|https://www.dofy.in/in-en/india/sell-old-phone/vivo/vivo-t3-pro-5g|Verified
Vivo|T3 Pro 5G|256 GB / 8 GB RAM|256 GB|8 GB|₹16,900|India|Dofy.in|https://www.dofy.in/in-en/india/sell-old-phone/vivo/vivo-t3-pro-5g|Verified
Vivo|T3 Ultra 5G|128 GB / 8 GB RAM|128 GB|8 GB|₹16,890|India|Dofy.in|https://www.dofy.in/in-en/india/sell-old-phone/vivo/vivo-t3-ultra-5g|Verified
Vivo|T3 Ultra 5G|256 GB / 8 GB RAM|256 GB|8 GB|₹18,310|India|Dofy.in|https://www.dofy.in/in-en/india/sell-old-phone/vivo/vivo-t3-ultra-5g|Verified
Vivo|T3 Ultra 5G|256 GB / 12 GB RAM|256 GB|12 GB|₹19,270|India|Dofy.in|https://www.dofy.in/in-en/india/sell-old-phone/vivo/vivo-t3-ultra-5g|Verified
Vivo|T3X 5G|128 GB / 4 GB RAM|128 GB|4 GB|₹8,840|India|Dofy.in|https://www.dofy.in/in-en/india/sell-old-phone/vivo/vivo-t3x-5g|Verified
Vivo|T3X 5G|128 GB / 6 GB RAM|128 GB|6 GB|₹10,210|India|Dofy.in|https://www.dofy.in/in-en/india/sell-old-phone/vivo/vivo-t3x-5g|Verified
Vivo|T3X 5G|128 GB / 8 GB RAM|128 GB|8 GB|₹10,560|India|Dofy.in|https://www.dofy.in/in-en/india/sell-old-phone/vivo/vivo-t3x-5g|Verified
Vivo|T4 5G|128 GB / 8 GB RAM|128 GB|8 GB|₹15,790|India|Dofy.in|https://www.dofy.in/in-en/india/sell-old-phone/vivo/vivo-t4-5g|Verified
Vivo|T4 5G|256 GB / 8 GB RAM|256 GB|8 GB|₹16,970|India|Dofy.in|https://www.dofy.in/in-en/india/sell-old-phone/vivo/vivo-t4-5g|Verified
Vivo|T4 5G|256 GB / 12 GB RAM|256 GB|12 GB|₹17,420|India|Dofy.in|https://www.dofy.in/in-en/india/sell-old-phone/vivo/vivo-t4-5g|Verified
Vivo|T4 Lite 5G|128 GB / 4 GB RAM|128 GB|4 GB|₹7,430|India|Dofy.in|https://www.dofy.in/in-en/india/sell-old-phone/vivo/vivo-t4-lite-5g|Verified
Vivo|T4 Lite 5G|128 GB / 6 GB RAM|128 GB|6 GB|₹7,920|India|Dofy.in|https://www.dofy.in/in-en/india/sell-old-phone/vivo/vivo-t4-lite-5g|Verified
Vivo|T4 Lite 5G|256 GB / 8 GB RAM|256 GB|8 GB|₹9,060|India|Dofy.in|https://www.dofy.in/in-en/india/sell-old-phone/vivo/vivo-t4-lite-5g|Verified
Vivo|T4 Pro 5G|128 GB / 8 GB RAM|128 GB|8 GB|₹17,910|India|Dofy.in|https://www.dofy.in/in-en/india/sell-old-phone/vivo/vivo-t4-pro-5g|Verified
Vivo|T4 Pro 5G|256 GB / 8 GB RAM|256 GB|8 GB|₹19,140|India|Dofy.in|https://www.dofy.in/in-en/india/sell-old-phone/vivo/vivo-t4-pro-5g|Verified
Vivo|T4 Pro 5G|256 GB / 12 GB RAM|256 GB|12 GB|₹20,170|India|Dofy.in|https://www.dofy.in/in-en/india/sell-old-phone/vivo/vivo-t4-pro-5g|Verified
Vivo|T4 Ultra|256 GB / 8 GB RAM|256 GB|8 GB|₹23,420|India|Dofy.in|https://www.dofy.in/in-en/india/sell-old-phone/vivo/vivo-t4-ultra|Verified
Vivo|T4 Ultra|256 GB / 12 GB RAM|256 GB|12 GB|₹24,500|India|Dofy.in|https://www.dofy.in/in-en/india/sell-old-phone/vivo/vivo-t4-ultra|Verified
Vivo|T4 Ultra|512 GB / 12 GB RAM|512 GB|12 GB|₹25,680|India|Dofy.in|https://www.dofy.in/in-en/india/sell-old-phone/vivo/vivo-t4-ultra|Verified
Vivo|T4R 5G|128 GB / 8 GB RAM|128 GB|8 GB|₹13,650|India|Dofy.in|https://www.dofy.in/in-en/india/sell-old-phone/vivo/vivo-t4r-5g|Verified
Vivo|T4R 5G|256 GB / 8 GB RAM|256 GB|8 GB|₹15,300|India|Dofy.in|https://www.dofy.in/in-en/india/sell-old-phone/vivo/vivo-t4r-5g|Verified
Vivo|T4R 5G|256 GB / 12 GB RAM|256 GB|12 GB|₹16,180|India|Dofy.in|https://www.dofy.in/in-en/india/sell-old-phone/vivo/vivo-t4r-5g|Verified
Vivo|T4x 5G|128 GB / 6 GB RAM|128 GB|6 GB|₹10,140|India|Dofy.in|https://www.dofy.in/in-en/india/sell-old-phone/vivo/vivo-t4x-5g|Verified
Vivo|T4x 5G|128 GB / 8 GB RAM|128 GB|8 GB|₹10,920|India|Dofy.in|https://www.dofy.in/in-en/india/sell-old-phone/vivo/vivo-t4x-5g|Verified
Vivo|T4x 5G|256 GB / 8 GB RAM|256 GB|8 GB|₹11,510|India|Dofy.in|https://www.dofy.in/in-en/india/sell-old-phone/vivo/vivo-t4x-5g|Verified
Vivo|T5 Lite 5G|128 GB / 4 GB RAM|128 GB|4 GB|₹11,790|India|Dofy.in|https://www.dofy.in/in-en/india/sell-old-phone/vivo/vivo-t5-lite-5g|Verified
Vivo|T5 Lite 5G|128 GB / 6 GB RAM|128 GB|6 GB|₹12,970|India|Dofy.in|https://www.dofy.in/in-en/india/sell-old-phone/vivo/vivo-t5-lite-5g|Verified
Vivo|T5 Lite 5G|256 GB / 6 GB RAM|256 GB|6 GB|₹14,740|India|Dofy.in|https://www.dofy.in/in-en/india/sell-old-phone/vivo/vivo-t5-lite-5g|Verified
Vivo|T5 Pro 5G|128 GB / 8 GB RAM|128 GB|8 GB|₹20,140|India|Dofy.in|https://www.dofy.in/in-en/india/sell-old-phone/vivo/vivo-t5-pro-5g|Verified
Vivo|T5 Pro 5G|256 GB / 8 GB RAM|256 GB|8 GB|₹22,420|India|Dofy.in|https://www.dofy.in/in-en/india/sell-old-phone/vivo/vivo-t5-pro-5g|Verified
Vivo|T5 Pro 5G|256 GB / 12 GB RAM|256 GB|12 GB|₹26,000|India|Dofy.in|https://www.dofy.in/in-en/india/sell-old-phone/vivo/vivo-t5-pro-5g|Verified
Vivo|T5e|64 GB / 4 GB RAM|64 GB|4 GB|₹8,400|India|Dofy.in|https://www.dofy.in/in-en/india/sell-old-phone/vivo/vivo-t5e|Single configuration listed
Vivo|T5x 5G|128 GB / 6 GB RAM|128 GB|6 GB|₹13,830|India|Dofy.in|https://www.dofy.in/in-en/india/sell-old-phone/vivo/vivo-t5x-5g|Verified
Vivo|T5x 5G|128 GB / 8 GB RAM|128 GB|8 GB|₹16,780|India|Dofy.in|https://www.dofy.in/in-en/india/sell-old-phone/vivo/vivo-t5x-5g|Verified
Vivo|T5x 5G|256 GB / 8 GB RAM|256 GB|8 GB|₹17,570|India|Dofy.in|https://www.dofy.in/in-en/india/sell-old-phone/vivo/vivo-t5x-5g|Verified
Vivo|U10|64 GB / 4 GB RAM|64 GB|4 GB|₹4,660|India|Dofy.in|https://www.dofy.in/in-en/india/sell-old-phone/vivo/vivo-u10|Verified
Vivo|U10|32 GB / 3 GB RAM|32 GB|3 GB|₹3,860|India|Dofy.in|https://www.dofy.in/in-en/india/sell-old-phone/vivo/vivo-u10|Verified
Vivo|U10|64 GB / 3 GB RAM|64 GB|3 GB|₹4,170|India|Dofy.in|https://www.dofy.in/in-en/india/sell-old-phone/vivo/vivo-u10|Verified
Vivo|U20|64 GB / 4 GB RAM|64 GB|4 GB|₹4,560|India|Dofy.in|https://www.dofy.in/in-en/india/sell-old-phone/vivo/vivo-u20|Verified
Vivo|U20|64 GB / 6 GB RAM|64 GB|6 GB|₹4,910|India|Dofy.in|https://www.dofy.in/in-en/india/sell-old-phone/vivo/vivo-u20|Verified
Vivo|U20|128 GB / 8 GB RAM|128 GB|8 GB|₹5,360|India|Dofy.in|https://www.dofy.in/in-en/india/sell-old-phone/vivo/vivo-u20|Verified
Vivo|V11|64 GB / 6 GB RAM|64 GB|6 GB|₹3,630|India|Dofy.in|https://www.dofy.in/in-en/india/sell-old-phone/vivo/vivo-v11|Single configuration listed
Vivo|V11 Pro|64 GB / 6 GB RAM|64 GB|6 GB|₹4,660|India|Dofy.in|https://www.dofy.in/in-en/india/sell-old-phone/vivo/vivo-v11-pro|Single configuration listed
Vivo|V15|64 GB / 6 GB RAM|64 GB|6 GB|₹5,660|India|Dofy.in|https://www.dofy.in/in-en/india/sell-old-phone/vivo/vivo-v15|Verified
Vivo|V15|128 GB / 6 GB RAM|128 GB|6 GB|₹5,750|India|Dofy.in|https://www.dofy.in/in-en/india/sell-old-phone/vivo/vivo-v15|Verified
Vivo|V15 Pro|128 GB / 6 GB RAM|128 GB|6 GB|₹6,000|India|Dofy.in|https://www.dofy.in/in-en/india/sell-old-phone/vivo/vivo-v15-pro|Verified
Vivo|V15 Pro|128 GB / 8 GB RAM|128 GB|8 GB|₹6,190|India|Dofy.in|https://www.dofy.in/in-en/india/sell-old-phone/vivo/vivo-v15-pro|Verified
Vivo|V17|128 GB / 8 GB RAM|128 GB|8 GB|₹7,240|India|Dofy.in|https://www.dofy.in/in-en/india/sell-old-phone/vivo/vivo-v17|Single configuration listed
Vivo|V17 Pro|128 GB / 8 GB RAM|128 GB|8 GB|₹7,790|India|Dofy.in|https://www.dofy.in/in-en/india/sell-old-phone/vivo/vivo-v17-pro|Single configuration listed
Vivo|V19|128 GB|128 GB|—|₹7,380|India|Dofy.in|https://www.dofy.in/in-en/india/sell-old-phone/vivo/vivo-v19|Verified
Vivo|V19|256 GB|256 GB|—|₹7,980|India|Dofy.in|https://www.dofy.in/in-en/india/sell-old-phone/vivo/vivo-v19|Verified
Vivo|V20|128 GB|128 GB|—|₹8,070|India|Dofy.in|https://www.dofy.in/in-en/india/sell-old-phone/vivo/vivo-v20|Verified
Vivo|V20|256 GB|256 GB|—|₹8,270|India|Dofy.in|https://www.dofy.in/in-en/india/sell-old-phone/vivo/vivo-v20|Verified
Vivo|V20 2021|128 GB / 8 GB RAM|128 GB|8 GB|₹7,290|India|Dofy.in|https://www.dofy.in/in-en/india/sell-old-phone/vivo/vivo-v20-2021|Verified
Vivo|V20 2021|256 GB / 8 GB RAM|256 GB|8 GB|₹8,270|India|Dofy.in|https://www.dofy.in/in-en/india/sell-old-phone/vivo/vivo-v20-2021|Verified
Vivo|V20 Pro|128 GB / 8 GB RAM|128 GB|8 GB|₹9,810|India|Dofy.in|https://www.dofy.in/in-en/india/sell-old-phone/vivo/vivo-v20-pro|Single configuration listed
Vivo|V20 SE|128 GB / 8 GB RAM|128 GB|8 GB|₹7,440|India|Dofy.in|https://www.dofy.in/in-en/india/sell-old-phone/vivo/vivo-v20-se|Single configuration listed
Vivo|V21 5G|128 GB|128 GB|—|₹10,890|India|Dofy.in|https://www.dofy.in/in-en/india/sell-old-phone/vivo/vivo-v21-5g|Verified
Vivo|V21 5G|256 GB|256 GB|—|₹11,280|India|Dofy.in|https://www.dofy.in/in-en/india/sell-old-phone/vivo/vivo-v21-5g|Verified
Vivo|V21e 5G|128 GB|128 GB|—|₹9,460|India|Dofy.in|https://www.dofy.in/in-en/india/sell-old-phone/vivo/vivo-v21e-5g|Verified
Vivo|V21e 5G|256 GB|256 GB|—|₹9,620|India|Dofy.in|https://www.dofy.in/in-en/india/sell-old-phone/vivo/vivo-v21e-5g|Verified
Vivo|V23 5G|128 GB / 8 GB RAM|128 GB|8 GB|₹12,180|India|Dofy.in|https://www.dofy.in/in-en/india/sell-old-phone/vivo/vivo-v23-5g|Verified
Vivo|V23 5G|256 GB / 12 GB RAM|256 GB|12 GB|₹13,140|India|Dofy.in|https://www.dofy.in/in-en/india/sell-old-phone/vivo/vivo-v23-5g|Verified
Vivo|V23 Pro|128 GB / 8 GB RAM|128 GB|8 GB|₹13,000|India|Dofy.in|https://www.dofy.in/in-en/india/sell-old-phone/vivo/vivo-v23-pro|Verified
Vivo|V23 Pro|256 GB / 12 GB RAM|256 GB|12 GB|₹13,500|India|Dofy.in|https://www.dofy.in/in-en/india/sell-old-phone/vivo/vivo-v23-pro|Verified
Vivo|V23e 5G|128 GB / 8 GB RAM|128 GB|8 GB|₹10,800|India|Dofy.in|https://www.dofy.in/in-en/india/sell-old-phone/vivo/vivo-v23e-5g|Single configuration listed
Vivo|V25|128 GB / 8 GB RAM|128 GB|8 GB|₹12,470|India|Dofy.in|https://www.dofy.in/in-en/india/sell-old-phone/vivo/vivo-v25|Verified
Vivo|V25|256 GB / 12 GB RAM|256 GB|12 GB|₹13,620|India|Dofy.in|https://www.dofy.in/in-en/india/sell-old-phone/vivo/vivo-v25|Verified
Vivo|V25 Pro|128 GB / 8 GB RAM|128 GB|8 GB|₹13,840|India|Dofy.in|https://www.dofy.in/in-en/india/sell-old-phone/vivo/vivo-v25-pro|Verified
Vivo|V25 Pro|256 GB / 12 GB RAM|256 GB|12 GB|₹14,540|India|Dofy.in|https://www.dofy.in/in-en/india/sell-old-phone/vivo/vivo-v25-pro|Verified
Vivo|V27|128 GB / 8 GB RAM|128 GB|8 GB|₹12,930|India|Dofy.in|https://www.dofy.in/in-en/india/sell-old-phone/vivo/vivo-v27|Verified
Vivo|V27|256 GB / 12 GB RAM|256 GB|12 GB|₹15,340|India|Dofy.in|https://www.dofy.in/in-en/india/sell-old-phone/vivo/vivo-v27|Verified
Vivo|V27 Pro|128 GB / 8 GB RAM|128 GB|8 GB|₹15,910|India|Dofy.in|https://www.dofy.in/in-en/india/sell-old-phone/vivo/vivo-v27-pro|Verified
Vivo|V27 Pro|256 GB / 8 GB RAM|256 GB|8 GB|₹16,670|India|Dofy.in|https://www.dofy.in/in-en/india/sell-old-phone/vivo/vivo-v27-pro|Verified
Vivo|V27 Pro|256 GB / 12 GB RAM|256 GB|12 GB|₹17,910|India|Dofy.in|https://www.dofy.in/in-en/india/sell-old-phone/vivo/vivo-v27-pro|Verified
Vivo|V29|128 GB / 8 GB RAM|128 GB|8 GB|₹15,820|India|Dofy.in|https://www.dofy.in/in-en/india/sell-old-phone/vivo/vivo-v29|Verified
Vivo|V29|256 GB / 12 GB RAM|256 GB|12 GB|₹16,380|India|Dofy.in|https://www.dofy.in/in-en/india/sell-old-phone/vivo/vivo-v29|Verified
Vivo|V29 Pro|256 GB / 8 GB RAM|256 GB|8 GB|₹18,350|India|Dofy.in|https://www.dofy.in/in-en/india/sell-old-phone/vivo/vivo-v29-pro|Verified
Vivo|V29 Pro|256 GB / 12 GB RAM|256 GB|12 GB|₹18,580|India|Dofy.in|https://www.dofy.in/in-en/india/sell-old-phone/vivo/vivo-v29-pro|Verified
Vivo|V29e|128 GB / 8 GB RAM|128 GB|8 GB|₹15,020|India|Dofy.in|https://www.dofy.in/in-en/india/sell-old-phone/vivo/vivo-v29e|Verified
Vivo|V29e|256 GB / 8 GB RAM|256 GB|8 GB|₹15,930|India|Dofy.in|https://www.dofy.in/in-en/india/sell-old-phone/vivo/vivo-v29e|Verified
Vivo|V30 5G|128 GB / 8 GB RAM|128 GB|8 GB|₹17,810|India|Dofy.in|https://www.dofy.in/in-en/india/sell-old-phone/vivo/vivo-v30-5g|Verified
Vivo|V30 5G|256 GB / 8 GB RAM|256 GB|8 GB|₹18,670|India|Dofy.in|https://www.dofy.in/in-en/india/sell-old-phone/vivo/vivo-v30-5g|Verified
Vivo|V30 5G|256 GB / 12 GB RAM|256 GB|12 GB|₹18,870|India|Dofy.in|https://www.dofy.in/in-en/india/sell-old-phone/vivo/vivo-v30-5g|Verified
Vivo|V30 Pro 5G|256 GB / 8 GB RAM|256 GB|8 GB|₹20,390|India|Dofy.in|https://www.dofy.in/in-en/india/sell-old-phone/vivo/vivo-v30-pro-5g|Verified
Vivo|V30 Pro 5G|512 GB / 12 GB RAM|512 GB|12 GB|₹21,690|India|Dofy.in|https://www.dofy.in/in-en/india/sell-old-phone/vivo/vivo-v30-pro-5g|Verified
Vivo|V30e|128 GB / 8 GB RAM|128 GB|8 GB|₹16,390|India|Dofy.in|https://www.dofy.in/in-en/india/sell-old-phone/vivo/vivo-v30e|Verified
Vivo|V30e|256 GB / 8 GB RAM|256 GB|8 GB|₹16,690|India|Dofy.in|https://www.dofy.in/in-en/india/sell-old-phone/vivo/vivo-v30e|Verified
Vivo|V40 5G|128 GB / 8 GB RAM|128 GB|8 GB|₹19,170|India|Dofy.in|https://www.dofy.in/in-en/india/sell-old-phone/vivo/vivo-v40-5g|Verified
Vivo|V40 5G|256 GB / 8 GB RAM|256 GB|8 GB|₹20,110|India|Dofy.in|https://www.dofy.in/in-en/india/sell-old-phone/vivo/vivo-v40-5g|Verified
Vivo|V40 5G|512 GB / 12 GB RAM|512 GB|12 GB|₹20,530|India|Dofy.in|https://www.dofy.in/in-en/india/sell-old-phone/vivo/vivo-v40-5g|Verified
Vivo|V40 Pro 5G|256 GB / 8 GB RAM|256 GB|8 GB|₹24,660|India|Dofy.in|https://www.dofy.in/in-en/india/sell-old-phone/vivo/vivo-v40-pro-5g|Verified
Vivo|V40 Pro 5G|512 GB / 12 GB RAM|512 GB|12 GB|₹26,110|India|Dofy.in|https://www.dofy.in/in-en/india/sell-old-phone/vivo/vivo-v40-pro-5g|Verified
Vivo|V40e|128 GB / 8 GB RAM|128 GB|8 GB|₹17,100|India|Dofy.in|https://www.dofy.in/in-en/india/sell-old-phone/vivo/vivo-v40e|Verified
Vivo|V40e|256 GB / 8 GB RAM|256 GB|8 GB|₹18,010|India|Dofy.in|https://www.dofy.in/in-en/india/sell-old-phone/vivo/vivo-v40e|Verified
Vivo|V50 5G|128 GB / 8 GB RAM|128 GB|8 GB|₹18,780|India|Dofy.in|https://www.dofy.in/in-en/india/sell-old-phone/vivo/vivo-v50-5g|Verified
Vivo|V50 5G|256 GB / 8 GB RAM|256 GB|8 GB|₹20,940|India|Dofy.in|https://www.dofy.in/in-en/india/sell-old-phone/vivo/vivo-v50-5g|Verified
Vivo|V50 5G|512 GB / 12 GB RAM|512 GB|12 GB|₹21,830|India|Dofy.in|https://www.dofy.in/in-en/india/sell-old-phone/vivo/vivo-v50-5g|Verified
Vivo|V50e 5G|128 GB / 8 GB RAM|128 GB|8 GB|₹17,890|India|Dofy.in|https://www.dofy.in/in-en/india/sell-old-phone/vivo/vivo-v50e-5g|Verified
Vivo|V50e 5G|256 GB / 8 GB RAM|256 GB|8 GB|₹18,240|India|Dofy.in|https://www.dofy.in/in-en/india/sell-old-phone/vivo/vivo-v50e-5g|Verified
Vivo|V60 5G|128 GB / 8 GB RAM|128 GB|8 GB|₹21,540|India|Dofy.in|https://www.dofy.in/in-en/india/sell-old-phone/vivo/vivo-v60-5g|Verified
Vivo|V60 5G|256 GB / 8 GB RAM|256 GB|8 GB|₹22,720|India|Dofy.in|https://www.dofy.in/in-en/india/sell-old-phone/vivo/vivo-v60-5g|Verified
Vivo|V60 5G|256 GB / 12 GB RAM|256 GB|12 GB|₹25,260|India|Dofy.in|https://www.dofy.in/in-en/india/sell-old-phone/vivo/vivo-v60-5g|Verified
Vivo|V60 5G|512 GB / 16 GB RAM|512 GB|16 GB|₹26,320|India|Dofy.in|https://www.dofy.in/in-en/india/sell-old-phone/vivo/vivo-v60-5g|Verified
Vivo|V60e|128 GB / 8 GB RAM|128 GB|8 GB|₹19,480|India|Dofy.in|https://www.dofy.in/in-en/india/sell-old-phone/vivo/vivo-v60e|Verified
Vivo|V60e|256 GB / 8 GB RAM|256 GB|8 GB|₹20,770|India|Dofy.in|https://www.dofy.in/in-en/india/sell-old-phone/vivo/vivo-v60e|Verified
Vivo|V60e|256 GB / 12 GB RAM|256 GB|12 GB|₹22,540|India|Dofy.in|https://www.dofy.in/in-en/india/sell-old-phone/vivo/vivo-v60e|Verified
Vivo|V70 5G|256 GB / 8 GB RAM|256 GB|8 GB|₹28,410|India|Dofy.in|https://www.dofy.in/in-en/india/sell-old-phone/vivo/vivo-v70-5g|Verified
Vivo|V70 5G|256 GB / 12 GB RAM|256 GB|12 GB|₹30,690|India|Dofy.in|https://www.dofy.in/in-en/india/sell-old-phone/vivo/vivo-v70-5g|Verified
Vivo|V70 5G|512 GB / 12 GB RAM|512 GB|12 GB|₹35,750|India|Dofy.in|https://www.dofy.in/in-en/india/sell-old-phone/vivo/vivo-v70-5g|Verified
Vivo|V70 Elite|256 GB / 8 GB RAM|256 GB|8 GB|₹32,500|India|Dofy.in|https://www.dofy.in/in-en/india/sell-old-phone/vivo/vivo-v70-elite|Verified
Vivo|V70 Elite|256 GB / 12 GB RAM|256 GB|12 GB|₹35,540|India|Dofy.in|https://www.dofy.in/in-en/india/sell-old-phone/vivo/vivo-v70-elite|Verified
Vivo|V70 Elite|512 GB / 12 GB RAM|512 GB|12 GB|₹40,300|India|Dofy.in|https://www.dofy.in/in-en/india/sell-old-phone/vivo/vivo-v70-elite|Verified
Vivo|V70 FE|128 GB / 8 GB RAM|128 GB|8 GB|₹20,000|India|Dofy.in|https://www.dofy.in/in-en/india/sell-old-phone/vivo/vivo-v70-fe|Verified
Vivo|V70 FE|256 GB / 8 GB RAM|256 GB|8 GB|₹22,480|India|Dofy.in|https://www.dofy.in/in-en/india/sell-old-phone/vivo/vivo-v70-fe|Verified
Vivo|V70 FE|256 GB / 12 GB RAM|256 GB|12 GB|₹28,030|India|Dofy.in|https://www.dofy.in/in-en/india/sell-old-phone/vivo/vivo-v70-fe|Verified
Vivo|X Fold 3 Pro|512 GB / 16 GB RAM|512 GB|16 GB|₹57,820|India|Dofy.in|https://www.dofy.in/in-en/india/sell-old-phone/vivo/vivo-x-fold-3-pro|Single configuration listed
Vivo|X Fold 5|512 GB / 16 GB RAM|512 GB|16 GB|₹75,920|India|Dofy.in|https://www.dofy.in/in-en/india/sell-old-phone/vivo/vivo-x-fold-5|Single configuration listed
Vivo|X100 5G|256 GB / 12 GB RAM|256 GB|12 GB|₹25,860|India|Dofy.in|https://www.dofy.in/in-en/india/sell-old-phone/vivo/vivo-x100-5g|Verified
Vivo|X100 5G|512 GB / 16 GB RAM|512 GB|16 GB|₹27,230|India|Dofy.in|https://www.dofy.in/in-en/india/sell-old-phone/vivo/vivo-x100-5g|Verified
Vivo|X100 Pro 5G|512 GB / 16 GB RAM|512 GB|16 GB|₹30,290|India|Dofy.in|https://www.dofy.in/in-en/india/sell-old-phone/vivo/vivo-x100-pro-5g|Single configuration listed
Vivo|X200 5G|256 GB / 12 GB RAM|256 GB|12 GB|₹32,670|India|Dofy.in|https://www.dofy.in/in-en/india/sell-old-phone/vivo/vivo-x200-5g|Verified
Vivo|X200 5G|512 GB / 16 GB RAM|512 GB|16 GB|₹35,130|India|Dofy.in|https://www.dofy.in/in-en/india/sell-old-phone/vivo/vivo-x200-5g|Verified
Vivo|X200 FE|256 GB / 12 GB RAM|256 GB|12 GB|₹35,240|India|Dofy.in|https://www.dofy.in/in-en/india/sell-old-phone/vivo/vivo-x200-fe|Verified
Vivo|X200 FE|512 GB / 16 GB RAM|512 GB|16 GB|₹33,420|India|Dofy.in|https://www.dofy.in/in-en/india/sell-old-phone/vivo/vivo-x200-fe|Verified
Vivo|X200 Pro 5G|512 GB / 16 GB RAM|512 GB|16 GB|₹47,920|India|Dofy.in|https://www.dofy.in/in-en/india/sell-old-phone/vivo/vivo-x200-pro-5g|Single configuration listed
Vivo|X200T|256 GB / 12 GB RAM|256 GB|12 GB|₹36,660|India|Dofy.in|https://www.dofy.in/in-en/india/sell-old-phone/vivo/vivo-x200t|Verified
Vivo|X200T|512 GB / 12 GB RAM|512 GB|12 GB|₹40,590|India|Dofy.in|https://www.dofy.in/in-en/india/sell-old-phone/vivo/vivo-x200t|Verified
Vivo|X21|128 GB / 6 GB RAM|128 GB|6 GB|₹7,050|India|Dofy.in|https://www.dofy.in/in-en/india/sell-old-phone/vivo/vivo-x21|Single configuration listed
Vivo|X300|256 GB / 12 GB RAM|256 GB|12 GB|₹45,190|India|Dofy.in|https://www.dofy.in/in-en/india/sell-old-phone/vivo/vivo-x300|Verified
Vivo|X300|512 GB / 12 GB RAM|512 GB|12 GB|₹46,000|India|Dofy.in|https://www.dofy.in/in-en/india/sell-old-phone/vivo/vivo-x300|Verified
Vivo|X300|512 GB / 16 GB RAM|512 GB|16 GB|₹48,490|India|Dofy.in|https://www.dofy.in/in-en/india/sell-old-phone/vivo/vivo-x300|Verified
Vivo|X300 FE|256 GB / 12 GB RAM|256 GB|12 GB|₹43,420|India|Dofy.in|https://www.dofy.in/in-en/india/sell-old-phone/vivo/vivo-x300-fe|Verified
Vivo|X300 FE|512 GB / 12 GB RAM|512 GB|12 GB|₹48,440|India|Dofy.in|https://www.dofy.in/in-en/india/sell-old-phone/vivo/vivo-x300-fe|Verified
Vivo|X300 Pro|512 GB / 16 GB RAM|512 GB|16 GB|₹62,200|India|Dofy.in|https://www.dofy.in/in-en/india/sell-old-phone/vivo/vivo-x300-pro|Single configuration listed
Vivo|X300 Ultra|512 GB / 16 GB RAM|512 GB|16 GB|₹78,240|India|Dofy.in|https://www.dofy.in/in-en/india/sell-old-phone/vivo/vivo-x300-ultra|Single configuration listed
Vivo|X50|128 GB|128 GB|—|₹8,120|India|Dofy.in|https://www.dofy.in/in-en/india/sell-old-phone/vivo/vivo-x50|Verified
Vivo|X50|256 GB|256 GB|—|₹8,620|India|Dofy.in|https://www.dofy.in/in-en/india/sell-old-phone/vivo/vivo-x50|Verified
Vivo|X50 Pro|256 GB / 8 GB RAM|256 GB|8 GB|₹12,000|India|Dofy.in|https://www.dofy.in/in-en/india/sell-old-phone/vivo/vivo-x50-pro|Single configuration listed
Vivo|X60|128 GB / 8 GB RAM|128 GB|8 GB|₹11,000|India|Dofy.in|https://www.dofy.in/in-en/india/sell-old-phone/vivo/vivo-x60|Verified
Vivo|X60|256 GB / 12 GB RAM|256 GB|12 GB|₹11,500|India|Dofy.in|https://www.dofy.in/in-en/india/sell-old-phone/vivo/vivo-x60|Verified
Vivo|X60 Pro|256 GB / 12 GB RAM|256 GB|12 GB|₹15,000|India|Dofy.in|https://www.dofy.in/in-en/india/sell-old-phone/vivo/vivo-x60-pro|Single configuration listed
Vivo|X60 Pro Plus|256 GB / 12 GB RAM|256 GB|12 GB|₹17,790|India|Dofy.in|https://www.dofy.in/in-en/india/sell-old-phone/vivo/vivo-x60-pro-plus|Single configuration listed
Vivo|X70 Pro|128 GB / 8 GB RAM|128 GB|8 GB|₹19,190|India|Dofy.in|https://www.dofy.in/in-en/india/sell-old-phone/vivo/vivo-x70-pro|Verified
Vivo|X70 Pro|256 GB / 8 GB RAM|256 GB|8 GB|₹19,780|India|Dofy.in|https://www.dofy.in/in-en/india/sell-old-phone/vivo/vivo-x70-pro|Verified
Vivo|X70 Pro|256 GB / 12 GB RAM|256 GB|12 GB|₹21,050|India|Dofy.in|https://www.dofy.in/in-en/india/sell-old-phone/vivo/vivo-x70-pro|Verified
Vivo|X70 Pro Plus|256 GB / 12 GB RAM|256 GB|12 GB|₹24,000|India|Dofy.in|https://www.dofy.in/in-en/india/sell-old-phone/vivo/vivo-x70-pro-plus|Single configuration listed
Vivo|X80|256 GB / 12 GB RAM|256 GB|12 GB|₹22,620|India|Dofy.in|https://www.dofy.in/in-en/india/sell-old-phone/vivo/vivo-x80|Verified
Vivo|X80|128 GB / 8 GB RAM|128 GB|8 GB|₹19,870|India|Dofy.in|https://www.dofy.in/in-en/india/sell-old-phone/vivo/vivo-x80|Verified
Vivo|X80 Pro|256 GB / 12 GB RAM|256 GB|12 GB|₹27,350|India|Dofy.in|https://www.dofy.in/in-en/india/sell-old-phone/vivo/vivo-x80-pro|Single configuration listed
Vivo|X90 5G|256 GB / 8 GB RAM|256 GB|8 GB|₹22,620|India|Dofy.in|https://www.dofy.in/in-en/india/sell-old-phone/vivo/vivo-x90-5g|Verified
Vivo|X90 5G|256 GB / 12 GB RAM|256 GB|12 GB|₹23,100|India|Dofy.in|https://www.dofy.in/in-en/india/sell-old-phone/vivo/vivo-x90-5g|Verified
Vivo|X90 Pro 5G|256 GB / 12 GB RAM|256 GB|12 GB|₹26,560|India|Dofy.in|https://www.dofy.in/in-en/india/sell-old-phone/vivo/vivo-x90-pro-5g|Single configuration listed
Vivo|X90 Pro Plus 5G|256 GB / 12 GB RAM|256 GB|12 GB|₹27,550|India|Dofy.in|https://www.dofy.in/in-en/india/sell-old-phone/vivo/vivo-x90-pro-plus-5g|Single configuration listed
Vivo|Y01|32 GB / 2 GB RAM|32 GB|2 GB|₹3,330|India|Dofy.in|https://www.dofy.in/in-en/india/sell-old-phone/vivo/vivo-y01|Single configuration listed
Vivo|Y01A|32 GB / 2 GB RAM|32 GB|2 GB|₹3,310|India|Dofy.in|https://www.dofy.in/in-en/india/sell-old-phone/vivo/vivo-y01a|Single configuration listed
Vivo|Y02|32 GB / 3 GB RAM|32 GB|3 GB|₹3,450|India|Dofy.in|https://www.dofy.in/in-en/india/sell-old-phone/vivo/vivo-y02|Single configuration listed
Vivo|Y02t|64 GB / 4 GB RAM|64 GB|4 GB|₹4,120|India|Dofy.in|https://www.dofy.in/in-en/india/sell-old-phone/vivo/vivo-y02t|Single configuration listed
Vivo|Y05|64 GB / 4 GB RAM|64 GB|4 GB|₹8,870|India|Dofy.in|https://www.dofy.in/in-en/india/sell-old-phone/vivo/vivo-y05|Single configuration listed
Vivo|Y100|128 GB / 8 GB RAM|128 GB|8 GB|₹10,550|India|Dofy.in|https://www.dofy.in/in-en/india/sell-old-phone/vivo/vivo-y100|Single configuration listed
Vivo|Y100A|128 GB / 8 GB RAM|128 GB|8 GB|₹9,880|India|Dofy.in|https://www.dofy.in/in-en/india/sell-old-phone/vivo/vivo-y100a|Verified
Vivo|Y100A|256 GB / 8 GB RAM|256 GB|8 GB|₹10,570|India|Dofy.in|https://www.dofy.in/in-en/india/sell-old-phone/vivo/vivo-y100a|Verified
Vivo|Y11 2019|32 GB / 3 GB RAM|32 GB|3 GB|₹3,770|India|Dofy.in|https://www.dofy.in/in-en/india/sell-old-phone/vivo/vivo-y11-2019|Single configuration listed
Vivo|Y11 5G|64 GB / 4 GB RAM|64 GB|4 GB|₹9,020|India|Dofy.in|https://www.dofy.in/in-en/india/sell-old-phone/vivo/vivo-y11-5g|Verified
Vivo|Y11 5G|128 GB / 4 GB RAM|128 GB|4 GB|₹9,680|India|Dofy.in|https://www.dofy.in/in-en/india/sell-old-phone/vivo/vivo-y11-5g|Verified
Vivo|Y12|32 GB / 4 GB RAM|32 GB|4 GB|₹3,790|India|Dofy.in|https://www.dofy.in/in-en/india/sell-old-phone/vivo/vivo-y12|Verified
Vivo|Y12|64 GB / 3 GB RAM|64 GB|3 GB|₹3,630|India|Dofy.in|https://www.dofy.in/in-en/india/sell-old-phone/vivo/vivo-y12|Verified
Vivo|Y12G|32 GB / 3 GB RAM|32 GB|3 GB|₹4,220|India|Dofy.in|https://www.dofy.in/in-en/india/sell-old-phone/vivo/vivo-y12g|Verified
Vivo|Y12G|64 GB / 3 GB RAM|64 GB|3 GB|₹4,660|India|Dofy.in|https://www.dofy.in/in-en/india/sell-old-phone/vivo/vivo-y12g|Verified
Vivo|Y12s|32 GB / 3 GB RAM|32 GB|3 GB|₹4,860|India|Dofy.in|https://www.dofy.in/in-en/india/sell-old-phone/vivo/vivo-y12s|Single configuration listed
Vivo|Y15 2019|64 GB / 4 GB RAM|64 GB|4 GB|₹4,850|India|Dofy.in|https://www.dofy.in/in-en/india/sell-old-phone/vivo/vivo-y15-2019|Single configuration listed
Vivo|Y15c|32 GB / 3 GB RAM|32 GB|3 GB|₹3,990|India|Dofy.in|https://www.dofy.in/in-en/india/sell-old-phone/vivo/vivo-y15c|Verified
Vivo|Y15c|64 GB / 3 GB RAM|64 GB|3 GB|₹3,950|India|Dofy.in|https://www.dofy.in/in-en/india/sell-old-phone/vivo/vivo-y15c|Verified
Vivo|Y15s 2021|32 GB / 3 GB RAM|32 GB|3 GB|₹4,080|India|Dofy.in|https://www.dofy.in/in-en/india/sell-old-phone/vivo/vivo-y15s-2021|Single configuration listed
Vivo|Y16|32 GB / 3 GB RAM|32 GB|3 GB|₹3,630|India|Dofy.in|https://www.dofy.in/in-en/india/sell-old-phone/vivo/vivo-y16|Verified
Vivo|Y16|64 GB / 3 GB RAM|64 GB|3 GB|₹4,000|India|Dofy.in|https://www.dofy.in/in-en/india/sell-old-phone/vivo/vivo-y16|Verified
Vivo|Y16|64 GB / 4 GB RAM|64 GB|4 GB|₹4,480|India|Dofy.in|https://www.dofy.in/in-en/india/sell-old-phone/vivo/vivo-y16|Verified
Vivo|Y16|128 GB / 4 GB RAM|128 GB|4 GB|₹4,980|India|Dofy.in|https://www.dofy.in/in-en/india/sell-old-phone/vivo/vivo-y16|Verified
Vivo|Y17|128 GB / 4 GB RAM|128 GB|4 GB|₹5,700|India|Dofy.in|https://www.dofy.in/in-en/india/sell-old-phone/vivo/vivo-y17|Single configuration listed
Vivo|Y17s|64 GB / 4 GB RAM|64 GB|4 GB|₹4,670|India|Dofy.in|https://www.dofy.in/in-en/india/sell-old-phone/vivo/vivo-y17s|Verified
Vivo|Y17s|128 GB / 4 GB RAM|128 GB|4 GB|₹6,020|India|Dofy.in|https://www.dofy.in/in-en/india/sell-old-phone/vivo/vivo-y17s|Verified
Vivo|Y18|64 GB / 4 GB RAM|64 GB|4 GB|₹4,310|India|Dofy.in|https://www.dofy.in/in-en/india/sell-old-phone/vivo/vivo-y18|Verified
Vivo|Y18|128 GB / 4 GB RAM|128 GB|4 GB|₹4,780|India|Dofy.in|https://www.dofy.in/in-en/india/sell-old-phone/vivo/vivo-y18|Verified
Vivo|Y18e|64 GB / 4 GB RAM|64 GB|4 GB|₹4,690|India|Dofy.in|https://www.dofy.in/in-en/india/sell-old-phone/vivo/vivo-y18e|Single configuration listed
Vivo|Y18i|64 GB / 4 GB RAM|64 GB|4 GB|₹3,990|India|Dofy.in|https://www.dofy.in/in-en/india/sell-old-phone/vivo/vivo-y18i|Single configuration listed
Vivo|Y18t|128 GB / 4 GB RAM|128 GB|4 GB|₹4,700|India|Dofy.in|https://www.dofy.in/in-en/india/sell-old-phone/vivo/vivo-y18t|Single configuration listed
Vivo|Y19|128 GB / 4 GB RAM|128 GB|4 GB|₹5,360|India|Dofy.in|https://www.dofy.in/in-en/india/sell-old-phone/vivo/vivo-y19|Single configuration listed
Vivo|Y19 5G|64 GB / 4 GB RAM|64 GB|4 GB|₹6,980|India|Dofy.in|https://www.dofy.in/in-en/india/sell-old-phone/vivo/vivo-y19-5g|Verified
Vivo|Y19 5G|128 GB / 4 GB RAM|128 GB|4 GB|₹7,080|India|Dofy.in|https://www.dofy.in/in-en/india/sell-old-phone/vivo/vivo-y19-5g|Verified
Vivo|Y19 5G|128 GB / 6 GB RAM|128 GB|6 GB|₹7,470|India|Dofy.in|https://www.dofy.in/in-en/india/sell-old-phone/vivo/vivo-y19-5g|Verified
Vivo|Y19e|64 GB / 4 GB RAM|64 GB|4 GB|₹5,110|India|Dofy.in|https://www.dofy.in/in-en/india/sell-old-phone/vivo/vivo-y19e|Single configuration listed
Vivo|Y19s 5G|64 GB / 4 GB RAM|64 GB|4 GB|₹5,980|India|Dofy.in|https://www.dofy.in/in-en/india/sell-old-phone/vivo/vivo-y19s-5g|Verified
Vivo|Y19s 5G|128 GB / 4 GB RAM|128 GB|4 GB|₹6,510|India|Dofy.in|https://www.dofy.in/in-en/india/sell-old-phone/vivo/vivo-y19s-5g|Verified
Vivo|Y19s 5G|128 GB / 6 GB RAM|128 GB|6 GB|₹9,050|India|Dofy.in|https://www.dofy.in/in-en/india/sell-old-phone/vivo/vivo-y19s-5g|Verified
Vivo|Y1s|32 GB / 3 GB RAM|32 GB|3 GB|₹3,280|India|Dofy.in|https://www.dofy.in/in-en/india/sell-old-phone/vivo/vivo-y1s|Verified
Vivo|Y1s|32 GB / 2 GB RAM|32 GB|2 GB|₹3,170|India|Dofy.in|https://www.dofy.in/in-en/india/sell-old-phone/vivo/vivo-y1s|Verified
Vivo|Y20|64 GB / 4 GB RAM|64 GB|4 GB|₹5,320|India|Dofy.in|https://www.dofy.in/in-en/india/sell-old-phone/vivo/vivo-y20|Verified
Vivo|Y20|64 GB / 6 GB RAM|64 GB|6 GB|₹5,500|India|Dofy.in|https://www.dofy.in/in-en/india/sell-old-phone/vivo/vivo-y20|Verified
Vivo|Y200 5G|128 GB / 8 GB RAM|128 GB|8 GB|₹11,490|India|Dofy.in|https://www.dofy.in/in-en/india/sell-old-phone/vivo/vivo-y200-5g|Verified
Vivo|Y200 5G|256 GB / 8 GB RAM|256 GB|8 GB|₹12,540|India|Dofy.in|https://www.dofy.in/in-en/india/sell-old-phone/vivo/vivo-y200-5g|Verified
Vivo|Y200 Pro 5G|128 GB / 8 GB RAM|128 GB|8 GB|₹13,720|India|Dofy.in|https://www.dofy.in/in-en/india/sell-old-phone/vivo/vivo-y200-pro-5g|Single configuration listed
Vivo|Y200e 5G|128 GB / 6 GB RAM|128 GB|6 GB|₹10,060|India|Dofy.in|https://www.dofy.in/in-en/india/sell-old-phone/vivo/vivo-y200e-5g|Verified
Vivo|Y200e 5G|128 GB / 8 GB RAM|128 GB|8 GB|₹11,740|India|Dofy.in|https://www.dofy.in/in-en/india/sell-old-phone/vivo/vivo-y200e-5g|Verified
Vivo|Y20A|64 GB / 3 GB RAM|64 GB|3 GB|₹5,050|India|Dofy.in|https://www.dofy.in/in-en/india/sell-old-phone/vivo/vivo-y20a|Single configuration listed
Vivo|Y20G|64 GB / 4 GB RAM|64 GB|4 GB|₹6,000|India|Dofy.in|https://www.dofy.in/in-en/india/sell-old-phone/vivo/vivo-y20g|Verified
Vivo|Y20G|128 GB / 6 GB RAM|128 GB|6 GB|₹6,150|India|Dofy.in|https://www.dofy.in/in-en/india/sell-old-phone/vivo/vivo-y20g|Verified
Vivo|Y20i|64 GB / 3 GB RAM|64 GB|3 GB|₹4,770|India|Dofy.in|https://www.dofy.in/in-en/india/sell-old-phone/vivo/vivo-y20i|Single configuration listed
Vivo|Y20T|64 GB / 6 GB RAM|64 GB|6 GB|₹6,240|India|Dofy.in|https://www.dofy.in/in-en/india/sell-old-phone/vivo/vivo-y20t|Single configuration listed
Vivo|Y21 2021|64 GB / 4 GB RAM|64 GB|4 GB|₹5,750|India|Dofy.in|https://www.dofy.in/in-en/india/sell-old-phone/vivo/vivo-y21-2021|Verified
Vivo|Y21 2021|128 GB / 4 GB RAM|128 GB|4 GB|₹5,950|India|Dofy.in|https://www.dofy.in/in-en/india/sell-old-phone/vivo/vivo-y21-2021|Verified
Vivo|Y21 5G|128 GB / 4 GB RAM|128 GB|4 GB|₹11,530|India|Dofy.in|https://www.dofy.in/in-en/india/sell-old-phone/vivo/vivo-y21-5g|Verified
Vivo|Y21 5G|128 GB / 6 GB RAM|128 GB|6 GB|₹12,220|India|Dofy.in|https://www.dofy.in/in-en/india/sell-old-phone/vivo/vivo-y21-5g|Verified
Vivo|Y21 5G|128 GB / 8 GB RAM|128 GB|8 GB|₹13,760|India|Dofy.in|https://www.dofy.in/in-en/india/sell-old-phone/vivo/vivo-y21-5g|Verified
Vivo|Y21a|64 GB / 4 GB RAM|64 GB|4 GB|₹4,910|India|Dofy.in|https://www.dofy.in/in-en/india/sell-old-phone/vivo/vivo-y21a|Single configuration listed
Vivo|Y21e|64 GB / 3 GB RAM|64 GB|3 GB|₹5,010|India|Dofy.in|https://www.dofy.in/in-en/india/sell-old-phone/vivo/vivo-y21e|Single configuration listed
Vivo|Y21G|64 GB / 6 GB RAM|64 GB|6 GB|₹5,010|India|Dofy.in|https://www.dofy.in/in-en/india/sell-old-phone/vivo/vivo-y21g|Single configuration listed
Vivo|Y21T|128 GB / 4 GB RAM|128 GB|4 GB|₹5,850|India|Dofy.in|https://www.dofy.in/in-en/india/sell-old-phone/vivo/vivo-y21t|Single configuration listed
Vivo|Y22 2022|64 GB / 4 GB RAM|64 GB|4 GB|₹5,490|India|Dofy.in|https://www.dofy.in/in-en/india/sell-old-phone/vivo/vivo-y22-2022|Verified
Vivo|Y22 2022|128 GB / 6 GB RAM|128 GB|6 GB|₹5,960|India|Dofy.in|https://www.dofy.in/in-en/india/sell-old-phone/vivo/vivo-y22-2022|Verified
Vivo|Y22 2022|128 GB / 4 GB RAM|128 GB|4 GB|₹5,620|India|Dofy.in|https://www.dofy.in/in-en/india/sell-old-phone/vivo/vivo-y22-2022|Verified
Vivo|Y27|128 GB / 6 GB RAM|128 GB|6 GB|₹5,740|India|Dofy.in|https://www.dofy.in/in-en/india/sell-old-phone/vivo/vivo-y27|Single configuration listed
Vivo|Y28 5G|128 GB / 4 GB RAM|128 GB|4 GB|₹9,010|India|Dofy.in|https://www.dofy.in/in-en/india/sell-old-phone/vivo/vivo-y28-5g|Verified
Vivo|Y28 5G|128 GB / 6 GB RAM|128 GB|6 GB|₹8,910|India|Dofy.in|https://www.dofy.in/in-en/india/sell-old-phone/vivo/vivo-y28-5g|Verified
Vivo|Y28 5G|128 GB / 8 GB RAM|128 GB|8 GB|₹9,090|India|Dofy.in|https://www.dofy.in/in-en/india/sell-old-phone/vivo/vivo-y28-5g|Verified
Vivo|Y28e 5G|64 GB / 4 GB RAM|64 GB|4 GB|₹6,650|India|Dofy.in|https://www.dofy.in/in-en/india/sell-old-phone/vivo/vivo-y28e-5g|Verified
Vivo|Y28e 5G|128 GB / 4 GB RAM|128 GB|4 GB|₹7,800|India|Dofy.in|https://www.dofy.in/in-en/india/sell-old-phone/vivo/vivo-y28e-5g|Verified
Vivo|Y28s 5G|128 GB / 4 GB RAM|128 GB|4 GB|₹9,060|India|Dofy.in|https://www.dofy.in/in-en/india/sell-old-phone/vivo/vivo-y28s-5g|Verified
Vivo|Y28s 5G|128 GB / 6 GB RAM|128 GB|6 GB|₹9,140|India|Dofy.in|https://www.dofy.in/in-en/india/sell-old-phone/vivo/vivo-y28s-5g|Verified
Vivo|Y28s 5G|128 GB / 8 GB RAM|128 GB|8 GB|₹9,340|India|Dofy.in|https://www.dofy.in/in-en/india/sell-old-phone/vivo/vivo-y28s-5g|Verified
Vivo|Y29 5G|128 GB / 4 GB RAM|128 GB|4 GB|₹9,440|India|Dofy.in|https://www.dofy.in/in-en/india/sell-old-phone/vivo/vivo-y29-5g|Verified
Vivo|Y29 5G|128 GB / 6 GB RAM|128 GB|6 GB|₹10,490|India|Dofy.in|https://www.dofy.in/in-en/india/sell-old-phone/vivo/vivo-y29-5g|Verified
Vivo|Y29 5G|128 GB / 8 GB RAM|128 GB|8 GB|₹10,980|India|Dofy.in|https://www.dofy.in/in-en/india/sell-old-phone/vivo/vivo-y29-5g|Verified
Vivo|Y29 5G|256 GB / 8 GB RAM|256 GB|8 GB|₹11,550|India|Dofy.in|https://www.dofy.in/in-en/india/sell-old-phone/vivo/vivo-y29-5g|Verified
Vivo|Y30|128 GB / 6 GB RAM|128 GB|6 GB|₹5,750|India|Dofy.in|https://www.dofy.in/in-en/india/sell-old-phone/vivo/vivo-y30|Verified
Vivo|Y30|128 GB / 4 GB RAM|128 GB|4 GB|₹5,560|India|Dofy.in|https://www.dofy.in/in-en/india/sell-old-phone/vivo/vivo-y30|Verified
Vivo|Y300 5G|128 GB / 8 GB RAM|128 GB|8 GB|₹14,430|India|Dofy.in|https://www.dofy.in/in-en/india/sell-old-phone/vivo/vivo-y300-5g|Verified
Vivo|Y300 5G|256 GB / 8 GB RAM|256 GB|8 GB|₹14,350|India|Dofy.in|https://www.dofy.in/in-en/india/sell-old-phone/vivo/vivo-y300-5g|Verified
Vivo|Y300 Plus 5G|128 GB / 8 GB RAM|128 GB|8 GB|₹14,710|India|Dofy.in|https://www.dofy.in/in-en/india/sell-old-phone/vivo/vivo-y300-plus-5g|Single configuration listed
Vivo|Y31 2021|128 GB / 6 GB RAM|128 GB|6 GB|₹6,240|India|Dofy.in|https://www.dofy.in/in-en/india/sell-old-phone/vivo/vivo-y31-2021|Single configuration listed
Vivo|Y31 5G|128 GB / 4 GB RAM|128 GB|4 GB|₹8,830|India|Dofy.in|https://www.dofy.in/in-en/india/sell-old-phone/vivo/vivo-y31-5g|Verified
Vivo|Y31 5G|128 GB / 6 GB RAM|128 GB|6 GB|₹10,520|India|Dofy.in|https://www.dofy.in/in-en/india/sell-old-phone/vivo/vivo-y31-5g|Verified
Vivo|Y31 Pro 5G|128 GB / 8 GB RAM|128 GB|8 GB|₹11,530|India|Dofy.in|https://www.dofy.in/in-en/india/sell-old-phone/vivo/vivo-y31-pro-5g|Verified
Vivo|Y31 Pro 5G|256 GB / 8 GB RAM|256 GB|8 GB|₹13,020|India|Dofy.in|https://www.dofy.in/in-en/india/sell-old-phone/vivo/vivo-y31-pro-5g|Verified
Vivo|Y33s|128 GB / 8 GB RAM|128 GB|8 GB|₹7,240|India|Dofy.in|https://www.dofy.in/in-en/india/sell-old-phone/vivo/vivo-y33s|Single configuration listed
Vivo|Y33T|128 GB / 8 GB RAM|128 GB|8 GB|₹6,350|India|Dofy.in|https://www.dofy.in/in-en/india/sell-old-phone/vivo/vivo-y33t|Single configuration listed
Vivo|Y35|128 GB / 8 GB RAM|128 GB|8 GB|₹6,530|India|Dofy.in|https://www.dofy.in/in-en/india/sell-old-phone/vivo/vivo-y35|Single configuration listed
Vivo|Y36 4G|128 GB / 8 GB RAM|128 GB|8 GB|₹7,890|India|Dofy.in|https://www.dofy.in/in-en/india/sell-old-phone/vivo/vivo-y36-4g|Single configuration listed
Vivo|Y39 5G|128 GB / 8 GB RAM|128 GB|8 GB|₹12,030|India|Dofy.in|https://www.dofy.in/in-en/india/sell-old-phone/vivo/vivo-y39-5g|Verified
Vivo|Y39 5G|256 GB / 8 GB RAM|256 GB|8 GB|₹12,000|India|Dofy.in|https://www.dofy.in/in-en/india/sell-old-phone/vivo/vivo-y39-5g|Verified
Vivo|Y3s 2021|32 GB / 2 GB RAM|32 GB|2 GB|₹3,470|India|Dofy.in|https://www.dofy.in/in-en/india/sell-old-phone/vivo/vivo-y3s-2021|Single configuration listed
Vivo|Y400 5G|128 GB / 8 GB RAM|128 GB|8 GB|₹14,460|India|Dofy.in|https://www.dofy.in/in-en/india/sell-old-phone/vivo/vivo-y400-5g|Verified
Vivo|Y400 5G|256 GB / 8 GB RAM|256 GB|8 GB|₹15,430|India|Dofy.in|https://www.dofy.in/in-en/india/sell-old-phone/vivo/vivo-y400-5g|Verified
Vivo|Y400 Pro 5G|128 GB / 8 GB RAM|128 GB|8 GB|₹16,230|India|Dofy.in|https://www.dofy.in/in-en/india/sell-old-phone/vivo/vivo-y400-pro-5g|Verified
Vivo|Y400 Pro 5G|256 GB / 8 GB RAM|256 GB|8 GB|₹16,300|India|Dofy.in|https://www.dofy.in/in-en/india/sell-old-phone/vivo/vivo-y400-pro-5g|Verified
Vivo|Y50|128 GB / 8 GB RAM|128 GB|8 GB|₹6,940|India|Dofy.in|https://www.dofy.in/in-en/india/sell-old-phone/vivo/vivo-y50|Single configuration listed
Vivo|Y51 2020|128 GB / 8 GB RAM|128 GB|8 GB|₹7,100|India|Dofy.in|https://www.dofy.in/in-en/india/sell-old-phone/vivo/vivo-y51-2020|Single configuration listed
Vivo|Y51 Pro 5G|128 GB / 8 GB RAM|128 GB|8 GB|₹15,020|India|Dofy.in|https://www.dofy.in/in-en/india/sell-old-phone/vivo/vivo-y51-pro-5g|Verified
Vivo|Y51 Pro 5G|256 GB / 8 GB RAM|256 GB|8 GB|₹18,440|India|Dofy.in|https://www.dofy.in/in-en/india/sell-old-phone/vivo/vivo-y51-pro-5g|Verified
Vivo|Y51A|128 GB / 6 GB RAM|128 GB|6 GB|₹6,150|India|Dofy.in|https://www.dofy.in/in-en/india/sell-old-phone/vivo/vivo-y51a|Verified
Vivo|Y51A|128 GB / 8 GB RAM|128 GB|8 GB|₹6,390|India|Dofy.in|https://www.dofy.in/in-en/india/sell-old-phone/vivo/vivo-y51a|Verified
Vivo|Y53s|128 GB / 8 GB RAM|128 GB|8 GB|₹6,750|India|Dofy.in|https://www.dofy.in/in-en/india/sell-old-phone/vivo/vivo-y53s|Single configuration listed
Vivo|Y56 5G|128 GB / 8 GB RAM|128 GB|8 GB|₹8,810|India|Dofy.in|https://www.dofy.in/in-en/india/sell-old-phone/vivo/vivo-y56-5g|Verified
Vivo|Y56 5G|128 GB / 4 GB RAM|128 GB|4 GB|₹7,560|India|Dofy.in|https://www.dofy.in/in-en/india/sell-old-phone/vivo/vivo-y56-5g|Verified
Vivo|Y58 5G|128 GB / 8 GB RAM|128 GB|8 GB|₹11,000|India|Dofy.in|https://www.dofy.in/in-en/india/sell-old-phone/vivo/vivo-y58-5g|Single configuration listed
Vivo|Y72 5G|128 GB / 8 GB RAM|128 GB|8 GB|₹8,500|India|Dofy.in|https://www.dofy.in/in-en/india/sell-old-phone/vivo/vivo-y72-5g|Single configuration listed
Vivo|Y73|128 GB / 8 GB RAM|128 GB|8 GB|₹7,440|India|Dofy.in|https://www.dofy.in/in-en/india/sell-old-phone/vivo/vivo-y73|Single configuration listed
Vivo|Y75 4G|128 GB / 8 GB RAM|128 GB|8 GB|₹6,930|India|Dofy.in|https://www.dofy.in/in-en/india/sell-old-phone/vivo/vivo-y75-4g|Single configuration listed
Vivo|Y75 5G|128 GB / 8 GB RAM|128 GB|8 GB|₹9,310|India|Dofy.in|https://www.dofy.in/in-en/india/sell-old-phone/vivo/vivo-y75-5g|Single configuration listed
Vivo|Y81|32 GB / 4 GB RAM|32 GB|4 GB|₹2,930|India|Dofy.in|https://www.dofy.in/in-en/india/sell-old-phone/vivo/vivo-y81|Verified
Vivo|Y81|32 GB / 3 GB RAM|32 GB|3 GB|₹2,530|India|Dofy.in|https://www.dofy.in/in-en/india/sell-old-phone/vivo/vivo-y81|Verified
Vivo|Y90|16 GB / 2 GB RAM|16 GB|2 GB|₹2,730|India|Dofy.in|https://www.dofy.in/in-en/india/sell-old-phone/vivo/vivo-y90|Single configuration listed
Vivo|Y91|32 GB / 3 GB RAM|32 GB|3 GB|₹3,080|India|Dofy.in|https://www.dofy.in/in-en/india/sell-old-phone/vivo/vivo-y91|Verified
Vivo|Y91|32 GB / 2 GB RAM|32 GB|2 GB|₹2,930|India|Dofy.in|https://www.dofy.in/in-en/india/sell-old-phone/vivo/vivo-y91|Verified
Vivo|Y91i|32 GB / 3 GB RAM|32 GB|3 GB|₹2,930|India|Dofy.in|https://www.dofy.in/in-en/india/sell-old-phone/vivo/vivo-y91i|Verified
Vivo|Y91i|16 GB / 2 GB RAM|16 GB|2 GB|₹2,380|India|Dofy.in|https://www.dofy.in/in-en/india/sell-old-phone/vivo/vivo-y91i|Verified
Vivo|Y91i|32 GB / 2 GB RAM|32 GB|2 GB|₹2,780|India|Dofy.in|https://www.dofy.in/in-en/india/sell-old-phone/vivo/vivo-y91i|Verified
Vivo|Y93|32 GB / 4 GB RAM|32 GB|4 GB|₹3,220|India|Dofy.in|https://www.dofy.in/in-en/india/sell-old-phone/vivo/vivo-y93|Single configuration listed
Vivo|Y95|64 GB / 4 GB RAM|64 GB|4 GB|₹3,470|India|Dofy.in|https://www.dofy.in/in-en/india/sell-old-phone/vivo/vivo-y95|Single configuration listed
Vivo|Z1 Pro|64 GB / 4 GB RAM|64 GB|4 GB|₹4,520|India|Dofy.in|https://www.dofy.in/in-en/india/sell-old-phone/vivo/vivo-z1-pro|Verified
Vivo|Z1 Pro|64 GB / 6 GB RAM|64 GB|6 GB|₹4,660|India|Dofy.in|https://www.dofy.in/in-en/india/sell-old-phone/vivo/vivo-z1-pro|Verified
Vivo|Z1 Pro|128 GB / 6 GB RAM|128 GB|6 GB|₹5,000|India|Dofy.in|https://www.dofy.in/in-en/india/sell-old-phone/vivo/vivo-z1-pro|Verified
Vivo|Z1 Pro|128 GB / 8 GB RAM|128 GB|8 GB|₹5,310|India|Dofy.in|https://www.dofy.in/in-en/india/sell-old-phone/vivo/vivo-z1-pro|Verified
Vivo|Z10|32 GB / 4 GB RAM|32 GB|4 GB|₹3,700|India|Dofy.in|https://www.dofy.in/in-en/india/sell-old-phone/vivo/vivo-z10|Single configuration listed
Vivo|Z1x|64 GB / 6 GB RAM|64 GB|6 GB|₹5,610|India|Dofy.in|https://www.dofy.in/in-en/india/sell-old-phone/vivo/vivo-z1x|Verified
Vivo|Z1x|128 GB / 6 GB RAM|128 GB|6 GB|₹5,860|India|Dofy.in|https://www.dofy.in/in-en/india/sell-old-phone/vivo/vivo-z1x|Verified
Vivo|Z1x|128 GB / 8 GB RAM|128 GB|8 GB|₹6,000|India|Dofy.in|https://www.dofy.in/in-en/india/sell-old-phone/vivo/vivo-z1x|Verified
Vivo|Z1x|128 GB / 4 GB RAM|128 GB|4 GB|₹5,320|India|Dofy.in|https://www.dofy.in/in-en/india/sell-old-phone/vivo/vivo-z1x|Verified
Xiaomi|Redmi 10|64 GB / 4 GB RAM|64 GB|4 GB|₹4,960|India|Dofy.in|https://www.dofy.in/in-en/india/sell-old-phone/xiaomi/redmi-10|Verified
Xiaomi|Redmi 10|128 GB / 6 GB RAM|128 GB|6 GB|₹5,260|India|Dofy.in|https://www.dofy.in/in-en/india/sell-old-phone/xiaomi/redmi-10|Verified
Xiaomi|Redmi 10 Power|128 GB / 8 GB RAM|128 GB|8 GB|₹6,150|India|Dofy.in|https://www.dofy.in/in-en/india/sell-old-phone/xiaomi/redmi-10-power|Single configuration listed
Xiaomi|Redmi 10 Prime|64 GB / 4 GB RAM|64 GB|4 GB|₹5,450|India|Dofy.in|https://www.dofy.in/in-en/india/sell-old-phone/xiaomi/redmi-10-prime|Verified
Xiaomi|Redmi 10 Prime|128 GB / 6 GB RAM|128 GB|6 GB|₹5,710|India|Dofy.in|https://www.dofy.in/in-en/india/sell-old-phone/xiaomi/redmi-10-prime|Verified
Xiaomi|Redmi 10 Prime 2022|64 GB|64 GB|—|₹5,620|India|Dofy.in|https://www.dofy.in/in-en/india/sell-old-phone/xiaomi/redmi-10-prime-2022|Verified
Xiaomi|Redmi 10 Prime 2022|128 GB|128 GB|—|₹5,950|India|Dofy.in|https://www.dofy.in/in-en/india/sell-old-phone/xiaomi/redmi-10-prime-2022|Verified
Xiaomi|Redmi 10A|32 GB / 3 GB RAM|32 GB|3 GB|₹3,600|India|Dofy.in|https://www.dofy.in/in-en/india/sell-old-phone/xiaomi/redmi-10a|Verified
Xiaomi|Redmi 10A|64 GB / 4 GB RAM|64 GB|4 GB|₹4,470|India|Dofy.in|https://www.dofy.in/in-en/india/sell-old-phone/xiaomi/redmi-10a|Verified
Xiaomi|Redmi 10A Sport|128 GB / 6 GB RAM|128 GB|6 GB|₹3,800|India|Dofy.in|https://www.dofy.in/in-en/india/sell-old-phone/xiaomi/redmi-10a-sport|Single configuration listed
Xiaomi|Redmi 11 Prime|64 GB / 4 GB RAM|64 GB|4 GB|₹5,570|India|Dofy.in|https://www.dofy.in/in-en/india/sell-old-phone/xiaomi/redmi-11-prime|Verified
Xiaomi|Redmi 11 Prime|128 GB / 6 GB RAM|128 GB|6 GB|₹5,910|India|Dofy.in|https://www.dofy.in/in-en/india/sell-old-phone/xiaomi/redmi-11-prime|Verified
Xiaomi|Redmi 11 Prime 5G|64 GB / 4 GB RAM|64 GB|4 GB|₹6,610|India|Dofy.in|https://www.dofy.in/in-en/india/sell-old-phone/xiaomi/redmi-11-prime-5g|Verified
Xiaomi|Redmi 11 Prime 5G|128 GB / 6 GB RAM|128 GB|6 GB|₹6,820|India|Dofy.in|https://www.dofy.in/in-en/india/sell-old-phone/xiaomi/redmi-11-prime-5g|Verified
Xiaomi|Redmi 12 4G|128 GB / 4 GB RAM|128 GB|4 GB|₹6,130|India|Dofy.in|https://www.dofy.in/in-en/india/sell-old-phone/xiaomi/redmi-12-4g|Verified
Xiaomi|Redmi 12 4G|128 GB / 6 GB RAM|128 GB|6 GB|₹6,640|India|Dofy.in|https://www.dofy.in/in-en/india/sell-old-phone/xiaomi/redmi-12-4g|Verified
Xiaomi|Redmi 12 5G|128 GB / 4 GB RAM|128 GB|4 GB|₹7,890|India|Dofy.in|https://www.dofy.in/in-en/india/sell-old-phone/xiaomi/redmi-12-5g|Verified
Xiaomi|Redmi 12 5G|128 GB / 6 GB RAM|128 GB|6 GB|₹8,970|India|Dofy.in|https://www.dofy.in/in-en/india/sell-old-phone/xiaomi/redmi-12-5g|Verified
Xiaomi|Redmi 12 5G|256 GB / 8 GB RAM|256 GB|8 GB|₹9,690|India|Dofy.in|https://www.dofy.in/in-en/india/sell-old-phone/xiaomi/redmi-12-5g|Verified
Xiaomi|Redmi 12C|64 GB / 4 GB RAM|64 GB|4 GB|₹5,400|India|Dofy.in|https://www.dofy.in/in-en/india/sell-old-phone/xiaomi/redmi-12c|Verified
Xiaomi|Redmi 12C|128 GB / 6 GB RAM|128 GB|6 GB|₹5,900|India|Dofy.in|https://www.dofy.in/in-en/india/sell-old-phone/xiaomi/redmi-12c|Verified
Xiaomi|Redmi 12C|128 GB / 4 GB RAM|128 GB|4 GB|₹5,380|India|Dofy.in|https://www.dofy.in/in-en/india/sell-old-phone/xiaomi/redmi-12c|Verified
Xiaomi|Redmi 13 5G|128 GB / 6 GB RAM|128 GB|6 GB|₹8,690|India|Dofy.in|https://www.dofy.in/in-en/india/sell-old-phone/xiaomi/redmi-13-5g|Verified
Xiaomi|Redmi 13 5G|128 GB / 8 GB RAM|128 GB|8 GB|₹9,200|India|Dofy.in|https://www.dofy.in/in-en/india/sell-old-phone/xiaomi/redmi-13-5g|Verified
Xiaomi|Redmi 13C|128 GB / 4 GB RAM|128 GB|4 GB|₹5,780|India|Dofy.in|https://www.dofy.in/in-en/india/sell-old-phone/xiaomi/redmi-13c|Verified
Xiaomi|Redmi 13C|128 GB / 6 GB RAM|128 GB|6 GB|₹5,910|India|Dofy.in|https://www.dofy.in/in-en/india/sell-old-phone/xiaomi/redmi-13c|Verified
Xiaomi|Redmi 13C|256 GB / 8 GB RAM|256 GB|8 GB|₹5,930|India|Dofy.in|https://www.dofy.in/in-en/india/sell-old-phone/xiaomi/redmi-13c|Verified
Xiaomi|Redmi 13C 5G|128 GB / 4 GB RAM|128 GB|4 GB|₹7,580|India|Dofy.in|https://www.dofy.in/in-en/india/sell-old-phone/xiaomi/redmi-13c-5g|Verified
Xiaomi|Redmi 13C 5G|128 GB / 6 GB RAM|128 GB|6 GB|₹7,830|India|Dofy.in|https://www.dofy.in/in-en/india/sell-old-phone/xiaomi/redmi-13c-5g|Verified
Xiaomi|Redmi 13C 5G|256 GB / 8 GB RAM|256 GB|8 GB|₹8,310|India|Dofy.in|https://www.dofy.in/in-en/india/sell-old-phone/xiaomi/redmi-13c-5g|Verified
Xiaomi|Redmi 14C 5G|64 GB / 4 GB RAM|64 GB|4 GB|₹6,900|India|Dofy.in|https://www.dofy.in/in-en/india/sell-old-phone/xiaomi/redmi-14c-5g|Verified
Xiaomi|Redmi 14C 5G|128 GB / 4 GB RAM|128 GB|4 GB|₹7,470|India|Dofy.in|https://www.dofy.in/in-en/india/sell-old-phone/xiaomi/redmi-14c-5g|Verified
Xiaomi|Redmi 14C 5G|128 GB / 6 GB RAM|128 GB|6 GB|₹8,550|India|Dofy.in|https://www.dofy.in/in-en/india/sell-old-phone/xiaomi/redmi-14c-5g|Verified
Xiaomi|Redmi 15 5G|128 GB / 6 GB RAM|128 GB|6 GB|₹10,500|India|Dofy.in|https://www.dofy.in/in-en/india/sell-old-phone/xiaomi/redmi-15-5g|Verified
Xiaomi|Redmi 15 5G|128 GB / 8 GB RAM|128 GB|8 GB|₹11,940|India|Dofy.in|https://www.dofy.in/in-en/india/sell-old-phone/xiaomi/redmi-15-5g|Verified
Xiaomi|Redmi 15 5G|256 GB / 8 GB RAM|256 GB|8 GB|₹13,540|India|Dofy.in|https://www.dofy.in/in-en/india/sell-old-phone/xiaomi/redmi-15-5g|Verified
Xiaomi|Redmi 15A 5G|64 GB / 4 GB RAM|64 GB|4 GB|₹8,720|India|Dofy.in|https://www.dofy.in/in-en/india/sell-old-phone/xiaomi/redmi-15a-5g|Verified
Xiaomi|Redmi 15A 5G|128 GB / 4 GB RAM|128 GB|4 GB|₹10,200|India|Dofy.in|https://www.dofy.in/in-en/india/sell-old-phone/xiaomi/redmi-15a-5g|Verified
Xiaomi|Redmi 15A 5G|128 GB / 6 GB RAM|128 GB|6 GB|₹10,970|India|Dofy.in|https://www.dofy.in/in-en/india/sell-old-phone/xiaomi/redmi-15a-5g|Verified
Xiaomi|Redmi 15C 5G|128 GB / 4 GB RAM|128 GB|4 GB|₹8,810|India|Dofy.in|https://www.dofy.in/in-en/india/sell-old-phone/xiaomi/redmi-15c-5g|Verified
Xiaomi|Redmi 15C 5G|128 GB / 6 GB RAM|128 GB|6 GB|₹10,190|India|Dofy.in|https://www.dofy.in/in-en/india/sell-old-phone/xiaomi/redmi-15c-5g|Verified
Xiaomi|Redmi 15C 5G|128 GB / 8 GB RAM|128 GB|8 GB|₹11,350|India|Dofy.in|https://www.dofy.in/in-en/india/sell-old-phone/xiaomi/redmi-15c-5g|Verified
Xiaomi|Redmi 6|32 GB|32 GB|—|₹2,000|India|Dofy.in|https://www.dofy.in/in-en/india/sell-old-phone/xiaomi/redmi-6|Verified
Xiaomi|Redmi 6|64 GB|64 GB|—|₹2,730|India|Dofy.in|https://www.dofy.in/in-en/india/sell-old-phone/xiaomi/redmi-6|Verified
Xiaomi|Redmi 6A|16 GB|16 GB|—|₹1,000|India|Dofy.in|https://www.dofy.in/in-en/india/sell-old-phone/xiaomi/redmi-6a|Verified
Xiaomi|Redmi 6A|32 GB|32 GB|—|₹1,500|India|Dofy.in|https://www.dofy.in/in-en/india/sell-old-phone/xiaomi/redmi-6a|Verified
Xiaomi|Redmi 7|16 GB / 2 GB RAM|16 GB|2 GB|₹3,080|India|Dofy.in|https://www.dofy.in/in-en/india/sell-old-phone/xiaomi/redmi-7|Verified
Xiaomi|Redmi 7|32 GB / 2 GB RAM|32 GB|2 GB|₹3,170|India|Dofy.in|https://www.dofy.in/in-en/india/sell-old-phone/xiaomi/redmi-7|Verified
Xiaomi|Redmi 7|32 GB / 3 GB RAM|32 GB|3 GB|₹3,280|India|Dofy.in|https://www.dofy.in/in-en/india/sell-old-phone/xiaomi/redmi-7|Verified
Xiaomi|Redmi 7|64 GB / 3 GB RAM|64 GB|3 GB|₹3,470|India|Dofy.in|https://www.dofy.in/in-en/india/sell-old-phone/xiaomi/redmi-7|Verified
Xiaomi|Redmi 7A|16 GB / 2 GB RAM|16 GB|2 GB|₹2,310|India|Dofy.in|https://www.dofy.in/in-en/india/sell-old-phone/xiaomi/redmi-7a|Verified
Xiaomi|Redmi 7A|32 GB / 2 GB RAM|32 GB|2 GB|₹2,470|India|Dofy.in|https://www.dofy.in/in-en/india/sell-old-phone/xiaomi/redmi-7a|Verified
Xiaomi|Redmi 7A|32 GB / 3 GB RAM|32 GB|3 GB|₹2,780|India|Dofy.in|https://www.dofy.in/in-en/india/sell-old-phone/xiaomi/redmi-7a|Verified
Xiaomi|Redmi 8|64 GB / 4 GB RAM|64 GB|4 GB|₹4,000|India|Dofy.in|https://www.dofy.in/in-en/india/sell-old-phone/xiaomi/redmi-8|Single configuration listed
Xiaomi|Redmi 8A|32 GB / 2 GB RAM|32 GB|2 GB|₹2,000|India|Dofy.in|https://www.dofy.in/in-en/india/sell-old-phone/xiaomi/redmi-8a|Verified
Xiaomi|Redmi 8A|32 GB / 3 GB RAM|32 GB|3 GB|₹2,200|India|Dofy.in|https://www.dofy.in/in-en/india/sell-old-phone/xiaomi/redmi-8a|Verified
Xiaomi|Redmi 8A Dual|32 GB / 2 GB RAM|32 GB|2 GB|₹2,000|India|Dofy.in|https://www.dofy.in/in-en/india/sell-old-phone/xiaomi/redmi-8a-dual|Verified
Xiaomi|Redmi 8A Dual|32 GB / 3 GB RAM|32 GB|3 GB|₹2,300|India|Dofy.in|https://www.dofy.in/in-en/india/sell-old-phone/xiaomi/redmi-8a-dual|Verified
Xiaomi|Redmi 8A Dual|64 GB / 3 GB RAM|64 GB|3 GB|₹2,600|India|Dofy.in|https://www.dofy.in/in-en/india/sell-old-phone/xiaomi/redmi-8a-dual|Verified
Xiaomi|Redmi 9|64 GB|64 GB|—|₹4,000|India|Dofy.in|https://www.dofy.in/in-en/india/sell-old-phone/xiaomi/redmi-9|Verified
Xiaomi|Redmi 9|128 GB|128 GB|—|₹4,420|India|Dofy.in|https://www.dofy.in/in-en/india/sell-old-phone/xiaomi/redmi-9|Verified
Xiaomi|Redmi 9 Activ|64 GB / 4 GB RAM|64 GB|4 GB|₹4,220|India|Dofy.in|https://www.dofy.in/in-en/india/sell-old-phone/xiaomi/redmi-9-activ|Verified
Xiaomi|Redmi 9 Activ|128 GB / 6 GB RAM|128 GB|6 GB|₹4,720|India|Dofy.in|https://www.dofy.in/in-en/india/sell-old-phone/xiaomi/redmi-9-activ|Verified
Xiaomi|Redmi 9 Prime|64 GB|64 GB|—|₹4,000|India|Dofy.in|https://www.dofy.in/in-en/india/sell-old-phone/xiaomi/redmi-9-prime|Verified
Xiaomi|Redmi 9 Prime|128 GB|128 GB|—|₹4,200|India|Dofy.in|https://www.dofy.in/in-en/india/sell-old-phone/xiaomi/redmi-9-prime|Verified
Xiaomi|Redmi 9A|32 GB / 2 GB RAM|32 GB|2 GB|₹3,000|India|Dofy.in|https://www.dofy.in/in-en/india/sell-old-phone/xiaomi/redmi-9a|Verified
Xiaomi|Redmi 9A|32 GB / 3 GB RAM|32 GB|3 GB|₹3,200|India|Dofy.in|https://www.dofy.in/in-en/india/sell-old-phone/xiaomi/redmi-9a|Verified
Xiaomi|Redmi 9i|64 GB|64 GB|—|₹4,170|India|Dofy.in|https://www.dofy.in/in-en/india/sell-old-phone/xiaomi/redmi-9i|Verified
Xiaomi|Redmi 9i|128 GB|128 GB|—|₹4,420|India|Dofy.in|https://www.dofy.in/in-en/india/sell-old-phone/xiaomi/redmi-9i|Verified
Xiaomi|Redmi A1 2022|32 GB / 2 GB RAM|32 GB|2 GB|₹3,440|India|Dofy.in|https://www.dofy.in/in-en/india/sell-old-phone/xiaomi/redmi-a1-2022|Single configuration listed
Xiaomi|Redmi A1 Plus|32 GB / 2 GB RAM|32 GB|2 GB|₹3,730|India|Dofy.in|https://www.dofy.in/in-en/india/sell-old-phone/xiaomi/redmi-a1-plus|Verified
Xiaomi|Redmi A1 Plus|32 GB / 3 GB RAM|32 GB|3 GB|₹3,930|India|Dofy.in|https://www.dofy.in/in-en/india/sell-old-phone/xiaomi/redmi-a1-plus|Verified
Xiaomi|Redmi A2|64 GB / 4 GB RAM|64 GB|4 GB|₹3,000|India|Dofy.in|https://www.dofy.in/in-en/india/sell-old-phone/xiaomi/redmi-a2|Verified
Xiaomi|Redmi A2|128 GB / 6 GB RAM|128 GB|6 GB|₹3,500|India|Dofy.in|https://www.dofy.in/in-en/india/sell-old-phone/xiaomi/redmi-a2|Verified
Xiaomi|Redmi A2 2023|32 GB / 2 GB RAM|32 GB|2 GB|₹3,180|India|Dofy.in|https://www.dofy.in/in-en/india/sell-old-phone/xiaomi/redmi-a2-2023|Verified
Xiaomi|Redmi A2 2023|64 GB / 4 GB RAM|64 GB|4 GB|₹3,630|India|Dofy.in|https://www.dofy.in/in-en/india/sell-old-phone/xiaomi/redmi-a2-2023|Verified
Xiaomi|Redmi A2 2023|64 GB / 2 GB RAM|64 GB|2 GB|₹3,270|India|Dofy.in|https://www.dofy.in/in-en/india/sell-old-phone/xiaomi/redmi-a2-2023|Verified
Xiaomi|Redmi A2 Plus|64 GB / 4 GB RAM|64 GB|4 GB|₹3,970|India|Dofy.in|https://www.dofy.in/in-en/india/sell-old-phone/xiaomi/redmi-a2-plus|Verified
Xiaomi|Redmi A2 Plus|128 GB / 4 GB RAM|128 GB|4 GB|₹4,130|India|Dofy.in|https://www.dofy.in/in-en/india/sell-old-phone/xiaomi/redmi-a2-plus|Verified
Xiaomi|Redmi A3|64 GB / 4 GB RAM|64 GB|4 GB|₹4,530|India|Dofy.in|https://www.dofy.in/in-en/india/sell-old-phone/xiaomi/redmi-a3|Verified
Xiaomi|Redmi A3|64 GB / 3 GB RAM|64 GB|3 GB|₹3,940|India|Dofy.in|https://www.dofy.in/in-en/india/sell-old-phone/xiaomi/redmi-a3|Verified
Xiaomi|Redmi A3|128 GB / 4 GB RAM|128 GB|4 GB|₹4,520|India|Dofy.in|https://www.dofy.in/in-en/india/sell-old-phone/xiaomi/redmi-a3|Verified
Xiaomi|Redmi A3|128 GB / 6 GB RAM|128 GB|6 GB|₹4,730|India|Dofy.in|https://www.dofy.in/in-en/india/sell-old-phone/xiaomi/redmi-a3|Verified
Xiaomi|Redmi A3X|64 GB / 3 GB RAM|64 GB|3 GB|₹4,000|India|Dofy.in|https://www.dofy.in/in-en/india/sell-old-phone/xiaomi/redmi-a3x|Verified
Xiaomi|Redmi A3X|128 GB / 4 GB RAM|128 GB|4 GB|₹4,200|India|Dofy.in|https://www.dofy.in/in-en/india/sell-old-phone/xiaomi/redmi-a3x|Verified
Xiaomi|Redmi A4 5G|64 GB / 4 GB RAM|64 GB|4 GB|₹6,070|India|Dofy.in|https://www.dofy.in/in-en/india/sell-old-phone/xiaomi/redmi-a4-5g|Verified
Xiaomi|Redmi A4 5G|128 GB / 4 GB RAM|128 GB|4 GB|₹6,480|India|Dofy.in|https://www.dofy.in/in-en/india/sell-old-phone/xiaomi/redmi-a4-5g|Verified
Xiaomi|Redmi A5|64 GB / 3 GB RAM|64 GB|3 GB|₹4,530|India|Dofy.in|https://www.dofy.in/in-en/india/sell-old-phone/xiaomi/redmi-a5|Verified
Xiaomi|Redmi A5|128 GB / 4 GB RAM|128 GB|4 GB|₹5,130|India|Dofy.in|https://www.dofy.in/in-en/india/sell-old-phone/xiaomi/redmi-a5|Verified
Xiaomi|Redmi A7 Pro 5G|64 GB / 4 GB RAM|64 GB|4 GB|₹7,430|India|Dofy.in|https://www.dofy.in/in-en/india/sell-old-phone/xiaomi/redmi-a7-pro-5g|Verified
Xiaomi|Redmi A7 Pro 5G|128 GB / 4 GB RAM|128 GB|4 GB|₹8,000|India|Dofy.in|https://www.dofy.in/in-en/india/sell-old-phone/xiaomi/redmi-a7-pro-5g|Verified
Xiaomi|Redmi Go|8 GB|8 GB|—|₹1,610|India|Dofy.in|https://www.dofy.in/in-en/india/sell-old-phone/xiaomi/redmi-go|Verified
Xiaomi|Redmi Go|16 GB|16 GB|—|₹1,940|India|Dofy.in|https://www.dofy.in/in-en/india/sell-old-phone/xiaomi/redmi-go|Verified
Xiaomi|Redmi K20|64 GB|64 GB|—|₹6,390|India|Dofy.in|https://www.dofy.in/in-en/india/sell-old-phone/xiaomi/redmi-k20|Verified
Xiaomi|Redmi K20|128 GB|128 GB|—|₹6,750|India|Dofy.in|https://www.dofy.in/in-en/india/sell-old-phone/xiaomi/redmi-k20|Verified
Xiaomi|Redmi K20 Pro|128 GB / 6 GB RAM|128 GB|6 GB|₹7,380|India|Dofy.in|https://www.dofy.in/in-en/india/sell-old-phone/xiaomi/redmi-k20-pro|Verified
Xiaomi|Redmi K20 Pro|256 GB / 8 GB RAM|256 GB|8 GB|₹7,790|India|Dofy.in|https://www.dofy.in/in-en/india/sell-old-phone/xiaomi/redmi-k20-pro|Verified
Xiaomi|Redmi K50i|128 GB / 6 GB RAM|128 GB|6 GB|₹10,830|India|Dofy.in|https://www.dofy.in/in-en/india/sell-old-phone/xiaomi/redmi-k50i|Verified
Xiaomi|Redmi K50i|256 GB / 8 GB RAM|256 GB|8 GB|₹11,220|India|Dofy.in|https://www.dofy.in/in-en/india/sell-old-phone/xiaomi/redmi-k50i|Verified
Xiaomi|Redmi Note 10|64 GB / 4 GB RAM|64 GB|4 GB|₹5,610|India|Dofy.in|https://www.dofy.in/in-en/india/sell-old-phone/xiaomi/redmi-note-10|Verified
Xiaomi|Redmi Note 10|128 GB / 6 GB RAM|128 GB|6 GB|₹6,240|India|Dofy.in|https://www.dofy.in/in-en/india/sell-old-phone/xiaomi/redmi-note-10|Verified
Xiaomi|Redmi Note 10 Lite|64 GB / 4 GB RAM|64 GB|4 GB|₹5,310|India|Dofy.in|https://www.dofy.in/in-en/india/sell-old-phone/xiaomi/redmi-note-10-lite|Verified
Xiaomi|Redmi Note 10 Lite|128 GB / 4 GB RAM|128 GB|4 GB|₹5,470|India|Dofy.in|https://www.dofy.in/in-en/india/sell-old-phone/xiaomi/redmi-note-10-lite|Verified
Xiaomi|Redmi Note 10 Lite|128 GB / 6 GB RAM|128 GB|6 GB|₹5,830|India|Dofy.in|https://www.dofy.in/in-en/india/sell-old-phone/xiaomi/redmi-note-10-lite|Verified
Xiaomi|Redmi Note 10 Pro|64 GB / 6 GB RAM|64 GB|6 GB|₹6,100|India|Dofy.in|https://www.dofy.in/in-en/india/sell-old-phone/xiaomi/redmi-note-10-pro|Verified
Xiaomi|Redmi Note 10 Pro|128 GB / 6 GB RAM|128 GB|6 GB|₹6,640|India|Dofy.in|https://www.dofy.in/in-en/india/sell-old-phone/xiaomi/redmi-note-10-pro|Verified
Xiaomi|Redmi Note 10 Pro|128 GB / 8 GB RAM|128 GB|8 GB|₹7,000|India|Dofy.in|https://www.dofy.in/in-en/india/sell-old-phone/xiaomi/redmi-note-10-pro|Verified
Xiaomi|Redmi Note 10 Pro Max|64 GB / 6 GB RAM|64 GB|6 GB|₹6,610|India|Dofy.in|https://www.dofy.in/in-en/india/sell-old-phone/xiaomi/redmi-note-10-pro-max|Verified
Xiaomi|Redmi Note 10 Pro Max|128 GB / 6 GB RAM|128 GB|6 GB|₹7,050|India|Dofy.in|https://www.dofy.in/in-en/india/sell-old-phone/xiaomi/redmi-note-10-pro-max|Verified
Xiaomi|Redmi Note 10 Pro Max|128 GB / 8 GB RAM|128 GB|8 GB|₹7,680|India|Dofy.in|https://www.dofy.in/in-en/india/sell-old-phone/xiaomi/redmi-note-10-pro-max|Verified
Xiaomi|Redmi Note 10S|64 GB|64 GB|—|₹6,190|India|Dofy.in|https://www.dofy.in/in-en/india/sell-old-phone/xiaomi/redmi-note-10s|Verified
Xiaomi|Redmi Note 10S|128 GB|128 GB|—|₹6,850|India|Dofy.in|https://www.dofy.in/in-en/india/sell-old-phone/xiaomi/redmi-note-10s|Verified
Xiaomi|Redmi Note 10T 5G|64 GB / 4 GB RAM|64 GB|4 GB|₹7,140|India|Dofy.in|https://www.dofy.in/in-en/india/sell-old-phone/xiaomi/redmi-note-10t-5g|Verified
Xiaomi|Redmi Note 10T 5G|128 GB / 6 GB RAM|128 GB|6 GB|₹7,490|India|Dofy.in|https://www.dofy.in/in-en/india/sell-old-phone/xiaomi/redmi-note-10t-5g|Verified
Xiaomi|Redmi Note 11|64 GB / 4 GB RAM|64 GB|4 GB|₹6,090|India|Dofy.in|https://www.dofy.in/in-en/india/sell-old-phone/xiaomi/redmi-note-11|Verified
Xiaomi|Redmi Note 11|64 GB / 6 GB RAM|64 GB|6 GB|₹6,350|India|Dofy.in|https://www.dofy.in/in-en/india/sell-old-phone/xiaomi/redmi-note-11|Verified
Xiaomi|Redmi Note 11|128 GB / 6 GB RAM|128 GB|6 GB|₹6,670|India|Dofy.in|https://www.dofy.in/in-en/india/sell-old-phone/xiaomi/redmi-note-11|Verified
Xiaomi|Redmi Note 11 Pro|128 GB / 6 GB RAM|128 GB|6 GB|₹8,060|India|Dofy.in|https://www.dofy.in/in-en/india/sell-old-phone/xiaomi/redmi-note-11-pro|Verified
Xiaomi|Redmi Note 11 Pro|128 GB / 8 GB RAM|128 GB|8 GB|₹8,440|India|Dofy.in|https://www.dofy.in/in-en/india/sell-old-phone/xiaomi/redmi-note-11-pro|Verified
Xiaomi|Redmi Note 11 Pro Plus 5G|128 GB / 6 GB RAM|128 GB|6 GB|₹9,100|India|Dofy.in|https://www.dofy.in/in-en/india/sell-old-phone/xiaomi/redmi-note-11-pro-plus-5g|Verified
Xiaomi|Redmi Note 11 Pro Plus 5G|128 GB / 8 GB RAM|128 GB|8 GB|₹9,430|India|Dofy.in|https://www.dofy.in/in-en/india/sell-old-phone/xiaomi/redmi-note-11-pro-plus-5g|Verified
Xiaomi|Redmi Note 11 Pro Plus 5G|256 GB / 8 GB RAM|256 GB|8 GB|₹9,690|India|Dofy.in|https://www.dofy.in/in-en/india/sell-old-phone/xiaomi/redmi-note-11-pro-plus-5g|Verified
Xiaomi|Redmi Note 11 Se|64 GB / 6 GB RAM|64 GB|6 GB|₹6,110|India|Dofy.in|https://www.dofy.in/in-en/india/sell-old-phone/xiaomi/redmi-note-11-se|Single configuration listed
Xiaomi|Redmi Note 11S|64 GB / 6 GB RAM|64 GB|6 GB|₹6,440|India|Dofy.in|https://www.dofy.in/in-en/india/sell-old-phone/xiaomi/redmi-note-11s|Verified
Xiaomi|Redmi Note 11S|128 GB / 6 GB RAM|128 GB|6 GB|₹6,660|India|Dofy.in|https://www.dofy.in/in-en/india/sell-old-phone/xiaomi/redmi-note-11s|Verified
Xiaomi|Redmi Note 11S|128 GB / 8 GB RAM|128 GB|8 GB|₹6,920|India|Dofy.in|https://www.dofy.in/in-en/india/sell-old-phone/xiaomi/redmi-note-11s|Verified
Xiaomi|Redmi Note 11T 5G|64 GB / 6 GB RAM|64 GB|6 GB|₹7,750|India|Dofy.in|https://www.dofy.in/in-en/india/sell-old-phone/xiaomi/redmi-note-11t-5g|Verified
Xiaomi|Redmi Note 11T 5G|128 GB / 6 GB RAM|128 GB|6 GB|₹8,160|India|Dofy.in|https://www.dofy.in/in-en/india/sell-old-phone/xiaomi/redmi-note-11t-5g|Verified
Xiaomi|Redmi Note 11T 5G|128 GB / 8 GB RAM|128 GB|8 GB|₹8,480|India|Dofy.in|https://www.dofy.in/in-en/india/sell-old-phone/xiaomi/redmi-note-11t-5g|Verified
Xiaomi|Redmi Note 12 4G|64 GB / 6 GB RAM|64 GB|6 GB|₹6,470|India|Dofy.in|https://www.dofy.in/in-en/india/sell-old-phone/xiaomi/redmi-note-12-4g|Verified
Xiaomi|Redmi Note 12 4G|128 GB / 6 GB RAM|128 GB|6 GB|₹6,960|India|Dofy.in|https://www.dofy.in/in-en/india/sell-old-phone/xiaomi/redmi-note-12-4g|Verified
Xiaomi|Redmi Note 12 5G|128 GB / 4 GB RAM|128 GB|4 GB|₹8,630|India|Dofy.in|https://www.dofy.in/in-en/india/sell-old-phone/xiaomi/redmi-note-12-5g|Verified
Xiaomi|Redmi Note 12 5G|128 GB / 6 GB RAM|128 GB|6 GB|₹9,370|India|Dofy.in|https://www.dofy.in/in-en/india/sell-old-phone/xiaomi/redmi-note-12-5g|Verified
Xiaomi|Redmi Note 12 5G|256 GB / 8 GB RAM|256 GB|8 GB|₹9,810|India|Dofy.in|https://www.dofy.in/in-en/india/sell-old-phone/xiaomi/redmi-note-12-5g|Verified
Xiaomi|Redmi Note 12 Pro 5G|128 GB / 6 GB RAM|128 GB|6 GB|₹10,950|India|Dofy.in|https://www.dofy.in/in-en/india/sell-old-phone/xiaomi/redmi-note-12-pro-5g|Verified
Xiaomi|Redmi Note 12 Pro 5G|128 GB / 8 GB RAM|128 GB|8 GB|₹11,580|India|Dofy.in|https://www.dofy.in/in-en/india/sell-old-phone/xiaomi/redmi-note-12-pro-5g|Verified
Xiaomi|Redmi Note 12 Pro 5G|256 GB / 8 GB RAM|256 GB|8 GB|₹12,010|India|Dofy.in|https://www.dofy.in/in-en/india/sell-old-phone/xiaomi/redmi-note-12-pro-5g|Verified
Xiaomi|Redmi Note 12 Pro 5G|256 GB / 12 GB RAM|256 GB|12 GB|₹12,440|India|Dofy.in|https://www.dofy.in/in-en/india/sell-old-phone/xiaomi/redmi-note-12-pro-5g|Verified
Xiaomi|Redmi Note 12 Pro Plus 5G|256 GB / 8 GB RAM|256 GB|8 GB|₹11,770|India|Dofy.in|https://www.dofy.in/in-en/india/sell-old-phone/xiaomi/redmi-note-12-pro-plus-5g|Verified
Xiaomi|Redmi Note 12 Pro Plus 5G|256 GB / 12 GB RAM|256 GB|12 GB|₹12,420|India|Dofy.in|https://www.dofy.in/in-en/india/sell-old-phone/xiaomi/redmi-note-12-pro-plus-5g|Verified
Xiaomi|Redmi Note 13 5G|128 GB / 6 GB RAM|128 GB|6 GB|₹9,960|India|Dofy.in|https://www.dofy.in/in-en/india/sell-old-phone/xiaomi/redmi-note-13-5g|Verified
Xiaomi|Redmi Note 13 5G|256 GB / 8 GB RAM|256 GB|8 GB|₹10,400|India|Dofy.in|https://www.dofy.in/in-en/india/sell-old-phone/xiaomi/redmi-note-13-5g|Verified
Xiaomi|Redmi Note 13 5G|256 GB / 12 GB RAM|256 GB|12 GB|₹11,120|India|Dofy.in|https://www.dofy.in/in-en/india/sell-old-phone/xiaomi/redmi-note-13-5g|Verified
Xiaomi|Redmi Note 13 Pro 5G|128 GB / 8 GB RAM|128 GB|8 GB|₹12,810|India|Dofy.in|https://www.dofy.in/in-en/india/sell-old-phone/xiaomi/redmi-note-13-pro-5g|Verified
Xiaomi|Redmi Note 13 Pro 5G|256 GB / 8 GB RAM|256 GB|8 GB|₹13,600|India|Dofy.in|https://www.dofy.in/in-en/india/sell-old-phone/xiaomi/redmi-note-13-pro-5g|Verified
Xiaomi|Redmi Note 13 Pro 5G|256 GB / 12 GB RAM|256 GB|12 GB|₹14,170|India|Dofy.in|https://www.dofy.in/in-en/india/sell-old-phone/xiaomi/redmi-note-13-pro-5g|Verified
Xiaomi|Redmi Note 13 Pro Plus|256 GB / 8 GB RAM|256 GB|8 GB|₹16,220|India|Dofy.in|https://www.dofy.in/in-en/india/sell-old-phone/xiaomi/redmi-note-13-pro-plus|Verified
Xiaomi|Redmi Note 13 Pro Plus|256 GB / 12 GB RAM|256 GB|12 GB|₹16,600|India|Dofy.in|https://www.dofy.in/in-en/india/sell-old-phone/xiaomi/redmi-note-13-pro-plus|Verified
Xiaomi|Redmi Note 13 Pro Plus|512 GB / 12 GB RAM|512 GB|12 GB|₹16,850|India|Dofy.in|https://www.dofy.in/in-en/india/sell-old-phone/xiaomi/redmi-note-13-pro-plus|Verified
Xiaomi|Redmi Note 14 5G|128 GB / 6 GB RAM|128 GB|6 GB|₹10,950|India|Dofy.in|https://www.dofy.in/in-en/india/sell-old-phone/xiaomi/redmi-note-14-5g|Verified
Xiaomi|Redmi Note 14 5G|128 GB / 8 GB RAM|128 GB|8 GB|₹11,520|India|Dofy.in|https://www.dofy.in/in-en/india/sell-old-phone/xiaomi/redmi-note-14-5g|Verified
Xiaomi|Redmi Note 14 5G|256 GB / 8 GB RAM|256 GB|8 GB|₹12,790|India|Dofy.in|https://www.dofy.in/in-en/india/sell-old-phone/xiaomi/redmi-note-14-5g|Verified
Xiaomi|Redmi Note 14 Pro 5G|128 GB / 8 GB RAM|128 GB|8 GB|₹15,750|India|Dofy.in|https://www.dofy.in/in-en/india/sell-old-phone/xiaomi/redmi-note-14-pro-5g|Verified
Xiaomi|Redmi Note 14 Pro 5G|256 GB / 8 GB RAM|256 GB|8 GB|₹16,050|India|Dofy.in|https://www.dofy.in/in-en/india/sell-old-phone/xiaomi/redmi-note-14-pro-5g|Verified
Xiaomi|Redmi Note 14 Pro Plus 5G|128 GB / 8 GB RAM|128 GB|8 GB|₹18,670|India|Dofy.in|https://www.dofy.in/in-en/india/sell-old-phone/xiaomi/redmi-note-14-pro-plus-5g|Verified
Xiaomi|Redmi Note 14 Pro Plus 5G|256 GB / 8 GB RAM|256 GB|8 GB|₹19,800|India|Dofy.in|https://www.dofy.in/in-en/india/sell-old-phone/xiaomi/redmi-note-14-pro-plus-5g|Verified
Xiaomi|Redmi Note 14 Pro Plus 5G|512 GB / 12 GB RAM|512 GB|12 GB|₹21,080|India|Dofy.in|https://www.dofy.in/in-en/india/sell-old-phone/xiaomi/redmi-note-14-pro-plus-5g|Verified
Xiaomi|Redmi Note 14 SE 5G|128 GB / 6 GB RAM|128 GB|6 GB|₹9,400|India|Dofy.in|https://www.dofy.in/in-en/india/sell-old-phone/xiaomi/redmi-note-14-se-5g|Single configuration listed
Xiaomi|Redmi Note 15 5G|128 GB / 8 GB RAM|128 GB|8 GB|₹14,200|India|Dofy.in|https://www.dofy.in/in-en/india/sell-old-phone/xiaomi/redmi-note-15-5g|Verified
Xiaomi|Redmi Note 15 5G|256 GB / 8 GB RAM|256 GB|8 GB|₹16,400|India|Dofy.in|https://www.dofy.in/in-en/india/sell-old-phone/xiaomi/redmi-note-15-5g|Verified
Xiaomi|Redmi Note 15 Pro 5G|128 GB / 8 GB RAM|128 GB|8 GB|₹18,900|India|Dofy.in|https://www.dofy.in/in-en/india/sell-old-phone/xiaomi/redmi-note-15-pro-5g|Verified
Xiaomi|Redmi Note 15 Pro 5G|256 GB / 8 GB RAM|256 GB|8 GB|₹20,340|India|Dofy.in|https://www.dofy.in/in-en/india/sell-old-phone/xiaomi/redmi-note-15-pro-5g|Verified
Xiaomi|Redmi Note 15 Pro Plus 5G|256 GB / 8 GB RAM|256 GB|8 GB|₹22,300|India|Dofy.in|https://www.dofy.in/in-en/india/sell-old-phone/xiaomi/redmi-note-15-pro-plus-5g|Verified
Xiaomi|Redmi Note 15 Pro Plus 5G|256 GB / 12 GB RAM|256 GB|12 GB|₹24,440|India|Dofy.in|https://www.dofy.in/in-en/india/sell-old-phone/xiaomi/redmi-note-15-pro-plus-5g|Verified
Xiaomi|Redmi Note 15 Pro Plus 5G|512 GB / 12 GB RAM|512 GB|12 GB|₹25,330|India|Dofy.in|https://www.dofy.in/in-en/india/sell-old-phone/xiaomi/redmi-note-15-pro-plus-5g|Verified
Xiaomi|Redmi Note 15 SE 5G|128 GB / 6 GB RAM|128 GB|6 GB|₹12,200|India|Dofy.in|https://www.dofy.in/in-en/india/sell-old-phone/xiaomi/redmi-note-15-se-5g|Verified
Xiaomi|Redmi Note 15 SE 5G|128 GB / 8 GB RAM|128 GB|8 GB|₹13,750|India|Dofy.in|https://www.dofy.in/in-en/india/sell-old-phone/xiaomi/redmi-note-15-se-5g|Verified
Xiaomi|Redmi Note 15 SE 5G|256 GB / 8 GB RAM|256 GB|8 GB|₹14,600|India|Dofy.in|https://www.dofy.in/in-en/india/sell-old-phone/xiaomi/redmi-note-15-se-5g|Verified
Xiaomi|Redmi Note 17 5G|128 GB / 6 GB RAM|128 GB|6 GB|₹18,200|India|Dofy.in|https://www.dofy.in/in-en/india/sell-old-phone/xiaomi/redmi-note-17-5g|Verified
Xiaomi|Redmi Note 17 5G|128 GB / 8 GB RAM|128 GB|8 GB|₹20,150|India|Dofy.in|https://www.dofy.in/in-en/india/sell-old-phone/xiaomi/redmi-note-17-5g|Verified
Xiaomi|Redmi Note 5|32 GB / 3 GB RAM|32 GB|3 GB|₹2,000|India|Dofy.in|https://www.dofy.in/in-en/india/sell-old-phone/xiaomi/redmi-note-5|Verified
Xiaomi|Redmi Note 5|64 GB / 4 GB RAM|64 GB|4 GB|₹2,300|India|Dofy.in|https://www.dofy.in/in-en/india/sell-old-phone/xiaomi/redmi-note-5|Verified
Xiaomi|Redmi Note 5 Pro|64 GB / 4 GB RAM|64 GB|4 GB|₹3,000|India|Dofy.in|https://www.dofy.in/in-en/india/sell-old-phone/xiaomi/redmi-note-5-pro|Verified
Xiaomi|Redmi Note 5 Pro|64 GB / 6 GB RAM|64 GB|6 GB|₹3,200|India|Dofy.in|https://www.dofy.in/in-en/india/sell-old-phone/xiaomi/redmi-note-5-pro|Verified
Xiaomi|Redmi Note 6 Pro|64 GB / 4 GB RAM|64 GB|4 GB|₹3,500|India|Dofy.in|https://www.dofy.in/in-en/india/sell-old-phone/xiaomi/redmi-note-6-pro|Verified
Xiaomi|Redmi Note 6 Pro|64 GB / 6 GB RAM|64 GB|6 GB|₹3,950|India|Dofy.in|https://www.dofy.in/in-en/india/sell-old-phone/xiaomi/redmi-note-6-pro|Verified
Xiaomi|Redmi Note 7|32 GB / 3 GB RAM|32 GB|3 GB|₹3,720|India|Dofy.in|https://www.dofy.in/in-en/india/sell-old-phone/xiaomi/redmi-note-7|Verified
Xiaomi|Redmi Note 7|64 GB / 4 GB RAM|64 GB|4 GB|₹4,080|India|Dofy.in|https://www.dofy.in/in-en/india/sell-old-phone/xiaomi/redmi-note-7|Verified
Xiaomi|Redmi Note 7 Pro|64 GB / 4 GB RAM|64 GB|4 GB|₹4,680|India|Dofy.in|https://www.dofy.in/in-en/india/sell-old-phone/xiaomi/redmi-note-7-pro|Verified
Xiaomi|Redmi Note 7 Pro|64 GB / 6 GB RAM|64 GB|6 GB|₹4,910|India|Dofy.in|https://www.dofy.in/in-en/india/sell-old-phone/xiaomi/redmi-note-7-pro|Verified
Xiaomi|Redmi Note 7 Pro|128 GB / 6 GB RAM|128 GB|6 GB|₹5,050|India|Dofy.in|https://www.dofy.in/in-en/india/sell-old-phone/xiaomi/redmi-note-7-pro|Verified
Xiaomi|Redmi Note 7S|32 GB / 3 GB RAM|32 GB|3 GB|₹3,980|India|Dofy.in|https://www.dofy.in/in-en/india/sell-old-phone/xiaomi/redmi-note-7s|Verified
Xiaomi|Redmi Note 7S|64 GB / 4 GB RAM|64 GB|4 GB|₹4,220|India|Dofy.in|https://www.dofy.in/in-en/india/sell-old-phone/xiaomi/redmi-note-7s|Verified
Xiaomi|Redmi Note 8|32 GB / 3 GB RAM|32 GB|3 GB|₹4,610|India|Dofy.in|https://www.dofy.in/in-en/india/sell-old-phone/xiaomi/redmi-note-8|Verified
Xiaomi|Redmi Note 8|64 GB / 4 GB RAM|64 GB|4 GB|₹4,810|India|Dofy.in|https://www.dofy.in/in-en/india/sell-old-phone/xiaomi/redmi-note-8|Verified
Xiaomi|Redmi Note 8|128 GB / 6 GB RAM|128 GB|6 GB|₹4,960|India|Dofy.in|https://www.dofy.in/in-en/india/sell-old-phone/xiaomi/redmi-note-8|Verified
Xiaomi|Redmi Note 8 Pro|64 GB / 6 GB RAM|64 GB|6 GB|₹5,310|India|Dofy.in|https://www.dofy.in/in-en/india/sell-old-phone/xiaomi/redmi-note-8-pro|Verified
Xiaomi|Redmi Note 8 Pro|128 GB / 6 GB RAM|128 GB|6 GB|₹5,500|India|Dofy.in|https://www.dofy.in/in-en/india/sell-old-phone/xiaomi/redmi-note-8-pro|Verified
Xiaomi|Redmi Note 8 Pro|128 GB / 8 GB RAM|128 GB|8 GB|₹5,700|India|Dofy.in|https://www.dofy.in/in-en/india/sell-old-phone/xiaomi/redmi-note-8-pro|Verified
Xiaomi|Redmi Note 9|64 GB / 4 GB RAM|64 GB|4 GB|₹5,360|India|Dofy.in|https://www.dofy.in/in-en/india/sell-old-phone/xiaomi/redmi-note-9|Verified
Xiaomi|Redmi Note 9|128 GB / 4 GB RAM|128 GB|4 GB|₹5,560|India|Dofy.in|https://www.dofy.in/in-en/india/sell-old-phone/xiaomi/redmi-note-9|Verified
Xiaomi|Redmi Note 9|128 GB / 6 GB RAM|128 GB|6 GB|₹5,750|India|Dofy.in|https://www.dofy.in/in-en/india/sell-old-phone/xiaomi/redmi-note-9|Verified
Xiaomi|Redmi Note 9 Pro|64 GB / 4 GB RAM|64 GB|4 GB|₹5,750|India|Dofy.in|https://www.dofy.in/in-en/india/sell-old-phone/xiaomi/redmi-note-9-pro|Verified
Xiaomi|Redmi Note 9 Pro|128 GB / 4 GB RAM|128 GB|4 GB|₹5,910|India|Dofy.in|https://www.dofy.in/in-en/india/sell-old-phone/xiaomi/redmi-note-9-pro|Verified
Xiaomi|Redmi Note 9 Pro|128 GB / 6 GB RAM|128 GB|6 GB|₹6,190|India|Dofy.in|https://www.dofy.in/in-en/india/sell-old-phone/xiaomi/redmi-note-9-pro|Verified
Xiaomi|Redmi Note 9 Pro Max|64 GB / 6 GB RAM|64 GB|6 GB|₹6,440|India|Dofy.in|https://www.dofy.in/in-en/india/sell-old-phone/xiaomi/redmi-note-9-pro-max|Verified
Xiaomi|Redmi Note 9 Pro Max|128 GB / 6 GB RAM|128 GB|6 GB|₹6,700|India|Dofy.in|https://www.dofy.in/in-en/india/sell-old-phone/xiaomi/redmi-note-9-pro-max|Verified
Xiaomi|Redmi Note 9 Pro Max|128 GB / 8 GB RAM|128 GB|8 GB|₹7,000|India|Dofy.in|https://www.dofy.in/in-en/india/sell-old-phone/xiaomi/redmi-note-9-pro-max|Verified
Xiaomi|Redmi Turbo 5|256 GB / 8 GB RAM|256 GB|8 GB|₹24,220|India|Dofy.in|https://www.dofy.in/in-en/india/sell-old-phone/xiaomi/redmi-turbo-5|Verified
Xiaomi|Redmi Turbo 5|256 GB / 12 GB RAM|256 GB|12 GB|₹26,190|India|Dofy.in|https://www.dofy.in/in-en/india/sell-old-phone/xiaomi/redmi-turbo-5|Verified
Xiaomi|Redmi Y2|32 GB / 3 GB RAM|32 GB|3 GB|₹2,000|India|Dofy.in|https://www.dofy.in/in-en/india/sell-old-phone/xiaomi/redmi-y2|Verified
Xiaomi|Redmi Y2|64 GB / 4 GB RAM|64 GB|4 GB|₹2,300|India|Dofy.in|https://www.dofy.in/in-en/india/sell-old-phone/xiaomi/redmi-y2|Verified
Xiaomi|Redmi Y3|32 GB / 3 GB RAM|32 GB|3 GB|₹3,370|India|Dofy.in|https://www.dofy.in/in-en/india/sell-old-phone/xiaomi/redmi-y3|Verified
Xiaomi|Redmi Y3|64 GB / 4 GB RAM|64 GB|4 GB|₹3,470|India|Dofy.in|https://www.dofy.in/in-en/india/sell-old-phone/xiaomi/redmi-y3|Verified
Xiaomi|11 Lite NE 5G|128 GB / 6 GB RAM|128 GB|6 GB|₹10,640|India|Dofy.in|https://www.dofy.in/in-en/india/sell-old-phone/xiaomi/xiaomi-11-lite-ne-5g|Verified
Xiaomi|11 Lite NE 5G|128 GB / 8 GB RAM|128 GB|8 GB|₹10,830|India|Dofy.in|https://www.dofy.in/in-en/india/sell-old-phone/xiaomi/xiaomi-11-lite-ne-5g|Verified
Xiaomi|14 CIVI|256 GB / 8 GB RAM|256 GB|8 GB|₹18,730|India|Dofy.in|https://www.dofy.in/in-en/india/sell-old-phone/xiaomi/xiaomi-14-civi|Verified
Xiaomi|14 CIVI|512 GB / 12 GB RAM|512 GB|12 GB|₹19,410|India|Dofy.in|https://www.dofy.in/in-en/india/sell-old-phone/xiaomi/xiaomi-14-civi|Verified
Xiaomi|15|512 GB / 12 GB RAM|512 GB|12 GB|₹29,580|India|Dofy.in|https://www.dofy.in/in-en/india/sell-old-phone/xiaomi/xiaomi-15|Single configuration listed
Xiaomi|15 Ultra|512 GB / 16 GB RAM|512 GB|16 GB|₹60,480|India|Dofy.in|https://www.dofy.in/in-en/india/sell-old-phone/xiaomi/xiaomi-15-ultra|Single configuration listed
Xiaomi|17|512 GB / 12 GB RAM|512 GB|12 GB|₹56,570|India|Dofy.in|https://www.dofy.in/in-en/india/sell-old-phone/xiaomi/xiaomi-17|Single configuration listed
Xiaomi|17 Ultra|512 GB / 16 GB RAM|512 GB|16 GB|₹76,370|India|Dofy.in|https://www.dofy.in/in-en/india/sell-old-phone/xiaomi/xiaomi-17-ultra|Single configuration listed
Xiaomi|Mi 10|128 GB|128 GB|—|₹13,090|India|Dofy.in|https://www.dofy.in/in-en/india/sell-old-phone/xiaomi/xiaomi-mi-10|Verified
Xiaomi|Mi 10|256 GB|256 GB|—|₹13,470|India|Dofy.in|https://www.dofy.in/in-en/india/sell-old-phone/xiaomi/xiaomi-mi-10|Verified
Xiaomi|Mi 10i|64 GB / 6 GB RAM|64 GB|6 GB|₹8,920|India|Dofy.in|https://www.dofy.in/in-en/india/sell-old-phone/xiaomi/xiaomi-mi-10i|Verified
Xiaomi|Mi 10i|128 GB / 6 GB RAM|128 GB|6 GB|₹9,260|India|Dofy.in|https://www.dofy.in/in-en/india/sell-old-phone/xiaomi/xiaomi-mi-10i|Verified
Xiaomi|Mi 10i|128 GB / 8 GB RAM|128 GB|8 GB|₹9,900|India|Dofy.in|https://www.dofy.in/in-en/india/sell-old-phone/xiaomi/xiaomi-mi-10i|Verified
Xiaomi|Mi 10T|128 GB / 6 GB RAM|128 GB|6 GB|₹9,620|India|Dofy.in|https://www.dofy.in/in-en/india/sell-old-phone/xiaomi/xiaomi-mi-10t|Verified
Xiaomi|Mi 10T|128 GB / 8 GB RAM|128 GB|8 GB|₹9,810|India|Dofy.in|https://www.dofy.in/in-en/india/sell-old-phone/xiaomi/xiaomi-mi-10t|Verified
Xiaomi|Mi 10T Pro|128 GB / 8 GB RAM|128 GB|8 GB|₹10,300|India|Dofy.in|https://www.dofy.in/in-en/india/sell-old-phone/xiaomi/xiaomi-mi-10t-pro|Single configuration listed
Xiaomi|Mi 11 Lite|128 GB / 6 GB RAM|128 GB|6 GB|₹7,190|India|Dofy.in|https://www.dofy.in/in-en/india/sell-old-phone/xiaomi/xiaomi-mi-11-lite|Verified
Xiaomi|Mi 11 Lite|128 GB / 8 GB RAM|128 GB|8 GB|₹7,540|India|Dofy.in|https://www.dofy.in/in-en/india/sell-old-phone/xiaomi/xiaomi-mi-11-lite|Verified
Xiaomi|Mi 11 Ultra|256 GB / 12 GB RAM|256 GB|12 GB|₹15,000|India|Dofy.in|https://www.dofy.in/in-en/india/sell-old-phone/xiaomi/xiaomi-mi-11-ultra|Single configuration listed
Xiaomi|Mi 11i 5G|128 GB / 6 GB RAM|128 GB|6 GB|₹8,960|India|Dofy.in|https://www.dofy.in/in-en/india/sell-old-phone/xiaomi/xiaomi-mi-11i-5g|Verified
Xiaomi|Mi 11i 5G|128 GB / 8 GB RAM|128 GB|8 GB|₹9,450|India|Dofy.in|https://www.dofy.in/in-en/india/sell-old-phone/xiaomi/xiaomi-mi-11i-5g|Verified
Xiaomi|Mi 11i HyperCharge 5G|128 GB / 6 GB RAM|128 GB|6 GB|₹9,260|India|Dofy.in|https://www.dofy.in/in-en/india/sell-old-phone/xiaomi/xiaomi-mi-11i-hypercharge-5g|Verified
Xiaomi|Mi 11i HyperCharge 5G|128 GB / 8 GB RAM|128 GB|8 GB|₹10,140|India|Dofy.in|https://www.dofy.in/in-en/india/sell-old-phone/xiaomi/xiaomi-mi-11i-hypercharge-5g|Verified
Xiaomi|Mi 11T Pro 5G|128 GB / 8 GB RAM|128 GB|8 GB|₹8,350|India|Dofy.in|https://www.dofy.in/in-en/india/sell-old-phone/xiaomi/xiaomi-mi-11t-pro-5g|Verified
Xiaomi|Mi 11T Pro 5G|256 GB / 8 GB RAM|256 GB|8 GB|₹8,470|India|Dofy.in|https://www.dofy.in/in-en/india/sell-old-phone/xiaomi/xiaomi-mi-11t-pro-5g|Verified
Xiaomi|Mi 11T Pro 5G|256 GB / 12 GB RAM|256 GB|12 GB|₹9,040|India|Dofy.in|https://www.dofy.in/in-en/india/sell-old-phone/xiaomi/xiaomi-mi-11t-pro-5g|Verified
Xiaomi|Mi 11X|128 GB / 6 GB RAM|128 GB|6 GB|₹9,750|India|Dofy.in|https://www.dofy.in/in-en/india/sell-old-phone/xiaomi/xiaomi-mi-11x|Verified
Xiaomi|Mi 11X|128 GB / 8 GB RAM|128 GB|8 GB|₹10,040|India|Dofy.in|https://www.dofy.in/in-en/india/sell-old-phone/xiaomi/xiaomi-mi-11x|Verified
Xiaomi|Mi 11X Pro|128 GB|128 GB|—|₹10,340|India|Dofy.in|https://www.dofy.in/in-en/india/sell-old-phone/xiaomi/xiaomi-mi-11x-pro|Verified
Xiaomi|Mi 11X Pro|256 GB|256 GB|—|₹10,500|India|Dofy.in|https://www.dofy.in/in-en/india/sell-old-phone/xiaomi/xiaomi-mi-11x-pro|Verified
Xiaomi|Mi 12 Pro 5G|256 GB / 12 GB RAM|256 GB|12 GB|₹16,450|India|Dofy.in|https://www.dofy.in/in-en/india/sell-old-phone/xiaomi/xiaomi-mi-12-pro-5g|Verified
Xiaomi|Mi 12 Pro 5G|256 GB / 8 GB RAM|256 GB|8 GB|₹14,830|India|Dofy.in|https://www.dofy.in/in-en/india/sell-old-phone/xiaomi/xiaomi-mi-12-pro-5g|Verified
Xiaomi|Mi 13 Pro|256 GB / 12 GB RAM|256 GB|12 GB|₹24,970|India|Dofy.in|https://www.dofy.in/in-en/india/sell-old-phone/xiaomi/xiaomi-mi-13-pro|Single configuration listed
Xiaomi|Mi 14|512 GB / 12 GB RAM|512 GB|12 GB|₹26,390|India|Dofy.in|https://www.dofy.in/in-en/india/sell-old-phone/xiaomi/xiaomi-mi-14|Single configuration listed
Xiaomi|Mi 14 Ultra|512 GB / 16 GB RAM|512 GB|16 GB|₹37,270|India|Dofy.in|https://www.dofy.in/in-en/india/sell-old-phone/xiaomi/xiaomi-mi-14-ultra|Single configuration listed
Xiaomi|Mi Black Shark 2|128 GB / 6 GB RAM|128 GB|6 GB|₹8,440|India|Dofy.in|https://www.dofy.in/in-en/india/sell-old-phone/xiaomi/xiaomi-mi-black-shark-2|Verified
Xiaomi|Mi Black Shark 2|256 GB / 12 GB RAM|256 GB|12 GB|₹9,770|India|Dofy.in|https://www.dofy.in/in-en/india/sell-old-phone/xiaomi/xiaomi-mi-black-shark-2|Verified
